point_id,cluster_id,grade,city,lat,lon,cluster_lat,cluster_lon,n_farms,eq_sum,lift_all,lift_ci_low,lift_ci_high,lift_recent3,wind_source
ASOS-IK-0,IK-0,관찰,익산,35.94992975835912,127.03131064354427,35.9445687536808,127.07615457781635,188,221268.1,1.1980699472999794,1.0695926552614337,1.3225639369197224,0.9955360902888908,ASOS
ASOS-IK-1,IK-1,관찰,익산,36.06620646769494,126.99499176867288,36.096689050317465,127.02425914391635,94,348975.7,1.096345514950166,0.7274342760582805,1.4506121460926773,0.896551724137931,ASOS
ASOS-IK-2,IK-2,제외,익산,35.98390607768193,127.00841324961775,36.05667486080179,126.96478745544958,477,757450.7,0.33217686572672916,0.25896120476802775,0.39573517984165024,0.3820340733092411,ASOS
ASOS-IK-4,IK-4,관찰,익산,36.09031246386009,126.98472894649171,36.109381558635455,126.986168831933,7,13914.5,1.3437195715676726,0.921418294384374,1.7779319458209448,0.9146341463414633,ASOS
ASOS-IK-5,IK-5,제외,익산,36.00216534575713,127.00847378990294,36.02417491779461,127.00103285977042,12,20035.399999999998,0.45787113523719614,0.36658415097661956,0.5486933308460057,0.5038896746817539,ASOS
ASOS-IK-7,IK-7,관찰,익산,35.965036719673364,126.99050703782683,35.94767342984816,127.03164515338496,46,55250.5,1.1066156715238487,1.0179541043193294,1.2222556203956902,0.8705076213117046,ASOS
ASOS-IK-8,IK-8,관찰,익산,36.106126614958775,126.99787365392471,36.132179547522426,127.0053637281553,23,48960.79999999999,1.3780918727915195,0.8004407558887878,2.111480140705577,0.8391608391608393,ASOS
ASOS-IK-9,IK-9,제외,익산,36.08597709570447,126.95714869693249,36.115012090332065,126.91165748844064,118,73917.10000000002,0.9080525414049115,0.6717826167289801,1.0901140893255077,0.8643457382953181,ASOS
ASOS-IK-14,IK-14,제외,익산,35.974049411592276,127.01300267102536,35.98759383600065,126.9932616925231,10,14549.3,0.49979347377116895,0.4146134140620209,0.5911647941393546,0.5722639933166249,ASOS
ASOS-IK-18,IK-18,제외,익산,35.92787883519304,126.9010895025337,35.92068007949745,126.87654942533526,8,17069.0,0.30521320542146047,0.24251848054374034,0.3676746134737094,0.43786079947718115,ASOS
ASOS-YONGJI,YONGJI,주,김제,35.850007782023276,126.9820155552585,35.8365901,126.9844707,35,,2.043227278829373,1.8371176032119285,2.317888514492894,2.2404230620405006,ASOS
AWS-IK-0,IK-0,주,익산,35.95104026847338,127.0315317496597,35.9445687536808,127.07615457781635,188,221268.1,1.467142129393785,1.3217816978863146,1.6383490990321272,1.4343334972946382,AWS
AWS-IK-1,IK-1,관찰,익산,36.06906596107296,126.99099186441579,36.096689050317465,127.02425914391635,94,348975.7,1.0687499999999999,0.780165514873948,1.4193022226418592,0.9120000000000003,AWS
AWS-IK-2,IK-2,제외,익산,35.97924790370532,126.9939413368855,36.05667486080179,126.96478745544958,477,757450.7,0.34093073455653616,0.2757298978559318,0.40542997625593213,0.2771556550951848,AWS
AWS-IK-4,IK-4,관찰,익산,36.090287074234176,126.98538489132882,36.109381558635455,126.986168831933,7,13914.5,1.2143928035982008,0.9096283734322385,1.548307008001689,0.6509945750452081,AWS
AWS-IK-5,IK-5,제외,익산,36.00141684950532,127.00325155820818,36.02417491779461,127.00103285977042,12,20035.399999999998,0.4680670228266149,0.3992338745097113,0.5489613769875299,0.3691019786910198,AWS
AWS-IK-7,IK-7,주,익산,35.95749250601154,126.9869118997266,35.94767342984816,127.03164515338496,46,55250.5,1.2825027085590464,1.1365825413479411,1.4227051377727107,1.1609907120743035,AWS
AWS-IK-8,IK-8,주,익산,36.10625238083163,126.99724321447052,36.132179547522426,127.0053637281553,23,48960.79999999999,1.7900552486187842,1.354551120685482,2.31328149504916,1.0509554140127388,AWS
AWS-IK-9,IK-9,관찰,익산,36.08599260397666,126.9571635916863,36.115012090332065,126.91165748844064,118,73917.10000000002,1.0051107325383306,0.7691472026072785,1.303195509093412,1.1553273427471116,AWS
AWS-IK-14,IK-14,제외,익산,35.96658400826554,126.99209489198694,35.98759383600065,126.9932616925231,10,14549.3,0.5361179890192701,0.4647590310118094,0.6123814485051954,0.501746586217847,AWS
AWS-IK-18,IK-18,제외,익산,35.92938663205852,126.90034253412773,35.92068007949745,126.87654942533526,8,17069.0,0.4134980988593156,0.3235586169181308,0.48961007542175444,0.7712665406427222,AWS
AWS-YONGJI,YONGJI,주,김제,35.850107569726404,126.98306306886403,35.8365901,126.9844707,35,,1.7189425338859639,1.543074558806214,1.9102589163726866,1.9525193798449614,AWS
