k,event_id,t0,growth,intensity_mean,intensity_max,future_reports,input_reports
7,EV2-0001,2019-07-13 00:39:00,1,4.142857142857143,5.0,2,7
7,EV2-0002,2019-07-13 07:55:00,5,4.142857142857143,5.0,10,7
7,EV2-0003,2019-07-21 22:09:00,10,3.8,5.0,18,10
7,EV2-0004,2019-07-23 05:31:00,7,3.142857142857143,5.0,5,7
7,EV2-0005,2019-07-23 06:44:00,5,3.888888888888889,5.0,13,9
7,EV2-0006,2019-07-23 07:45:00,-3,3.6923076923076925,5.0,2,13
7,EV2-0007,2019-07-23 22:55:00,3,3.888888888888889,5.0,37,9
7,EV2-0008,2019-07-24 06:29:00,-1,3.857142857142857,5.0,4,7
7,EV2-0009,2019-07-24 07:54:00,-1,3.5714285714285716,5.0,7,7
7,EV2-0010,2019-07-24 15:34:00,3,3.2857142857142856,4.0,0,7
7,EV2-0011,2019-07-26 07:59:00,3,3.2857142857142856,4.0,6,7
7,EV2-0012,2019-07-26 22:35:00,1,3.5714285714285716,4.0,7,7
7,EV2-0013,2019-07-28 23:22:00,-3,3.4285714285714284,5.0,22,7
7,EV2-0014,2019-07-29 00:25:00,2,4.1875,5.0,6,16
7,EV2-0015,2019-07-29 20:56:00,8,4.0,5.0,11,8
7,EV2-0016,2019-07-29 21:56:00,-1,3.2857142857142856,5.0,2,7
7,EV2-0017,2019-07-30 00:46:00,-2,4.125,5.0,8,8
7,EV2-0018,2019-07-30 01:48:00,-5,3.8181818181818183,5.0,5,11
7,EV2-0019,2019-07-30 21:01:00,4,4.1,5.0,13,10
7,EV2-0020,2019-07-31 04:10:00,3,4.285714285714286,5.0,4,7
7,EV2-0021,2019-07-31 22:17:00,3,3.142857142857143,4.0,3,7
7,EV2-0022,2019-08-01 05:53:00,1,4.428571428571429,5.0,21,7
7,EV2-0023,2019-08-02 05:33:00,1,3.857142857142857,5.0,10,7
7,EV2-0024,2019-08-03 17:48:00,3,4.142857142857143,5.0,6,7
7,EV2-0025,2019-08-03 20:51:00,3,4.0,5.0,12,7
7,EV2-0026,2019-08-03 21:51:00,1,4.0344827586206895,5.0,18,29
7,EV2-0027,2019-08-03 22:52:00,-12,3.8636363636363638,5.0,10,22
7,EV2-0028,2019-08-03 23:57:00,2,3.9,5.0,19,10
7,EV2-0029,2019-08-07 04:19:00,0,4.125,5.0,8,8
7,EV2-0030,2019-08-07 07:41:00,3,3.142857142857143,4.0,2,7
7,EV2-0031,2019-08-08 16:38:00,5,3.7142857142857144,5.0,4,7
7,EV2-0032,2019-08-08 17:38:00,-2,3.5,4.0,6,8
7,EV2-0033,2019-08-08 22:11:00,0,3.5,5.0,5,8
7,EV2-0034,2019-08-08 23:12:00,3,4.461538461538462,5.0,5,13
7,EV2-0035,2019-08-09 20:05:00,5,3.4285714285714284,5.0,0,7
7,EV2-0036,2019-08-10 05:36:00,7,4.0,5.0,9,7
7,EV2-0037,2019-08-10 06:41:00,-1,4.0,5.0,7,7
7,EV2-0038,2019-08-10 21:53:00,4,3.8,5.0,4,10
7,EV2-0039,2019-08-14 04:06:00,1,4.428571428571429,5.0,4,7
7,EV2-0040,2019-08-18 23:45:00,-1,3.0,4.0,7,7
7,EV2-0041,2019-08-23 02:47:00,3,4.0,5.0,1,7
7,EV2-0042,2019-08-23 07:27:00,1,3.7142857142857144,4.0,16,7
7,EV2-0043,2019-08-23 22:49:00,-4,4.5,5.0,0,10
7,EV2-0044,2019-08-24 22:12:00,3,3.857142857142857,5.0,6,7
7,EV2-0045,2019-08-24 23:16:00,-6,3.9166666666666665,5.0,2,12
7,EV2-0046,2019-08-26 01:01:00,3,3.7777777777777777,5.0,7,9
7,EV2-0047,2019-08-28 22:33:00,7,4.222222222222222,5.0,44,9
7,EV2-0048,2019-08-28 23:34:00,0,4.0,5.0,11,10
7,EV2-0049,2019-08-29 23:10:00,7,3.5714285714285716,4.0,2,7
7,EV2-0050,2019-08-30 21:18:00,3,3.2857142857142856,5.0,49,7
7,EV2-0051,2019-08-31 21:56:00,3,3.7142857142857144,4.0,6,7
7,EV2-0052,2019-08-31 23:00:00,-5,4.133333333333334,5.0,4,15
7,EV2-0053,2019-09-03 21:35:00,6,3.375,4.0,12,8
7,EV2-0054,2019-09-04 18:12:00,-1,3.5555555555555554,5.0,4,9
7,EV2-0055,2019-09-04 19:12:00,-9,3.8181818181818183,5.0,3,11
7,EV2-0056,2019-09-04 23:26:00,-1,3.5714285714285716,5.0,0,7
7,EV2-0057,2019-09-05 09:00:00,8,3.875,5.0,4,8
7,EV2-0058,2019-09-08 00:35:00,4,4.125,5.0,2,8
7,EV2-0059,2019-09-10 19:50:00,8,3.625,5.0,2,8
7,EV2-0060,2019-09-16 23:24:00,3,3.7142857142857144,5.0,10,7
7,EV2-0061,2019-10-01 16:09:00,1,4.0,5.0,6,7
7,EV2-0062,2020-05-23 23:10:00,3,4.0,5.0,2,7
7,EV2-0063,2020-06-16 00:40:00,9,4.222222222222222,5.0,9,9
7,EV2-0064,2020-07-06 06:28:00,0,4.125,5.0,9,8
7,EV2-0065,2020-07-23 07:55:00,3,3.4285714285714284,5.0,3,7
7,EV2-0066,2020-07-26 22:28:00,3,3.857142857142857,5.0,2,7
7,EV2-0067,2020-08-01 20:24:00,8,3.625,4.0,17,8
7,EV2-0068,2020-08-01 21:25:00,3,3.8,5.0,15,15
7,EV2-0069,2020-08-01 22:47:00,5,3.5714285714285716,5.0,0,7
7,EV2-0070,2020-08-02 20:18:00,9,4.222222222222222,5.0,50,9
7,EV2-0071,2020-08-02 21:18:00,-4,4.09375,5.0,14,32
7,EV2-0072,2020-08-02 22:19:00,3,4.176470588235294,5.0,8,17
7,EV2-0073,2020-08-03 07:18:00,1,3.7142857142857144,5.0,2,7
7,EV2-0074,2020-08-03 21:37:00,1,3.2857142857142856,5.0,19,7
7,EV2-0075,2020-08-04 01:26:00,7,3.5714285714285716,4.0,12,7
7,EV2-0076,2020-08-04 19:14:00,5,3.5714285714285716,5.0,16,7
7,EV2-0077,2020-08-04 21:34:00,-1,4.142857142857143,5.0,7,7
7,EV2-0078,2020-08-04 22:34:00,4,4.125,5.0,4,8
7,EV2-0079,2020-08-06 22:23:00,1,3.142857142857143,4.0,18,7
7,EV2-0080,2020-08-08 21:56:00,3,3.857142857142857,4.0,12,7
7,EV2-0081,2020-08-09 19:15:00,8,3.6666666666666665,5.0,18,12
7,EV2-0082,2020-08-09 20:50:00,-4,4.5,5.0,9,8
7,EV2-0083,2020-08-09 21:57:00,1,3.8181818181818183,5.0,4,11
7,EV2-0084,2020-08-10 08:37:00,5,3.4285714285714284,5.0,0,7
7,EV2-0085,2020-08-10 19:04:00,8,3.5,5.0,14,8
7,EV2-0086,2020-08-12 23:36:00,1,4.714285714285714,5.0,19,7
7,EV2-0087,2020-08-13 00:36:00,-7,4.130434782608695,5.0,11,23
7,EV2-0088,2020-08-13 01:38:00,-2,4.4,5.0,0,10
7,EV2-0089,2020-08-14 02:38:00,5,3.4285714285714284,5.0,2,7
7,EV2-0090,2020-08-15 22:29:00,7,4.222222222222222,5.0,47,9
7,EV2-0091,2020-08-15 23:31:00,-6,3.6875,5.0,2,16
7,EV2-0092,2020-08-16 23:22:00,3,3.7142857142857144,5.0,14,7
7,EV2-0093,2020-08-17 00:26:00,1,3.857142857142857,5.0,6,7
7,EV2-0094,2020-08-17 05:01:00,6,4.2,5.0,7,10
7,EV2-0095,2020-08-17 07:47:00,3,4.142857142857143,5.0,0,7
7,EV2-0096,2020-08-19 02:19:00,-3,3.7142857142857144,4.0,4,7
7,EV2-0097,2020-08-19 05:52:00,1,4.285714285714286,5.0,6,7
7,EV2-0098,2020-08-19 06:52:00,-3,3.6666666666666665,5.0,4,9
7,EV2-0099,2020-08-20 00:57:00,1,3.4285714285714284,4.0,24,7
7,EV2-0100,2020-08-22 20:28:00,3,4.142857142857143,5.0,2,7
7,EV2-0101,2020-08-22 22:39:00,3,3.857142857142857,5.0,3,7
7,EV2-0102,2020-08-25 00:35:00,7,4.0,5.0,10,7
7,EV2-0103,2020-08-28 16:46:00,7,3.142857142857143,4.0,2,7
7,EV2-0104,2020-08-29 16:37:00,5,3.4285714285714284,5.0,6,7
7,EV2-0105,2020-08-30 05:39:00,1,4.142857142857143,5.0,1,7
7,EV2-0106,2020-08-31 01:20:00,5,3.5714285714285716,5.0,10,7
7,EV2-0107,2020-08-31 02:20:00,3,4.230769230769231,5.0,8,13
7,EV2-0108,2020-09-03 20:39:00,5,4.142857142857143,5.0,11,7
7,EV2-0109,2020-09-03 22:57:00,1,4.142857142857143,5.0,8,7
7,EV2-0110,2020-09-04 21:28:00,-1,3.4285714285714284,5.0,12,7
7,EV2-0111,2020-09-11 10:02:00,6,3.25,4.0,9,8
7,EV2-0112,2020-09-14 23:36:00,5,4.857142857142857,5.0,0,7
7,EV2-0113,2020-09-17 08:01:00,-1,3.857142857142857,5.0,4,7
7,EV2-0114,2020-09-18 21:06:00,8,3.5,5.0,28,8
7,EV2-0115,2020-09-18 22:09:00,3,4.0,5.0,4,7
7,EV2-0116,2020-09-19 21:50:00,1,4.0,5.0,3,7
7,EV2-0117,2020-09-19 22:56:00,-5,4.0,5.0,3,9
7,EV2-0118,2020-10-01 21:06:00,4,3.5,4.0,27,8
7,EV2-0119,2020-10-01 23:57:00,7,4.0,4.0,16,7
7,EV2-0120,2020-10-02 22:45:00,3,4.142857142857143,5.0,3,7
7,EV2-0121,2021-06-02 22:29:00,7,3.5714285714285716,4.0,7,7
7,EV2-0122,2021-06-06 18:25:00,1,3.4285714285714284,5.0,11,7
7,EV2-0123,2021-06-09 19:17:00,3,4.428571428571429,5.0,7,7
7,EV2-0124,2021-06-09 20:28:00,5,4.428571428571429,5.0,9,7
7,EV2-0125,2021-06-09 22:36:00,3,4.714285714285714,5.0,2,7
7,EV2-0126,2021-06-10 17:33:00,-1,4.428571428571429,5.0,3,7
7,EV2-0127,2021-06-14 22:07:00,3,4.857142857142857,5.0,1,7
7,EV2-0128,2021-06-17 08:24:00,7,4.285714285714286,5.0,0,7
7,EV2-0129,2021-06-28 22:36:00,2,4.125,5.0,14,8
7,EV2-0130,2021-07-07 23:08:00,5,3.857142857142857,5.0,37,7
7,EV2-0131,2021-07-08 00:08:00,1,4.230769230769231,5.0,6,13
7,EV2-0132,2021-07-11 20:45:00,2,4.25,5.0,0,8
7,EV2-0133,2021-07-13 19:30:00,5,3.4285714285714284,5.0,5,7
7,EV2-0134,2021-07-14 20:25:00,3,4.142857142857143,5.0,13,7
7,EV2-0135,2021-07-14 21:25:00,-18,4.222222222222222,5.0,14,36
7,EV2-0136,2021-07-14 22:29:00,1,4.142857142857143,5.0,9,7
7,EV2-0137,2021-07-14 23:30:00,6,4.1,5.0,13,10
7,EV2-0138,2021-07-20 21:34:00,5,4.111111111111111,5.0,9,9
7,EV2-0139,2021-07-20 22:42:00,1,4.142857142857143,5.0,11,7
7,EV2-0140,2021-07-20 23:50:00,-7,4.6,5.0,5,15
7,EV2-0141,2021-07-23 23:04:00,1,4.428571428571429,5.0,3,7
7,EV2-0142,2021-07-25 00:03:00,3,4.0,5.0,2,7
7,EV2-0143,2021-07-25 21:01:00,7,4.142857142857143,5.0,7,7
7,EV2-0144,2021-07-26 20:44:00,5,3.5714285714285716,5.0,6,7
7,EV2-0145,2021-08-01 18:54:00,5,4.142857142857143,5.0,0,7
7,EV2-0146,2021-08-02 17:50:00,6,3.625,5.0,0,8
7,EV2-0147,2021-08-04 23:17:00,5,4.2727272727272725,5.0,13,11
7,EV2-0148,2021-08-05 00:21:00,4,4.333333333333333,5.0,14,12
7,EV2-0149,2021-08-05 23:18:00,6,3.875,5.0,6,8
7,EV2-0150,2021-08-12 21:07:00,6,3.25,5.0,3,8
7,EV2-0151,2021-08-14 22:05:00,8,3.875,5.0,8,8
7,EV2-0152,2021-08-15 21:05:00,1,3.857142857142857,5.0,1,7
7,EV2-0153,2021-08-15 22:18:00,3,3.857142857142857,4.0,7,7
7,EV2-0154,2021-08-19 20:51:00,8,4.0,5.0,4,8
7,EV2-0155,2021-08-20 20:03:00,1,4.714285714285714,5.0,3,7
7,EV2-0156,2021-08-31 20:55:00,5,4.0,5.0,11,7
7,EV2-0157,2021-08-31 22:19:00,5,4.285714285714286,5.0,14,7
7,EV2-0158,2021-09-13 00:10:00,-2,4.375,5.0,4,8
7,EV2-0159,2021-09-21 21:57:00,7,3.857142857142857,5.0,9,7
7,EV2-0160,2021-09-24 22:44:00,1,3.7142857142857144,5.0,5,7
7,EV2-0161,2021-09-26 15:22:00,12,4.833333333333333,5.0,5,12
7,EV2-0162,2021-09-28 21:05:00,1,4.571428571428571,5.0,7,7
7,EV2-0163,2021-10-02 22:41:00,8,4.5,5.0,2,8
7,EV2-0164,2021-10-03 20:23:00,1,4.285714285714286,5.0,9,7
7,EV2-0165,2021-10-04 23:35:00,-3,4.571428571428571,5.0,1,7
7,EV2-0166,2021-10-05 22:07:00,-1,3.857142857142857,5.0,3,7
7,EV2-0167,2021-10-07 23:21:00,5,3.857142857142857,5.0,0,7
7,EV2-0168,2021-10-13 20:06:00,1,4.0,5.0,2,7
7,EV2-0169,2022-06-25 21:18:00,6,4.125,5.0,9,8
7,EV2-0170,2022-06-26 22:52:00,5,3.857142857142857,5.0,4,7
7,EV2-0171,2022-06-29 21:09:00,-1,4.285714285714286,5.0,5,7
7,EV2-0172,2022-06-30 22:41:00,5,3.857142857142857,5.0,13,7
7,EV2-0173,2022-07-03 22:30:00,7,4.0,5.0,8,7
7,EV2-0174,2022-07-03 23:33:00,3,4.571428571428571,5.0,1,7
7,EV2-0175,2022-07-04 22:39:00,1,4.0,5.0,12,7
7,EV2-0176,2022-07-13 21:14:00,5,4.666666666666667,5.0,16,9
7,EV2-0177,2022-07-13 23:42:00,4,3.75,5.0,10,8
7,EV2-0178,2022-07-16 23:53:00,3,4.0,5.0,6,7
7,EV2-0179,2022-07-17 22:52:00,7,3.7142857142857144,5.0,3,7
7,EV2-0180,2022-07-20 00:25:00,6,4.25,5.0,5,8
7,EV2-0181,2022-07-23 00:59:00,2,3.875,5.0,8,8
7,EV2-0182,2022-07-26 00:31:00,1,4.142857142857143,5.0,8,7
7,EV2-0183,2022-07-27 20:31:00,5,4.142857142857143,5.0,6,7
7,EV2-0184,2022-08-01 21:36:00,5,4.571428571428571,5.0,4,7
7,EV2-0185,2022-08-14 22:22:00,5,3.857142857142857,5.0,8,7
7,EV2-0186,2022-08-14 23:28:00,1,3.727272727272727,5.0,3,11
7,EV2-0187,2022-08-18 23:09:00,7,3.888888888888889,5.0,9,9
7,EV2-0188,2022-08-27 01:17:00,1,3.857142857142857,5.0,1,7
7,EV2-0189,2022-09-02 21:19:00,-2,4.9,5.0,0,10
7,EV2-0190,2022-09-06 22:34:00,6,4.375,5.0,8,8
7,EV2-0191,2022-10-02 20:37:00,3,4.142857142857143,5.0,2,7
7,EV2-0192,2023-07-05 22:07:00,6,4.125,5.0,9,8
7,EV2-0193,2023-07-13 21:30:00,3,3.4285714285714284,4.0,2,7
7,EV2-0194,2023-08-21 19:32:00,7,3.857142857142857,5.0,0,7
7,EV2-0195,2023-09-12 00:04:00,-3,4.0,5.0,2,7
7,EV2-0196,2023-09-17 23:44:00,3,3.5714285714285716,5.0,0,7
7,EV2-0197,2023-09-20 00:11:00,5,3.7142857142857144,4.0,7,7
7,EV2-0198,2024-07-04 19:39:00,2,4.125,5.0,3,8
7,EV2-0199,2024-07-17 21:31:00,5,4.571428571428571,5.0,19,7
7,EV2-0200,2024-07-17 22:33:00,4,4.25,5.0,5,8
7,EV2-0201,2024-07-22 20:42:00,2,4.0,5.0,2,8
7,EV2-0202,2024-07-28 22:14:00,-1,4.333333333333333,5.0,6,9
7,EV2-0203,2024-07-28 23:16:00,4,4.625,5.0,4,8
7,EV2-0204,2024-08-20 21:30:00,5,5.0,5.0,5,7
7,EV2-0205,2024-08-31 20:14:00,5,4.0,5.0,1,7
7,EV2-0206,2024-09-02 01:44:00,5,4.285714285714286,5.0,5,7
7,EV2-0207,2024-09-03 19:58:00,7,4.0,5.0,5,7
7,EV2-0208,2024-09-05 01:00:00,7,4.857142857142857,5.0,12,7
7,EV2-0209,2024-09-07 23:18:00,8,4.5,5.0,4,8
7,EV2-0210,2024-09-09 00:35:00,7,4.142857142857143,5.0,5,7
7,EV2-0211,2024-09-13 23:59:00,5,4.428571428571429,5.0,7,7
7,EV2-0212,2024-10-01 21:00:00,6,5.0,5.0,5,8
7,EV2-0213,2025-06-06 21:11:00,7,4.571428571428571,5.0,13,7
7,EV2-0214,2025-08-08 22:52:00,4,4.0,4.0,15,8
7,EV2-0215,2025-08-08 23:53:00,-5,4.0,5.0,0,9
7,EV2-0216,2025-08-28 21:48:00,2,4.625,5.0,3,8
7,EV2-0217,2025-09-05 20:49:00,6,4.25,5.0,6,8
7,EV2-0218,2025-09-14 00:29:00,5,4.571428571428571,5.0,1,7
7,EV2-0219,2025-09-14 23:46:00,2,4.0,5.0,6,8
7,EV2-0220,2025-10-10 22:34:00,1,4.285714285714286,5.0,1,7
7,EV2-0221,2025-10-12 22:39:00,7,4.142857142857143,5.0,1,7
7,EV2-0222,2026-07-10 22:52:00,-2,4.25,5.0,2,8
5,EV2-0001,2019-06-20 09:24:00,4,4.166666666666667,5.0,2,6
5,EV2-0002,2019-06-25 23:05:00,-1,4.2,5.0,0,5
5,EV2-0003,2019-07-06 19:17:00,5,4.0,5.0,1,5
5,EV2-0004,2019-07-13 00:22:00,1,4.4,5.0,6,5
5,EV2-0005,2019-07-13 07:54:00,3,3.8,4.0,11,5
5,EV2-0006,2019-07-15 20:03:00,1,3.2,4.0,4,5
5,EV2-0007,2019-07-18 23:39:00,3,3.6,4.0,3,5
5,EV2-0008,2019-07-19 18:20:00,3,3.4,4.0,0,5
5,EV2-0009,2019-07-21 22:07:00,5,3.6,4.0,23,5
5,EV2-0010,2019-07-23 05:27:00,5,3.4,5.0,7,5
5,EV2-0011,2019-07-23 06:32:00,6,3.8333333333333335,4.0,8,6
5,EV2-0012,2019-07-23 07:32:00,0,3.7777777777777777,5.0,3,18
5,EV2-0013,2019-07-23 22:48:00,-4,3.6666666666666665,5.0,34,6
5,EV2-0014,2019-07-23 23:51:00,-15,4.304347826086956,5.0,2,23
5,EV2-0015,2019-07-24 06:20:00,1,3.8,5.0,4,5
5,EV2-0016,2019-07-24 07:47:00,3,3.4,5.0,9,5
5,EV2-0017,2019-07-24 15:26:00,5,3.4,4.0,2,5
5,EV2-0018,2019-07-24 20:17:00,-1,3.8,5.0,2,5
5,EV2-0019,2019-07-25 08:12:00,3,4.2,5.0,0,5
5,EV2-0020,2019-07-26 05:57:00,-1,4.0,5.0,3,5
5,EV2-0021,2019-07-26 07:45:00,3,3.2,4.0,9,5
5,EV2-0022,2019-07-26 22:31:00,-1,3.4,4.0,9,5
5,EV2-0023,2019-07-27 23:11:00,1,4.2,5.0,1,5
5,EV2-0024,2019-07-28 23:01:00,5,3.2,5.0,12,5
5,EV2-0025,2019-07-29 00:03:00,-2,3.875,5.0,16,16
5,EV2-0026,2019-07-29 01:04:00,0,4.0,5.0,1,6
5,EV2-0027,2019-07-29 20:54:00,5,4.0,5.0,14,5
5,EV2-0028,2019-07-29 21:56:00,-1,3.2857142857142856,5.0,2,7
5,EV2-0029,2019-07-30 00:24:00,3,4.2,5.0,9,5
5,EV2-0030,2019-07-30 01:24:00,-2,4.166666666666667,5.0,9,6
5,EV2-0031,2019-07-30 02:27:00,-1,3.857142857142857,4.0,1,7
5,EV2-0032,2019-07-30 08:29:00,-1,3.8,5.0,3,5
5,EV2-0033,2019-07-30 20:49:00,4,4.166666666666667,5.0,15,6
5,EV2-0034,2019-07-31 04:04:00,1,4.2,5.0,5,5
5,EV2-0035,2019-07-31 06:57:00,-1,4.0,5.0,2,5
5,EV2-0036,2019-07-31 22:10:00,6,3.1666666666666665,4.0,4,6
5,EV2-0037,2019-08-01 05:46:00,1,4.6,5.0,21,5
5,EV2-0038,2019-08-01 06:56:00,-1,4.0,5.0,2,5
5,EV2-0039,2019-08-02 05:23:00,5,3.6,5.0,10,5
5,EV2-0040,2019-08-02 06:28:00,1,4.2,5.0,4,5
5,EV2-0041,2019-08-03 17:39:00,3,4.0,5.0,6,5
5,EV2-0042,2019-08-03 20:46:00,1,3.8,5.0,9,5
5,EV2-0043,2019-08-03 21:46:00,-9,4.111111111111111,5.0,23,27
5,EV2-0044,2019-08-03 22:48:00,-9,3.9130434782608696,5.0,10,23
5,EV2-0045,2019-08-03 23:51:00,-6,3.9166666666666665,5.0,16,12
5,EV2-0046,2019-08-04 00:51:00,-8,4.714285714285714,5.0,4,14
5,EV2-0047,2019-08-07 03:55:00,3,3.4,5.0,7,5
5,EV2-0048,2019-08-07 04:56:00,-4,4.0,5.0,4,8
5,EV2-0049,2019-08-07 07:34:00,3,3.2,4.0,4,5
5,EV2-0050,2019-08-08 08:40:00,1,3.6,4.0,2,5
5,EV2-0051,2019-08-08 14:47:00,5,3.4,5.0,1,5
5,EV2-0052,2019-08-08 16:31:00,5,4.2,5.0,5,5
5,EV2-0053,2019-08-08 17:37:00,-4,3.625,4.0,5,8
5,EV2-0054,2019-08-08 22:06:00,3,3.4285714285714284,5.0,6,7
5,EV2-0055,2019-08-08 23:06:00,5,4.777777777777778,5.0,9,9
5,EV2-0056,2019-08-09 19:58:00,5,3.2,5.0,2,5
5,EV2-0057,2019-08-10 05:34:00,5,4.0,5.0,10,5
5,EV2-0058,2019-08-10 06:40:00,0,3.8333333333333335,5.0,8,6
5,EV2-0059,2019-08-10 21:36:00,1,4.2,5.0,11,5
5,EV2-0060,2019-08-12 19:07:00,5,3.6,5.0,1,5
5,EV2-0061,2019-08-13 00:12:00,4,3.5,5.0,5,6
5,EV2-0062,2019-08-13 06:59:00,3,3.4,4.0,0,5
5,EV2-0063,2019-08-14 04:00:00,2,4.333333333333333,5.0,3,6
5,EV2-0064,2019-08-14 06:21:00,-1,3.6,5.0,2,5
5,EV2-0065,2019-08-17 22:43:00,-1,3.6,5.0,2,5
5,EV2-0066,2019-08-18 23:30:00,3,3.4,4.0,4,5
5,EV2-0067,2019-08-19 00:36:00,-4,4.333333333333333,5.0,1,6
5,EV2-0068,2019-08-20 20:21:00,5,3.6,4.0,1,5
5,EV2-0069,2019-08-23 02:39:00,5,3.8,5.0,2,5
5,EV2-0070,2019-08-23 07:02:00,1,3.6,4.0,5,5
5,EV2-0071,2019-08-23 22:24:00,1,4.4,5.0,7,5
5,EV2-0072,2019-08-24 22:08:00,1,3.6,4.0,8,5
5,EV2-0073,2019-08-24 23:16:00,-6,3.9166666666666665,5.0,2,12
5,EV2-0074,2019-08-25 01:37:00,3,4.0,4.0,0,5
5,EV2-0075,2019-08-26 00:54:00,-3,3.2,4.0,12,5
5,EV2-0076,2019-08-26 01:56:00,3,4.4,5.0,3,5
5,EV2-0077,2019-08-27 00:36:00,2,4.0,5.0,2,6
5,EV2-0078,2019-08-28 22:33:00,7,4.222222222222222,5.0,44,9
5,EV2-0079,2019-08-28 23:34:00,0,4.0,5.0,11,10
5,EV2-0080,2019-08-29 23:08:00,5,3.6,4.0,4,5
5,EV2-0081,2019-08-30 21:18:00,3,3.2857142857142856,5.0,49,7
5,EV2-0082,2019-08-31 21:46:00,5,3.8,4.0,7,5
5,EV2-0083,2019-08-31 22:50:00,2,4.166666666666667,5.0,8,12
5,EV2-0084,2019-09-02 00:20:00,3,3.8,5.0,3,5
5,EV2-0085,2019-09-02 17:07:00,5,4.4,5.0,1,5
5,EV2-0086,2019-09-03 21:35:00,6,3.375,4.0,12,8
5,EV2-0087,2019-09-04 17:19:00,-1,3.2,4.0,1,5
5,EV2-0088,2019-09-04 18:25:00,-2,4.0,5.0,11,8
5,EV2-0089,2019-09-04 22:39:00,3,4.2,5.0,4,5
5,EV2-0090,2019-09-05 08:59:00,6,4.0,5.0,6,6
5,EV2-0091,2019-09-07 20:10:00,3,4.2,5.0,3,5
5,EV2-0092,2019-09-08 00:23:00,2,4.166666666666667,5.0,3,6
5,EV2-0093,2019-09-08 01:26:00,1,3.8,4.0,2,5
5,EV2-0094,2019-09-08 05:56:00,1,3.0,4.0,3,5
5,EV2-0095,2019-09-09 23:24:00,1,4.2,5.0,1,5
5,EV2-0096,2019-09-10 19:49:00,7,3.7142857142857144,5.0,3,7
5,EV2-0097,2019-09-16 23:13:00,1,3.6,5.0,8,5
5,EV2-0098,2019-09-17 00:23:00,-2,4.0,4.0,0,6
5,EV2-0099,2019-09-17 21:33:00,6,4.0,5.0,0,6
5,EV2-0100,2019-09-18 18:53:00,1,4.4,5.0,0,5
5,EV2-0101,2019-09-20 19:38:00,1,4.8,5.0,3,5
5,EV2-0102,2019-09-23 22:04:00,2,4.833333333333333,5.0,1,6
5,EV2-0103,2019-09-24 23:07:00,1,4.0,5.0,0,5
5,EV2-0104,2019-10-01 15:59:00,5,3.8,5.0,8,5
5,EV2-0105,2020-05-23 23:00:00,5,4.0,5.0,4,5
5,EV2-0106,2020-06-10 20:49:00,1,3.4,4.0,0,5
5,EV2-0107,2020-06-16 00:39:00,6,4.0,5.0,12,6
5,EV2-0108,2020-06-23 21:34:00,3,4.2,5.0,1,5
5,EV2-0109,2020-07-06 06:11:00,3,4.2,5.0,10,5
5,EV2-0110,2020-07-06 07:39:00,5,4.2,5.0,1,5
5,EV2-0111,2020-07-09 18:39:00,-1,3.2,4.0,3,5
5,EV2-0112,2020-07-18 07:54:00,3,3.2,4.0,1,5
5,EV2-0113,2020-07-18 20:39:00,1,3.8,5.0,3,5
5,EV2-0114,2020-07-23 07:48:00,3,3.4,5.0,5,5
5,EV2-0115,2020-07-26 22:15:00,3,3.8,5.0,5,5
5,EV2-0116,2020-07-26 23:16:00,5,3.857142857142857,5.0,1,7
5,EV2-0117,2020-08-01 20:23:00,7,3.5714285714285716,4.0,18,7
5,EV2-0118,2020-08-01 21:25:00,3,3.8,5.0,15,15
5,EV2-0119,2020-08-01 22:26:00,-1,4.0,5.0,6,5
5,EV2-0120,2020-08-02 20:16:00,6,4.333333333333333,5.0,51,6
5,EV2-0121,2020-08-02 21:16:00,-1,4.090909090909091,5.0,14,33
5,EV2-0122,2020-08-02 22:16:00,6,4.1875,5.0,10,16
5,EV2-0123,2020-08-02 23:19:00,3,4.2,5.0,1,5
5,EV2-0124,2020-08-03 07:15:00,-1,3.4,5.0,4,5
5,EV2-0125,2020-08-03 21:14:00,-1,2.6,3.0,11,5
5,EV2-0126,2020-08-03 22:18:00,-2,3.4166666666666665,5.0,4,12
5,EV2-0127,2020-08-04 01:26:00,7,3.5714285714285716,4.0,12,7
5,EV2-0128,2020-08-04 07:46:00,1,3.4,5.0,3,5
5,EV2-0129,2020-08-04 19:11:00,5,3.8,5.0,17,5
5,EV2-0130,2020-08-04 20:45:00,1,4.0,5.0,5,5
5,EV2-0131,2020-08-04 21:46:00,1,4.222222222222222,5.0,4,9
5,EV2-0132,2020-08-04 22:52:00,-2,4.166666666666667,5.0,4,6
5,EV2-0133,2020-08-05 08:52:00,4,3.3333333333333335,5.0,1,6
5,EV2-0134,2020-08-05 21:11:00,3,3.6,5.0,3,5
5,EV2-0135,2020-08-06 22:19:00,1,3.2,4.0,16,5
5,EV2-0136,2020-08-08 21:49:00,-1,3.8,4.0,15,5
5,EV2-0137,2020-08-08 23:32:00,6,4.0,5.0,2,6
5,EV2-0138,2020-08-09 19:10:00,6,3.5,4.0,21,8
5,EV2-0139,2020-08-09 20:22:00,-4,3.8333333333333335,5.0,7,6
5,EV2-0140,2020-08-09 21:22:00,-4,4.3,5.0,11,10
5,EV2-0141,2020-08-09 22:28:00,-1,3.2,4.0,1,5
5,EV2-0142,2020-08-10 00:05:00,1,3.8,5.0,4,5
5,EV2-0143,2020-08-10 08:30:00,4,3.5,5.0,2,6
5,EV2-0144,2020-08-10 15:42:00,3,3.8,5.0,3,5
5,EV2-0145,2020-08-10 18:02:00,1,3.6,4.0,2,5
5,EV2-0146,2020-08-10 19:04:00,8,3.5,5.0,14,8
5,EV2-0147,2020-08-12 23:12:00,3,4.2,5.0,8,5
5,EV2-0148,2020-08-13 00:12:00,12,4.25,5.0,15,24
5,EV2-0149,2020-08-13 01:17:00,-2,4.6,5.0,7,10
5,EV2-0150,2020-08-14 02:33:00,3,3.2,4.0,4,5
5,EV2-0151,2020-08-14 05:54:00,3,3.4,4.0,1,5
5,EV2-0152,2020-08-15 22:23:00,5,4.0,5.0,44,7
5,EV2-0153,2020-08-15 23:24:00,-2,3.6666666666666665,5.0,4,18
5,EV2-0154,2020-08-16 03:46:00,-1,4.2,5.0,1,5
5,EV2-0155,2020-08-16 23:16:00,1,3.8,4.0,15,5
5,EV2-0156,2020-08-17 00:17:00,-1,3.5714285714285716,4.0,6,7
5,EV2-0157,2020-08-17 04:53:00,7,4.285714285714286,5.0,8,7
5,EV2-0158,2020-08-17 07:37:00,1,3.8,5.0,4,5
5,EV2-0159,2020-08-18 03:31:00,-1,3.8,5.0,1,5
5,EV2-0160,2020-08-19 02:04:00,5,3.8,4.0,4,5
5,EV2-0161,2020-08-19 05:29:00,-1,4.0,5.0,8,5
5,EV2-0162,2020-08-19 06:29:00,0,3.5,5.0,7,6
5,EV2-0163,2020-08-20 00:55:00,1,3.2,4.0,23,5
5,EV2-0164,2020-08-22 19:57:00,-1,4.2,5.0,6,5
5,EV2-0165,2020-08-22 21:48:00,1,3.2,4.0,4,5
5,EV2-0166,2020-08-22 23:03:00,-4,3.6666666666666665,5.0,0,6
5,EV2-0167,2020-08-24 06:09:00,5,4.4,5.0,2,5
5,EV2-0168,2020-08-25 00:27:00,3,3.6,4.0,12,5
5,EV2-0169,2020-08-28 16:45:00,5,3.4,4.0,4,5
5,EV2-0170,2020-08-29 16:31:00,5,3.4,5.0,8,5
5,EV2-0171,2020-08-30 05:35:00,3,4.4,5.0,3,5
5,EV2-0172,2020-08-31 01:20:00,5,3.5714285714285716,5.0,10,7
5,EV2-0173,2020-08-31 02:20:00,3,4.230769230769231,5.0,8,13
5,EV2-0174,2020-09-03 20:38:00,3,4.0,5.0,13,5
5,EV2-0175,2020-09-03 22:56:00,-1,4.4,5.0,10,5
5,EV2-0176,2020-09-04 21:14:00,5,3.2,4.0,8,5
5,EV2-0177,2020-09-04 22:20:00,-3,3.6923076923076925,5.0,2,13
5,EV2-0178,2020-09-11 09:57:00,5,3.0,4.0,12,5
5,EV2-0179,2020-09-14 00:08:00,1,3.6,5.0,4,5
5,EV2-0180,2020-09-14 23:32:00,5,4.8,5.0,2,5
5,EV2-0181,2020-09-15 00:41:00,-1,3.2,4.0,1,5
5,EV2-0182,2020-09-17 07:51:00,1,4.0,5.0,6,5
5,EV2-0183,2020-09-18 21:04:00,5,3.4,5.0,30,5
5,EV2-0184,2020-09-18 22:04:00,1,4.285714285714286,5.0,6,7
5,EV2-0185,2020-09-19 21:45:00,1,4.2,5.0,5,5
5,EV2-0186,2020-09-19 22:56:00,-5,4.0,5.0,3,9
5,EV2-0187,2020-09-20 22:42:00,-3,3.8,4.0,1,5
5,EV2-0188,2020-09-21 21:39:00,3,4.4,5.0,4,5
5,EV2-0189,2020-10-01 20:34:00,4,4.5,5.0,6,6
5,EV2-0190,2020-10-01 21:34:00,2,3.8846153846153846,5.0,3,26
5,EV2-0191,2020-10-01 23:52:00,3,4.0,4.0,19,5
5,EV2-0192,2020-10-02 22:42:00,1,4.4,5.0,5,5
5,EV2-0193,2020-10-13 22:50:00,3,4.6,5.0,1,5
5,EV2-0194,2021-04-02 22:30:00,1,3.6,5.0,2,5
5,EV2-0195,2021-06-02 22:22:00,5,3.6,4.0,9,5
5,EV2-0196,2021-06-06 18:15:00,5,3.2,4.0,7,5
5,EV2-0197,2021-06-06 19:17:00,-8,4.0,5.0,3,12
5,EV2-0198,2021-06-07 19:03:00,5,4.2,5.0,2,5
5,EV2-0199,2021-06-09 19:05:00,3,3.6,5.0,8,5
5,EV2-0200,2021-06-09 20:27:00,4,4.333333333333333,5.0,10,6
5,EV2-0201,2021-06-09 22:29:00,1,4.8,5.0,4,5
5,EV2-0202,2021-06-09 23:29:00,1,3.7777777777777777,5.0,3,9
5,EV2-0203,2021-06-10 13:11:00,5,4.6,5.0,1,5
5,EV2-0204,2021-06-10 17:06:00,1,4.4,5.0,6,5
5,EV2-0205,2021-06-14 22:02:00,3,5.0,5.0,3,5
5,EV2-0206,2021-06-17 08:21:00,5,4.2,5.0,2,5
5,EV2-0207,2021-06-22 01:19:00,1,4.0,5.0,2,5
5,EV2-0208,2021-06-28 22:22:00,3,3.8,5.0,12,5
5,EV2-0209,2021-07-07 23:03:00,5,3.8,5.0,29,5
5,EV2-0210,2021-07-08 00:03:00,-6,4.25,5.0,9,20
5,EV2-0211,2021-07-10 01:15:00,3,3.0,4.0,1,5
5,EV2-0212,2021-07-10 22:45:00,1,3.6,5.0,0,5
5,EV2-0213,2021-07-11 20:36:00,-1,4.2,5.0,4,5
5,EV2-0214,2021-07-12 22:36:00,1,4.0,5.0,1,5
5,EV2-0215,2021-07-12 23:39:00,3,4.8,5.0,1,5
5,EV2-0216,2021-07-13 19:27:00,3,3.0,4.0,7,5
5,EV2-0217,2021-07-14 19:28:00,3,4.2,5.0,1,5
5,EV2-0218,2021-07-14 20:32:00,3,4.0,5.0,23,9
5,EV2-0219,2021-07-14 21:35:00,-4,4.045454545454546,5.0,12,22
5,EV2-0220,2021-07-14 22:39:00,0,4.25,5.0,8,8
5,EV2-0221,2021-07-14 23:39:00,2,4.214285714285714,5.0,8,14
5,EV2-0222,2021-07-15 22:57:00,3,3.4,4.0,0,5
5,EV2-0223,2021-07-16 05:38:00,-1,3.8,4.0,2,5
5,EV2-0224,2021-07-16 18:14:00,3,3.4,4.0,1,5
5,EV2-0225,2021-07-16 19:41:00,-1,4.0,5.0,0,5
5,EV2-0226,2021-07-20 21:25:00,2,3.5,5.0,12,6
5,EV2-0227,2021-07-20 22:31:00,2,4.0,5.0,4,6
5,EV2-0228,2021-07-20 23:32:00,1,4.619047619047619,5.0,7,21
5,EV2-0229,2021-07-23 22:43:00,2,4.166666666666667,5.0,5,6
5,EV2-0230,2021-07-24 23:54:00,1,4.0,5.0,5,5
5,EV2-0231,2021-07-25 20:59:00,5,3.8,5.0,9,5
5,EV2-0232,2021-07-25 22:01:00,0,4.166666666666667,5.0,5,6
5,EV2-0233,2021-07-26 20:42:00,5,3.4,4.0,8,5
5,EV2-0234,2021-07-26 21:59:00,-1,4.2,5.0,1,5
5,EV2-0235,2021-07-26 23:37:00,3,4.6,5.0,0,5
5,EV2-0236,2021-07-28 20:36:00,-1,4.2,5.0,2,5
5,EV2-0237,2021-08-01 18:49:00,5,4.2,5.0,2,5
5,EV2-0238,2021-08-02 17:44:00,5,4.0,5.0,3,5
5,EV2-0239,2021-08-04 23:11:00,2,3.6666666666666665,5.0,16,6
5,EV2-0240,2021-08-05 00:11:00,-4,4.25,5.0,18,12
5,EV2-0241,2021-08-05 23:15:00,3,3.8,5.0,9,5
5,EV2-0242,2021-08-06 22:56:00,2,4.0,5.0,1,6
5,EV2-0243,2021-08-08 16:20:00,0,4.5,5.0,3,8
5,EV2-0244,2021-08-12 19:17:00,5,4.2,5.0,1,5
5,EV2-0245,2021-08-12 21:05:00,3,3.0,4.0,6,5
5,EV2-0246,2021-08-13 02:46:00,0,4.5,5.0,0,6
5,EV2-0247,2021-08-14 22:03:00,6,4.0,5.0,9,6
5,EV2-0248,2021-08-14 23:03:00,-4,3.5,4.0,2,6
5,EV2-0249,2021-08-15 20:53:00,5,3.6,4.0,3,5
5,EV2-0250,2021-08-15 22:07:00,3,4.0,4.0,9,5
5,EV2-0251,2021-08-16 15:37:00,5,4.2,5.0,0,5
5,EV2-0252,2021-08-18 20:48:00,7,5.0,5.0,1,7
5,EV2-0253,2021-08-18 21:56:00,-1,4.0,5.0,1,5
5,EV2-0254,2021-08-19 20:48:00,5,4.6,5.0,7,5
5,EV2-0255,2021-08-20 19:19:00,2,4.5,5.0,3,6
5,EV2-0256,2021-08-27 07:38:00,1,3.8,5.0,2,5
5,EV2-0257,2021-08-30 19:24:00,5,4.6,5.0,3,5
5,EV2-0258,2021-08-31 00:13:00,3,4.4,5.0,1,5
5,EV2-0259,2021-08-31 20:49:00,3,3.8,5.0,12,5
5,EV2-0260,2021-08-31 22:01:00,-4,4.0,5.0,13,6
5,EV2-0261,2021-08-31 23:02:00,2,4.357142857142857,5.0,1,14
5,EV2-0262,2021-09-04 22:20:00,6,3.6666666666666665,5.0,0,6
5,EV2-0263,2021-09-06 07:33:00,1,4.6,5.0,0,5
5,EV2-0264,2021-09-11 00:17:00,1,4.2,5.0,0,5
5,EV2-0265,2021-09-12 20:46:00,-1,3.2,4.0,2,5
5,EV2-0266,2021-09-12 21:58:00,1,3.2,5.0,0,5
5,EV2-0267,2021-09-12 23:54:00,3,4.4,5.0,8,5
5,EV2-0268,2021-09-19 21:03:00,1,4.6,5.0,2,5
5,EV2-0269,2021-09-20 22:49:00,5,4.6,5.0,0,5
5,EV2-0270,2021-09-21 21:55:00,5,4.0,5.0,11,5
5,EV2-0271,2021-09-21 23:08:00,3,4.6,5.0,3,5
5,EV2-0272,2021-09-24 22:42:00,1,3.4,5.0,7,5
5,EV2-0273,2021-09-26 15:13:00,7,5.0,5.0,10,7
5,EV2-0274,2021-09-27 20:57:00,-3,4.2,5.0,1,5
5,EV2-0275,2021-09-28 20:49:00,1,4.8,5.0,8,5
5,EV2-0276,2021-10-02 22:40:00,7,4.428571428571429,5.0,3,7
5,EV2-0277,2021-10-03 20:19:00,1,4.2,5.0,10,5
5,EV2-0278,2021-10-03 21:20:00,-4,4.0,5.0,0,8
5,EV2-0279,2021-10-04 20:52:00,5,4.8,5.0,1,5
5,EV2-0280,2021-10-04 23:20:00,5,4.4,5.0,3,5
5,EV2-0281,2021-10-05 21:51:00,3,4.2,5.0,6,5
5,EV2-0282,2021-10-05 23:45:00,-1,4.8,5.0,4,5
5,EV2-0283,2021-10-06 06:39:00,4,4.333333333333333,5.0,2,6
5,EV2-0284,2021-10-07 23:15:00,3,3.6,5.0,2,5
5,EV2-0285,2021-10-10 00:01:00,-1,4.8,5.0,0,5
5,EV2-0286,2021-10-13 19:56:00,5,3.8,4.0,4,5
5,EV2-0287,2022-05-05 22:42:00,-3,3.6,4.0,0,5
5,EV2-0288,2022-06-25 21:09:00,3,4.0,5.0,11,5
5,EV2-0289,2022-06-26 22:50:00,3,3.4,5.0,6,5
5,EV2-0290,2022-06-27 20:17:00,3,4.8,5.0,2,5
5,EV2-0291,2022-06-29 20:03:00,3,4.0,5.0,2,5
5,EV2-0292,2022-06-29 21:06:00,0,4.166666666666667,5.0,6,6
5,EV2-0293,2022-06-30 22:39:00,3,4.0,5.0,14,5
5,EV2-0294,2022-06-30 23:39:00,0,5.0,5.0,5,6
5,EV2-0295,2022-07-01 00:43:00,1,4.6,5.0,3,5
5,EV2-0296,2022-07-03 04:14:00,4,2.5,4.0,2,6
5,EV2-0297,2022-07-03 20:00:00,1,4.2,5.0,0,5
5,EV2-0298,2022-07-03 22:29:00,5,4.0,5.0,10,5
5,EV2-0299,2022-07-03 23:33:00,3,4.571428571428571,5.0,1,7
5,EV2-0300,2022-07-04 22:17:00,2,4.333333333333333,5.0,12,6
5,EV2-0301,2022-07-06 00:06:00,6,4.166666666666667,5.0,1,6
5,EV2-0302,2022-07-06 19:30:00,3,3.8,4.0,4,5
5,EV2-0303,2022-07-06 22:21:00,0,3.8333333333333335,5.0,0,6
5,EV2-0304,2022-07-07 20:36:00,1,4.2,5.0,2,5
5,EV2-0305,2022-07-10 06:03:00,-1,4.0,5.0,4,5
5,EV2-0306,2022-07-13 18:44:00,3,4.0,5.0,1,5
5,EV2-0307,2022-07-13 19:52:00,1,4.0,5.0,3,5
5,EV2-0308,2022-07-13 21:03:00,7,4.857142857142857,5.0,15,7
5,EV2-0309,2022-07-13 22:06:00,0,4.333333333333333,5.0,2,6
5,EV2-0310,2022-07-13 23:38:00,5,3.8,5.0,13,5
5,EV2-0311,2022-07-16 04:49:00,-1,4.6,5.0,0,5
5,EV2-0312,2022-07-16 23:49:00,1,3.8,4.0,7,5
5,EV2-0313,2022-07-17 22:46:00,5,3.8,5.0,3,5
5,EV2-0314,2022-07-20 00:17:00,2,3.8333333333333335,5.0,8,6
5,EV2-0315,2022-07-20 02:04:00,3,3.6,4.0,2,5
5,EV2-0316,2022-07-23 00:52:00,3,3.4,5.0,9,5
5,EV2-0317,2022-07-26 00:21:00,1,4.6,5.0,10,5
5,EV2-0318,2022-07-26 01:23:00,5,3.857142857142857,5.0,1,7
5,EV2-0319,2022-07-26 02:24:00,0,4.166666666666667,5.0,0,6
5,EV2-0320,2022-07-26 22:28:00,1,4.0,5.0,1,5
5,EV2-0321,2022-07-27 20:24:00,4,4.5,5.0,7,6
5,EV2-0322,2022-07-29 22:10:00,1,4.2,5.0,3,5
5,EV2-0323,2022-08-01 21:26:00,1,4.4,5.0,8,5
5,EV2-0324,2022-08-01 22:56:00,-3,4.0,5.0,1,5
5,EV2-0325,2022-08-03 04:10:00,3,4.0,5.0,2,5
5,EV2-0326,2022-08-05 01:52:00,-1,4.8,5.0,2,5
5,EV2-0327,2022-08-14 22:19:00,3,4.0,5.0,9,5
5,EV2-0328,2022-08-14 23:21:00,1,3.5384615384615383,5.0,3,13
5,EV2-0329,2022-08-18 23:04:00,6,4.166666666666667,5.0,11,6
5,EV2-0330,2022-08-21 02:22:00,5,4.0,5.0,3,5
5,EV2-0331,2022-08-22 00:04:00,3,4.4,5.0,0,5
5,EV2-0332,2022-08-22 22:45:00,6,4.333333333333333,5.0,2,6
5,EV2-0333,2022-08-23 03:41:00,-1,4.4,5.0,0,5
5,EV2-0334,2022-08-27 01:05:00,5,4.0,5.0,3,5
5,EV2-0335,2022-09-02 21:15:00,-6,4.875,5.0,3,8
5,EV2-0336,2022-09-06 21:17:00,7,4.571428571428571,5.0,3,7
5,EV2-0337,2022-09-06 22:32:00,3,4.0,5.0,11,5
5,EV2-0338,2022-09-14 17:52:00,5,5.0,5.0,2,5
5,EV2-0339,2022-09-15 17:26:00,-1,4.0,5.0,1,5
5,EV2-0340,2022-09-16 17:15:00,1,3.6,5.0,1,5
5,EV2-0341,2022-09-18 16:25:00,-4,5.0,5.0,1,6
5,EV2-0342,2022-09-22 21:30:00,1,4.0,5.0,4,5
5,EV2-0343,2022-10-02 20:23:00,1,4.2,5.0,6,5
5,EV2-0344,2023-06-26 19:34:00,-1,3.6,4.0,0,5
5,EV2-0345,2023-07-05 22:07:00,6,4.125,5.0,9,8
5,EV2-0346,2023-07-13 21:23:00,3,3.4,4.0,3,5
5,EV2-0347,2023-08-21 19:27:00,5,4.2,5.0,2,5
5,EV2-0348,2023-09-05 00:45:00,1,4.8,5.0,0,5
5,EV2-0349,2023-09-08 23:52:00,1,3.8,4.0,2,5
5,EV2-0350,2023-09-10 22:02:00,1,3.8,5.0,3,5
5,EV2-0351,2023-09-11 01:11:00,3,4.8,5.0,1,5
5,EV2-0352,2023-09-11 23:48:00,5,3.6,5.0,2,5
5,EV2-0353,2023-09-12 23:28:00,5,4.0,5.0,1,5
5,EV2-0354,2023-09-17 23:42:00,3,3.6,5.0,2,5
5,EV2-0355,2023-09-19 03:21:00,1,4.0,5.0,3,5
5,EV2-0356,2023-09-20 00:08:00,5,3.6,4.0,9,5
5,EV2-0357,2023-09-30 22:32:00,1,3.8,4.0,0,5
5,EV2-0358,2023-10-05 23:00:00,1,4.6,5.0,0,5
5,EV2-0359,2023-10-13 20:59:00,1,4.6,5.0,1,5
5,EV2-0360,2024-05-25 21:53:00,1,4.0,5.0,1,5
5,EV2-0361,2024-06-01 22:17:00,-1,3.2,4.0,1,5
5,EV2-0362,2024-06-18 22:44:00,5,3.8,4.0,1,5
5,EV2-0363,2024-06-23 20:22:00,0,4.0,5.0,0,6
5,EV2-0364,2024-06-23 22:34:00,3,4.2,5.0,1,5
5,EV2-0365,2024-06-27 22:03:00,5,4.0,4.0,8,5
5,EV2-0366,2024-07-02 18:33:00,1,4.0,5.0,0,5
5,EV2-0367,2024-07-02 20:40:00,-1,3.6,5.0,1,5
5,EV2-0368,2024-07-04 19:26:00,5,3.8,5.0,4,5
5,EV2-0369,2024-07-04 20:28:00,1,4.8,5.0,4,5
5,EV2-0370,2024-07-05 21:51:00,1,3.8,4.0,1,5
5,EV2-0371,2024-07-14 22:31:00,1,4.2,5.0,0,5
5,EV2-0372,2024-07-17 20:53:00,4,4.333333333333333,5.0,3,6
5,EV2-0373,2024-07-17 21:54:00,-1,4.235294117647059,5.0,14,17
5,EV2-0374,2024-07-17 23:09:00,-3,4.2,5.0,4,5
5,EV2-0375,2024-07-22 20:38:00,0,4.333333333333333,5.0,4,6
5,EV2-0376,2024-07-22 23:13:00,1,4.2,5.0,1,5
5,EV2-0377,2024-07-23 19:29:00,-1,4.4,5.0,1,5
5,EV2-0378,2024-07-23 23:10:00,-3,4.0,5.0,1,5
5,EV2-0379,2024-07-28 21:59:00,4,4.5,5.0,7,6
5,EV2-0380,2024-07-28 23:03:00,1,5.0,5.0,8,5
5,EV2-0381,2024-07-29 00:33:00,5,4.8,5.0,0,5
5,EV2-0382,2024-07-30 07:06:00,1,3.8,5.0,1,5
5,EV2-0383,2024-08-15 21:58:00,5,4.0,5.0,0,5
5,EV2-0384,2024-08-20 20:09:00,-1,5.0,5.0,1,5
5,EV2-0385,2024-08-20 21:29:00,5,5.0,5.0,7,5
5,EV2-0386,2024-08-31 20:14:00,5,4.0,5.0,1,7
5,EV2-0387,2024-09-02 01:36:00,5,4.2,5.0,6,5
5,EV2-0388,2024-09-03 19:51:00,5,4.2,5.0,7,5
5,EV2-0389,2024-09-05 00:54:00,5,4.8,5.0,13,5
5,EV2-0390,2024-09-07 23:17:00,7,4.571428571428571,5.0,5,7
5,EV2-0391,2024-09-09 00:32:00,6,4.166666666666667,5.0,6,6
5,EV2-0392,2024-09-12 20:39:00,2,4.5,5.0,1,8
5,EV2-0393,2024-09-13 23:10:00,3,4.8,5.0,1,5
5,EV2-0394,2024-09-14 00:12:00,1,4.363636363636363,5.0,3,11
5,EV2-0395,2024-09-26 01:02:00,5,4.6,5.0,0,5
5,EV2-0396,2024-09-29 20:02:00,0,3.6666666666666665,5.0,0,6
5,EV2-0397,2024-10-01 20:56:00,4,5.0,5.0,7,6
5,EV2-0398,2024-10-03 08:39:00,2,3.8333333333333335,5.0,2,6
5,EV2-0399,2024-10-12 19:56:00,3,4.8,5.0,1,5
5,EV2-0400,2024-10-27 17:15:00,1,4.4,5.0,0,5
5,EV2-0401,2025-06-06 21:11:00,7,4.571428571428571,5.0,13,7
5,EV2-0402,2025-06-20 00:05:00,3,4.2,5.0,1,5
5,EV2-0403,2025-07-30 22:47:00,5,4.2,5.0,0,5
5,EV2-0404,2025-08-08 22:51:00,4,4.0,4.0,17,6
5,EV2-0405,2025-08-08 23:53:00,-5,4.0,5.0,0,9
5,EV2-0406,2025-08-13 23:15:00,-1,4.0,5.0,3,5
5,EV2-0407,2025-08-17 00:38:00,2,4.833333333333333,5.0,0,6
5,EV2-0408,2025-08-19 22:44:00,1,4.6,5.0,0,5
5,EV2-0409,2025-08-20 23:38:00,3,4.0,4.0,2,5
5,EV2-0410,2025-08-28 21:37:00,5,4.6,5.0,6,5
5,EV2-0411,2025-08-31 22:51:00,3,4.2,5.0,0,5
5,EV2-0412,2025-09-05 20:41:00,3,4.6,5.0,10,5
5,EV2-0413,2025-09-14 00:25:00,3,4.4,5.0,3,5
5,EV2-0414,2025-09-14 23:44:00,1,4.2,5.0,9,5
5,EV2-0415,2025-09-16 21:31:00,1,3.4,4.0,1,5
5,EV2-0416,2025-09-17 00:30:00,-1,4.0,5.0,0,5
5,EV2-0417,2025-09-20 20:11:00,5,4.428571428571429,5.0,1,7
5,EV2-0418,2025-09-23 19:32:00,-1,4.2,5.0,1,5
5,EV2-0419,2025-09-30 21:19:00,6,4.5,5.0,3,6
5,EV2-0420,2025-10-10 22:13:00,3,3.6,4.0,5,5
5,EV2-0421,2025-10-11 22:35:00,1,3.8,4.0,0,5
5,EV2-0422,2025-10-12 22:33:00,5,4.4,5.0,3,5
5,EV2-0423,2026-06-27 07:39:00,4,4.666666666666667,5.0,1,6
5,EV2-0424,2026-06-30 05:44:00,3,4.6,5.0,4,5
5,EV2-0425,2026-07-10 22:37:00,5,4.0,5.0,4,5
