gap_before_min,n_init_reports,n_init_locs,n_init_grids,n_future_reports,complete,n_candidates,n_positive_cells,n_future_cells,n_outside_cells,n_future_reports_outside,cov_cells_r1,cov_cells_r2,cov_cells_r3,cov_cells_r4,t0_override,t0,event_id,has_positive,has_future,outside_only
25.0,8,8,4,9,True,33,7,7,0,0,6,7,7,7,26050080,2019-07-13 08:00:00,EV2-0001,True,True,False
2.0,11,8,5,17,True,47,8,8,0,0,6,8,8,8,26064420,2019-07-23 07:00:00,EV2-0002,True,True,False
7.0,15,12,10,38,True,50,12,12,0,0,12,12,12,12,26065380,2019-07-23 23:00:00,EV2-0003,True,True,False
1.0,11,11,8,4,True,52,4,4,0,0,3,4,4,4,26065440,2019-07-24 00:00:00,EV2-0004,True,True,False
23.0,8,8,8,7,True,57,6,6,0,0,6,6,6,6,26065920,2019-07-24 08:00:00,EV2-0005,True,True,False
6.0,7,7,6,6,True,38,4,4,0,0,3,4,4,4,26068800,2019-07-26 08:00:00,EV2-0006,True,True,False
103.0,3,3,3,14,True,31,3,4,1,1,3,3,3,4,26072580,2019-07-28 23:00:00,EV2-0007,True,True,False
1.0,15,14,9,16,True,42,9,11,2,4,6,9,11,11,26072640,2019-07-29 00:00:00,EV2-0008,True,True,False
60.0,12,12,5,8,True,41,5,5,0,0,5,5,5,5,26073900,2019-07-29 21:00:00,EV2-0009,True,True,False
4.0,4,4,3,6,True,21,2,4,2,3,1,2,3,3,26074080,2019-07-30 00:00:00,EV2-0010,True,True,False
4.0,9,9,5,9,True,27,4,5,1,2,2,4,5,5,26074140,2019-07-30 01:00:00,EV2-0011,True,True,False
2.0,4,4,3,7,True,28,3,4,1,1,1,3,4,4,26074200,2019-07-30 02:00:00,EV2-0012,True,True,False
11.0,7,6,3,15,True,21,8,8,0,0,6,8,8,8,26075340,2019-07-30 21:00:00,EV2-0013,True,True,False
11.0,11,11,7,20,True,51,9,10,1,1,8,9,10,10,26077320,2019-08-01 06:00:00,EV2-0014,True,True,False
8.0,12,12,8,6,True,52,6,6,0,0,5,6,6,6,26078760,2019-08-02 06:00:00,EV2-0015,True,True,False
8.0,8,8,6,17,True,40,4,5,1,2,4,4,4,4,26081100,2019-08-03 21:00:00,EV2-0016,True,True,False
4.0,26,25,6,23,True,30,6,7,1,1,6,6,6,7,26081160,2019-08-03 22:00:00,EV2-0017,True,True,False
2.0,15,13,8,14,True,45,6,6,0,0,6,6,6,6,26081220,2019-08-03 23:00:00,EV2-0018,True,True,False
3.0,10,9,7,19,True,35,5,5,0,0,5,5,5,5,26081280,2019-08-04 00:00:00,EV2-0019,True,True,False
2.0,8,7,6,4,True,35,4,4,0,0,4,4,4,4,26081340,2019-08-04 01:00:00,EV2-0020,True,True,False
39.0,5,5,4,8,True,28,5,5,0,0,4,5,5,5,26085840,2019-08-07 04:00:00,EV2-0021,True,True,False
2.0,7,7,7,4,True,41,2,4,2,2,2,2,4,4,26085900,2019-08-07 05:00:00,EV2-0022,True,True,False
2.0,8,8,5,7,True,27,5,6,1,1,3,5,5,5,26088060,2019-08-08 17:00:00,EV2-0023,True,True,False
4.0,6,6,5,4,True,41,2,2,0,0,2,2,2,2,26088120,2019-08-08 18:00:00,EV2-0024,True,True,False
72.0,4,4,3,6,True,29,3,4,1,1,2,3,4,4,26088360,2019-08-08 22:00:00,EV2-0025,True,True,False
6.0,9,9,7,12,True,46,4,4,0,0,4,4,4,4,26088420,2019-08-08 23:00:00,EV2-0026,True,True,False
1.0,10,10,4,11,True,31,6,7,1,1,3,6,7,7,26090280,2019-08-10 06:00:00,EV2-0027,True,True,False
13.0,11,8,4,5,True,24,3,4,1,1,3,3,4,4,26091240,2019-08-10 22:00:00,EV2-0028,True,True,False
32.0,2,2,2,8,True,18,1,3,2,7,0,1,3,3,26094240,2019-08-13 00:00:00,EV2-0029,True,True,False
1.0,4,4,3,7,True,28,3,3,0,0,3,3,3,3,26102880,2019-08-19 00:00:00,EV2-0030,True,True,False
3.0,4,4,4,6,True,38,4,4,0,0,2,4,4,4,26109060,2019-08-23 07:00:00,EV2-0031,True,True,False
4.0,13,13,5,4,True,33,3,3,0,0,3,3,3,3,26111460,2019-08-24 23:00:00,EV2-0032,True,True,False
1.0,6,6,6,10,True,37,7,8,1,1,5,7,8,8,26113020,2019-08-26 01:00:00,EV2-0033,True,True,False
1.0,45,34,13,12,True,53,8,8,0,0,8,8,8,8,26117220,2019-08-28 23:00:00,EV2-0034,True,True,False
7.0,13,13,9,1,True,46,1,1,0,0,1,1,1,1,26117280,2019-08-29 00:00:00,EV2-0035,True,True,False
174.0,3,3,2,25,True,18,6,8,2,2,5,6,7,7,26119980,2019-08-30 21:00:00,EV2-0036,True,True,False
212.0,8,8,6,5,True,42,4,4,0,0,4,4,4,4,26121480,2019-08-31 22:00:00,EV2-0037,True,True,False
6.0,15,14,6,4,True,39,3,3,0,0,3,3,3,3,26121540,2019-08-31 23:00:00,EV2-0038,True,True,False
2.0,16,16,8,7,True,39,4,5,1,1,4,4,5,5,26125800,2019-09-03 22:00:00,EV2-0039,True,True,False
5.0,5,4,2,6,True,18,1,4,3,5,1,1,3,3,26127000,2019-09-04 18:00:00,EV2-0040,True,True,False
6.0,12,11,6,2,True,43,2,2,0,0,2,2,2,2,26127060,2019-09-04 19:00:00,EV2-0041,True,True,False
21.0,5,5,4,7,True,24,4,5,1,1,4,4,5,5,26127300,2019-09-04 23:00:00,EV2-0042,True,True,False
11.0,8,8,7,4,True,44,4,4,0,0,4,4,4,4,26127900,2019-09-05 09:00:00,EV2-0043,True,True,False
12.0,2,2,2,10,True,18,2,6,4,5,2,2,3,4,26144580,2019-09-16 23:00:00,EV2-0044,True,True,False
2.0,10,10,8,2,True,47,2,2,0,0,2,2,2,2,26144640,2019-09-17 00:00:00,EV2-0045,True,True,False
13.0,5,5,4,8,True,24,5,5,0,0,5,5,5,5,26165760,2019-10-01 16:00:00,EV2-0046,True,True,False
2.0,9,9,6,4,True,39,3,3,0,0,3,3,3,3,26566980,2020-07-06 07:00:00,EV2-0047,True,True,False
78.0,7,7,5,4,True,29,3,3,0,0,2,3,3,3,26591520,2020-07-23 08:00:00,EV2-0048,True,True,False
1.0,19,18,6,11,True,35,5,5,0,0,5,5,5,5,26605260,2020-08-01 21:00:00,EV2-0049,True,True,False
6.0,16,13,8,5,True,45,4,4,0,0,4,4,4,4,26605320,2020-08-01 22:00:00,EV2-0050,True,True,False
1.0,44,34,8,24,True,36,9,9,0,0,9,9,9,9,26606700,2020-08-02 21:00:00,EV2-0051,True,True,False
1.0,12,10,6,17,True,30,6,7,1,1,5,6,6,7,26606760,2020-08-02 22:00:00,EV2-0052,True,True,False
2.0,17,15,5,9,True,29,5,5,0,0,4,5,5,5,26608200,2020-08-03 22:00:00,EV2-0053,True,True,False
1.0,10,10,7,7,True,40,6,6,0,0,4,6,6,6,26608440,2020-08-04 02:00:00,EV2-0054,True,True,False
1.0,8,8,6,3,True,38,3,3,0,0,3,3,3,3,26609520,2020-08-04 20:00:00,EV2-0055,True,True,False
5.0,6,6,4,6,True,31,3,3,0,0,3,3,3,3,26609580,2020-08-04 21:00:00,EV2-0056,True,True,False
1.0,7,7,6,7,True,35,1,5,4,6,1,1,3,4,26609640,2020-08-04 22:00:00,EV2-0057,True,True,False
22.0,3,3,2,7,True,18,4,5,1,2,3,4,5,5,26612520,2020-08-06 22:00:00,EV2-0058,True,True,False
1.0,18,14,7,1,True,39,1,1,0,0,1,1,1,1,26612580,2020-08-06 23:00:00,EV2-0059,True,True,False
10.0,11,11,5,10,True,27,3,3,0,0,3,3,3,3,26615400,2020-08-08 22:00:00,EV2-0060,True,True,False
1.0,3,3,3,21,True,29,7,7,0,0,6,7,7,7,26616660,2020-08-09 19:00:00,EV2-0061,True,True,False
1.0,18,16,11,4,True,51,4,4,0,0,4,4,4,4,26616720,2020-08-09 20:00:00,EV2-0062,True,True,False
3.0,12,10,6,4,True,36,3,3,0,0,3,3,3,3,26616780,2020-08-09 21:00:00,EV2-0063,True,True,False
4.0,12,10,6,4,True,33,2,3,1,1,2,2,2,3,26616840,2020-08-09 22:00:00,EV2-0064,True,True,False
1.0,3,3,2,19,True,18,5,6,1,1,5,5,5,6,26618100,2020-08-10 19:00:00,EV2-0065,True,True,False
1.0,15,15,6,28,True,37,6,7,1,1,5,6,7,7,26621280,2020-08-13 00:00:00,EV2-0066,True,True,False
1.0,11,10,6,11,True,38,7,8,1,2,5,7,8,8,26621340,2020-08-13 01:00:00,EV2-0067,True,True,False
1.0,45,37,14,15,True,60,10,10,0,0,10,10,10,10,26625540,2020-08-15 23:00:00,EV2-0068,True,True,False
136.0,4,4,4,9,True,38,6,7,1,1,5,6,7,7,26626980,2020-08-16 23:00:00,EV2-0069,True,True,False
3.0,13,13,9,5,True,45,3,4,1,1,2,3,4,4,26627040,2020-08-17 00:00:00,EV2-0070,True,True,False
5.0,8,8,6,2,True,39,2,2,0,0,2,2,2,2,26627100,2020-08-17 01:00:00,EV2-0071,True,True,False
15.0,8,6,5,9,True,36,4,5,1,1,3,4,5,5,26627340,2020-08-17 05:00:00,EV2-0072,True,True,False
2.0,8,8,7,6,True,50,3,4,1,1,3,3,4,4,26630280,2020-08-19 06:00:00,EV2-0073,True,True,False
2.0,8,7,6,3,True,46,2,2,0,0,2,2,2,2,26630340,2020-08-19 07:00:00,EV2-0074,True,True,False
9.0,9,9,6,25,True,32,6,6,0,0,6,6,6,6,26631420,2020-08-20 01:00:00,EV2-0075,True,True,False
124.0,5,5,4,8,True,36,6,6,0,0,6,6,6,6,26635440,2020-08-22 20:00:00,EV2-0076,True,True,False
6.0,6,6,6,4,True,41,3,3,0,0,3,3,3,3,26635560,2020-08-22 22:00:00,EV2-0077,True,True,False
261.0,9,9,6,2,True,38,1,2,1,1,0,1,1,2,26643900,2020-08-28 17:00:00,EV2-0078,True,True,False
1.0,9,8,8,1,True,47,1,1,0,0,0,1,1,1,26645340,2020-08-29 17:00:00,EV2-0079,True,True,False
2.0,8,8,7,16,True,39,6,9,3,4,4,6,9,9,26647320,2020-08-31 02:00:00,EV2-0080,True,True,False
13.0,15,11,5,2,True,27,2,2,0,0,2,2,2,2,26652780,2020-09-03 21:00:00,EV2-0081,True,True,False
1.0,6,6,3,10,True,21,3,4,1,1,2,3,3,4,26652900,2020-09-03 23:00:00,EV2-0082,True,True,False
2.0,12,12,7,11,True,45,4,4,0,0,4,4,4,4,26654280,2020-09-04 22:00:00,EV2-0083,True,True,False
41.0,6,6,3,11,True,31,4,5,1,1,2,4,4,5,26663640,2020-09-11 10:00:00,EV2-0084,True,True,False
36.0,6,6,4,5,True,36,4,4,0,0,3,4,4,4,26672160,2020-09-17 08:00:00,EV2-0085,True,True,False
35.0,2,2,2,33,True,18,5,8,3,7,4,5,8,8,26674380,2020-09-18 21:00:00,EV2-0086,True,True,False
1.0,4,4,3,9,True,23,4,5,1,2,3,4,5,5,26674440,2020-09-18 22:00:00,EV2-0087,True,True,False
3.0,7,5,3,4,True,23,4,4,0,0,3,4,4,4,26675880,2020-09-19 22:00:00,EV2-0088,True,True,False
15.0,6,6,4,4,True,36,3,3,0,0,2,3,3,3,26678760,2020-09-21 22:00:00,EV2-0089,True,True,False
4.0,5,4,4,26,True,40,6,11,5,13,5,6,7,10,26693100,2020-10-01 21:00:00,EV2-0090,True,True,False
6.0,10,10,5,14,True,34,7,9,2,2,6,7,9,9,26693280,2020-10-02 00:00:00,EV2-0091,True,True,False
6.0,16,14,9,4,True,53,3,4,1,1,3,3,4,4,27050100,2021-06-06 19:00:00,EV2-0092,True,True,False
1.0,4,4,4,8,True,36,6,7,1,1,5,6,7,7,27054420,2021-06-09 19:00:00,EV2-0093,True,True,False
3.0,5,5,4,8,True,34,5,7,2,2,3,5,6,7,27054480,2021-06-09 20:00:00,EV2-0094,True,True,False
2.0,9,9,6,3,True,48,2,2,0,0,2,2,2,2,27054540,2021-06-09 21:00:00,EV2-0095,True,True,False
2.0,4,4,4,9,True,38,6,6,0,0,5,6,6,6,27054660,2021-06-09 23:00:00,EV2-0096,True,True,False
2.0,5,4,2,7,True,18,3,5,2,3,1,3,4,4,27065280,2021-06-17 08:00:00,EV2-0097,True,True,False
9.0,16,15,11,3,True,71,2,2,0,0,2,2,2,2,27082020,2021-06-28 23:00:00,EV2-0098,True,True,False
30.0,4,4,3,27,True,31,9,11,2,2,4,9,11,11,27094980,2021-07-07 23:00:00,EV2-0099,True,True,False
2.0,22,20,10,11,True,56,6,7,1,1,5,6,7,7,27095040,2021-07-08 00:00:00,EV2-0100,True,True,False
5.0,21,17,8,29,True,46,14,15,1,1,12,14,14,15,27104940,2021-07-14 21:00:00,EV2-0101,True,True,False
1.0,12,10,8,8,True,45,4,4,0,0,3,4,4,4,27105000,2021-07-14 22:00:00,EV2-0102,True,True,False
1.0,9,9,5,10,True,41,6,6,0,0,4,6,6,6,27105060,2021-07-14 23:00:00,EV2-0103,True,True,False
1.0,13,13,10,4,True,58,3,3,0,0,2,3,3,3,27105120,2021-07-15 00:00:00,EV2-0104,True,True,False
1.0,12,11,5,4,True,31,3,3,0,0,3,3,3,3,27113640,2021-07-20 22:00:00,EV2-0105,True,True,False
7.0,5,5,4,21,True,28,9,10,1,2,9,9,10,10,27113700,2021-07-20 23:00:00,EV2-0106,True,True,False
2.0,7,6,4,4,True,24,3,4,1,1,3,3,3,3,27113760,2021-07-21 00:00:00,EV2-0107,True,True,False
6.0,6,6,4,5,True,28,4,4,0,0,4,4,4,4,27118020,2021-07-23 23:00:00,EV2-0108,True,True,False
25.0,5,5,3,9,True,21,4,5,1,1,4,4,4,4,27120780,2021-07-25 21:00:00,EV2-0109,True,True,False
8.0,5,5,4,5,True,38,4,4,0,0,4,4,4,4,27120840,2021-07-25 22:00:00,EV2-0110,True,True,False
2.0,10,10,5,5,True,39,4,5,1,1,4,4,4,4,27122220,2021-07-26 21:00:00,EV2-0111,True,True,False
110.0,5,4,3,14,True,28,3,4,1,1,2,3,3,3,27135300,2021-08-04 23:00:00,EV2-0112,True,True,False
7.0,13,13,5,14,True,27,6,8,2,2,5,6,7,7,27135360,2021-08-05 00:00:00,EV2-0113,True,True,False
27.0,4,4,3,11,True,23,3,6,3,4,2,3,3,4,27136740,2021-08-05 23:00:00,EV2-0114,True,True,False
9.0,4,4,4,7,True,28,4,4,0,0,3,4,4,4,27146700,2021-08-12 21:00:00,EV2-0115,True,True,False
71.0,3,3,3,12,True,36,6,6,0,0,3,6,6,6,27149640,2021-08-14 22:00:00,EV2-0116,True,True,False
74.0,11,11,8,1,True,49,1,1,0,0,0,1,1,1,27156780,2021-08-19 21:00:00,EV2-0117,True,True,False
12.0,6,6,5,4,True,35,3,3,0,0,3,3,3,3,27158160,2021-08-20 20:00:00,EV2-0118,True,True,False
213.0,9,9,4,10,True,31,7,7,0,0,6,7,7,7,27174060,2021-08-31 21:00:00,EV2-0119,True,True,False
1.0,5,5,4,14,True,32,5,5,0,0,4,5,5,5,27174120,2021-08-31 22:00:00,EV2-0120,True,True,False
1.0,13,13,7,2,True,33,2,2,0,0,2,2,2,2,27174180,2021-08-31 23:00:00,EV2-0121,True,True,False
4.0,6,5,3,6,True,21,3,3,0,0,2,3,3,3,27191520,2021-09-13 00:00:00,EV2-0122,True,True,False
4.0,5,5,4,9,True,24,5,5,0,0,4,5,5,5,27214380,2021-09-28 21:00:00,EV2-0123,True,True,False
1.0,10,10,6,3,True,51,2,3,1,1,2,2,3,3,27221580,2021-10-03 21:00:00,EV2-0124,True,True,False
6.0,5,5,3,5,True,21,3,3,0,0,3,3,3,3,27224520,2021-10-05 22:00:00,EV2-0125,True,True,False
25.0,9,9,5,3,True,35,3,3,0,0,3,3,3,3,27604740,2022-06-26 23:00:00,EV2-0126,True,True,False
1.0,5,5,3,7,True,23,5,5,0,0,5,5,5,5,27608940,2022-06-29 21:00:00,EV2-0127,True,True,False
3.0,14,14,7,5,True,38,3,3,0,0,3,3,3,3,27610500,2022-06-30 23:00:00,EV2-0128,True,True,False
8.0,7,6,3,4,True,21,2,2,0,0,1,2,2,2,27610560,2022-07-01 00:00:00,EV2-0129,True,True,False
1.0,8,8,7,5,True,35,3,3,0,0,3,3,3,3,27614820,2022-07-03 23:00:00,EV2-0130,True,True,False
4.0,8,6,4,3,True,24,2,3,1,1,2,2,2,2,27629160,2022-07-13 22:00:00,EV2-0131,True,True,False
6.0,15,14,5,2,True,27,2,2,0,0,2,2,2,2,27629280,2022-07-14 00:00:00,EV2-0132,True,True,False
2.0,8,7,4,3,True,36,3,3,0,0,3,3,3,3,27633600,2022-07-17 00:00:00,EV2-0133,True,True,False
1440.0,3,3,3,9,True,31,5,5,0,0,5,5,5,5,27637920,2022-07-20 00:00:00,EV2-0134,True,True,False
18.0,9,9,5,7,True,37,5,5,0,0,5,5,5,5,27642300,2022-07-23 01:00:00,EV2-0135,True,True,False
3.0,4,4,4,6,True,34,2,3,1,1,2,2,2,2,27646560,2022-07-26 00:00:00,EV2-0136,True,True,False
1.0,9,9,4,6,True,24,3,4,1,1,3,3,3,3,27646620,2022-07-26 01:00:00,EV2-0137,True,True,False
2.0,4,3,3,6,True,23,1,4,3,5,1,1,2,3,27656460,2022-08-01 21:00:00,EV2-0138,True,True,False
1.0,9,9,4,11,True,34,4,7,3,5,4,4,6,7,27675300,2022-08-14 23:00:00,EV2-0139,True,True,False
131.0,2,2,2,14,True,18,4,7,3,3,3,4,6,6,27681060,2022-08-18 23:00:00,EV2-0140,True,True,False
20.0,6,5,2,4,True,18,2,4,2,2,2,2,4,4,27686820,2022-08-22 23:00:00,EV2-0141,True,True,False
1.0,12,11,8,1,True,54,1,1,0,0,1,1,1,1,27708420,2022-09-06 23:00:00,EV2-0142,True,True,False
5.0,2,2,2,14,True,22,3,7,4,8,2,3,4,5,28143240,2023-07-05 22:00:00,EV2-0143,True,True,False
155.0,2,2,2,12,True,26,3,10,7,9,1,3,6,9,28252800,2023-09-20 00:00:00,EV2-0144,True,True,False
1.0,5,4,2,6,True,26,0,4,4,6,0,0,0,1,28687500,2024-07-17 21:00:00,EV2-0145,False,True,True
2.0,20,18,7,8,True,48,5,5,0,0,5,5,5,5,28687560,2024-07-17 22:00:00,EV2-0146,True,True,False
7.0,9,9,5,5,True,34,4,4,0,0,3,4,4,4,28687620,2024-07-17 23:00:00,EV2-0147,True,True,False
13.0,6,5,3,7,True,23,5,5,0,0,4,5,5,5,28703400,2024-07-28 22:00:00,EV2-0148,True,True,False
2.0,8,8,6,4,True,32,3,4,1,1,2,3,4,4,28754040,2024-09-02 02:00:00,EV2-0149,True,True,False
100.0,9,9,5,4,True,34,4,4,0,0,3,4,4,4,28756560,2024-09-03 20:00:00,EV2-0150,True,True,False
53.0,7,7,5,12,True,39,5,7,2,2,4,5,6,6,28758300,2024-09-05 01:00:00,EV2-0151,True,True,False
3.0,9,8,5,1,True,37,1,1,0,0,1,1,1,1,28764060,2024-09-09 01:00:00,EV2-0152,True,True,False
20.0,7,7,5,7,True,37,5,5,0,0,4,5,5,5,28771200,2024-09-14 00:00:00,EV2-0153,True,True,False
22.0,12,11,5,16,True,34,6,6,0,0,6,6,6,6,29244900,2025-08-08 23:00:00,EV2-0154,True,True,False
3.0,10,8,7,1,True,38,1,1,0,0,1,1,1,1,29273640,2025-08-28 22:00:00,EV2-0155,True,True,False
3.0,8,7,5,5,True,36,5,5,0,0,5,5,5,5,29298240,2025-09-15 00:00:00,EV2-0156,True,True,False
