city,management_id,name,business_type,industry_name,facility_class,main_product,status,address,permit_date,last_modified,filter_reason,odor_relevant,source_url
김제시,471100021200200045,(주)삼익육가공,,,,,영업/정상,전북특별자치도 김제시 봉황공단1길 303 (오정동),2002-08-12,2002-08-12 17:12:16,도축·육가공,True,https://file.localdata.go.kr/file/air_pollution_facility_installation/info
김제시,400000021200100001,농협중앙회목우촌육가공공장,기타 육지동물고기 가공 및 저장처리업,기타 육지동물고기 가공 및 저장처리업,,,영업/정상,전북특별자치도 김제시 금산면 용산리 9-13,2001-01-02,2001-01-02 09:40:21,도축·육가공,True,https://file.localdata.go.kr/file/air_pollution_facility_installation/info
김제시,471100021200500012,(유)광일아스콘,,,,,영업/정상,전북특별자치도 김제시 용지면 구암리 434-1,2005-01-21,2005-01-21 14:48:34,레미콘·아스콘,True,https://file.localdata.go.kr/file/air_pollution_facility_installation/info
김제시,471100021200000105,(유)금산공영,아스콘 제조업,아스콘 제조업,3종,,영업/정상,전북특별자치도 김제시 금산면 성계리 341-114,1995-10-16,2008-12-13 16:33:46,레미콘·아스콘,True,https://file.localdata.go.kr/file/air_pollution_facility_installation/info
김제시,471100021200400028,(유)성경,비금속광물제품 제조업,비금속광물제품 제조업,2종,아스콘,영업/정상,전북특별자치도 김제시 공덕면 유강로 101,2004-07-01,2025-07-21 17:07:42,레미콘·아스콘,True,https://file.localdata.go.kr/file/air_pollution_facility_installation/info
김제시,471100021200400027,(유)청우산업,,,,"레미콘,흄관",영업/정상,전북특별자치도 김제시 용지면 와룡리,2004-07-01,2004-07-01 11:28:18,레미콘·아스콘,True,https://file.localdata.go.kr/file/air_pollution_facility_installation/info
김제시,471100021201000011,(주)강동레미콘케이제이(KJ),비금속광물제품 제조업,비금속광물제품 제조업,4종,"레미콘,흄관",영업/정상,전북특별자치도 김제시 금구면 광현1길 84-36,2010-12-03,2023-03-29 09:24:43,레미콘·아스콘,True,https://file.localdata.go.kr/file/air_pollution_facility_installation/info
김제시,471100021200000051,(주)금산씨알에이 1공장,기타 비금속 광물제품 제조업,기타 비금속 광물제품 제조업,4종,"레미콘, 아스콘, 골재",영업/정상,전북특별자치도 김제시 금산면 금평로 311,1989-08-24,2023-06-12 18:19:00,레미콘·아스콘,True,https://file.localdata.go.kr/file/air_pollution_facility_installation/info
김제시,471100021201400004,(주)금산씨알에이 2공장,비금속광물제품 제조업,비금속광물제품 제조업,5종,"레미콘, 아스콘",영업/정상,전북특별자치도 김제시 금산면 금평로 281-177,2013-02-28,2024-04-03 16:38:49,레미콘·아스콘,True,https://file.localdata.go.kr/file/air_pollution_facility_installation/info
김제시,471100021200400126,(주)금산씨알에이 3공장,아스콘 제조업,아스콘 제조업,3종,아스콘,영업/정상,전북특별자치도 김제시 금산면 금평로 281-177,1995-10-16,2025-06-16 17:49:54,레미콘·아스콘,True,https://file.localdata.go.kr/file/air_pollution_facility_installation/info
김제시,471100021200400130,(주)노송레미콘,,,,,영업/정상,전북특별자치도 김제시 금산면 성계리,2004-09-04,2004-09-04 09:08:33,레미콘·아스콘,True,https://file.localdata.go.kr/file/air_pollution_facility_installation/info
김제시,471100021200500021,(주)신우알앤씨,비금속광물제품 제조업,비금속광물제품 제조업,4종,레미콘,영업/정상,전북특별자치도 김제시 용지면 용지로 149,2005-03-04,2022-11-04 19:11:04,레미콘·아스콘,True,https://file.localdata.go.kr/file/air_pollution_facility_installation/info
김제시,471100021200700007,(주)완수산업아스콘,비금속광물제품 제조업,비금속광물제품 제조업,3종,아스콘,영업/정상,전북특별자치도 김제시 용지면 황토로 799,2001-02-16,2025-12-03 16:36:06,레미콘·아스콘,True,https://file.localdata.go.kr/file/air_pollution_facility_installation/info
김제시,471100021200000072,백구아스콘,아스콘 제조업,아스콘 제조업,4종,,영업/정상,전북특별자치도 김제시 백구면 반월리 668,1993-06-05,2000-08-25 12:01:46,레미콘·아스콘,True,https://file.localdata.go.kr/file/air_pollution_facility_installation/info
김제시,471100021200000080,전북아스콘,아스콘 제조업,아스콘 제조업,4종,,영업/정상,전북특별자치도 김제시 금구면 금백로 428,1994-04-11,2000-08-25 14:45:13,레미콘·아스콘,True,https://file.localdata.go.kr/file/air_pollution_facility_installation/info
김제시,471100021200200044,정암아스콘(주),,,,,영업/정상,전북특별자치도 김제시 용지면 구암리 434-1,2002-08-07,2002-08-07 17:47:54,레미콘·아스콘,True,https://file.localdata.go.kr/file/air_pollution_facility_installation/info
김제시,471100021200300005,정암아스콘(주),,,,,영업/정상,전북특별자치도 김제시 용지면 구암리 435,2003-02-10,2003-02-17 10:09:00,레미콘·아스콘,True,https://file.localdata.go.kr/file/air_pollution_facility_installation/info
김제시,471100021200400094,정암아스콘(주),,,,,영업/정상,전북특별자치도 김제시 용지면 구암리 435번지,2004-07-05,2004-07-05 14:28:58,레미콘·아스콘,True,https://file.localdata.go.kr/file/air_pollution_facility_installation/info
김제시,471100021200400118,정암아스콘(주),,,,,영업/정상,전북특별자치도 김제시 용지면 구암리,2004-08-05,2004-08-05 11:37:44,레미콘·아스콘,True,https://file.localdata.go.kr/file/air_pollution_facility_installation/info
김제시,471100021200500045,한성기업(주),"시멘트, 석회, 플라스터 및 그 제품 제조업","시멘트, 석회, 플라스터 및 그 제품 제조업",4종,레미콘,영업/정상,전북특별자치도 김제시 금산면 금평로 327,2005-08-30,2024-11-20 09:44:56,레미콘·아스콘,True,https://file.localdata.go.kr/file/air_pollution_facility_installation/info
김제시,471100021200400054,현대콘크리트,비금속광물제품 제조업,비금속광물제품 제조업,4종,레미콘,영업/정상,전북특별자치도 김제시 금구면 광현1길 54,2004-07-01,2008-08-12 09:54:19,레미콘·아스콘,True,https://file.localdata.go.kr/file/air_pollution_facility_installation/info
김제시,471100021201800005,(유)금성상공,,,5종,단미사료,영업/정상,전북특별자치도 김제시 봉황공단2길 102 (오정동),2018-06-08,2026-04-23 07:55:23,사료·비료 제조,True,https://file.localdata.go.kr/file/air_pollution_facility_installation/info
김제시,471100021200000056,(유)명성산업,사료 제조업,사료 제조업,4종,,영업/정상,전북특별자치도 김제시 성덕면 석동리 482-4,1990-12-15,2000-08-25 09:56:21,사료·비료 제조,True,https://file.localdata.go.kr/file/air_pollution_facility_installation/info
김제시,471100021201300002,(유)세웅바이오,사료 제조업,사료 제조업,5종,바이오중유,영업/정상,전북특별자치도 김제시 봉황공단1길 61 (월성동),2008-11-25,2025-12-01 10:39:35,사료·비료 제조,True,https://file.localdata.go.kr/file/air_pollution_facility_installation/info
김제시,471100021201400006,(유)세진바이오,기타 비료 및 질소화합물 제조업,기타 비료 및 질소화합물 제조업,4종,유기질비료,영업/정상,전북특별자치도 김제시 성덕면 소석1길 173,2014-05-08,2014-11-25 10:40:34,사료·비료 제조,True,https://file.localdata.go.kr/file/air_pollution_facility_installation/info
김제시,471100021201500015,(유)에스제이엠,식물성 유지 제조업,식물성 유지 제조업,4종,사료/식용유,영업/정상,전북특별자치도 김제시 서흥공단2길 100 (흥사동),2016-01-06,2016-01-07 07:41:21,사료·비료 제조,True,https://file.localdata.go.kr/file/air_pollution_facility_installation/info
김제시,471100021201100009,(유)희성이엔텍,비료 및 질소화합물 제조업,비료 및 질소화합물 제조업,4종,,영업/정상,전북특별자치도 김제시 용지면 석정로 763-38,2012-01-06,2022-11-22 10:58:00,사료·비료 제조,True,https://file.localdata.go.kr/file/air_pollution_facility_installation/info
김제시,471100021200200020,(주)금성사료,,,,,영업/정상,전북특별자치도 김제시 오정동 170-28,2002-03-22,2002-03-22 18:23:52,사료·비료 제조,True,https://file.localdata.go.kr/file/air_pollution_facility_installation/info
김제시,471100021201400014,(주)농협사료 김제배합사료공장,,,1종,,영업/정상,전북특별자치도 김제시 하공로 222 (흥사동),2014-09-22,2014-10-15 17:39:45,사료·비료 제조,True,https://file.localdata.go.kr/file/air_pollution_facility_installation/info
김제시,471100021200400017,(주)농협사료 전북지사,사료 제조업,사료 제조업,1종,배합사료,영업/정상,전북특별자치도 김제시 하공로 222 (흥사동),2013-11-28,2026-04-29 13:10:15,사료·비료 제조,True,https://file.localdata.go.kr/file/air_pollution_facility_installation/info
김제시,471100021200500042,(주)농협사료김제배합사료공장,,,,,영업/정상,전북특별자치도 김제시 하공로 222 (흥사동),2005-08-08,2008-11-28 16:59:52,사료·비료 제조,True,https://file.localdata.go.kr/file/air_pollution_facility_installation/info
김제시,471100021201400009,(주)삼호유비,유기질 비료 및 상토 제조업,유기질 비료 및 상토 제조업,5종,,영업/정상,전북특별자치도 김제시 용지면 금백로 875,2014-07-10,2026-04-03 16:11:21,사료·비료 제조,True,https://file.localdata.go.kr/file/air_pollution_facility_installation/info
김제시,471100021201600002,(주)엘케이이노텍,유기질 비료 및 상토 제조업,유기질 비료 및 상토 제조업,4종,바이오숯,영업/정상,전북특별자치도 김제시 월촌공단길 110-32 (연정동),2016-05-18,2025-11-27 08:34:43,사료·비료 제조,True,https://file.localdata.go.kr/file/air_pollution_facility_installation/info
김제시,471100021200000067,(주)하림사료공장,사료 제조업,사료 제조업,2종,,영업/정상,전북특별자치도 김제시 만경읍 만경공단1길 25,1992-07-31,2026-08-19 16:43:27,사료·비료 제조,True,https://file.localdata.go.kr/file/air_pollution_facility_installation/info
김제시,471100021202000010,(주)희성산업 김제지점,기타 비료 및 질소화합물 제조업,기타 비료 및 질소화합물 제조업,5종,,영업/정상,전북특별자치도 김제시 용지면 석정로 781-26,2020-10-23,2025-05-08 09:26:11,사료·비료 제조,True,https://file.localdata.go.kr/file/air_pollution_facility_installation/info
김제시,471100021200500069,(주0농협사료김제배합사료공장,,,,,영업/정상,전북특별자치도 김제시 하공로 222 (흥사동),2005-12-28,2005-12-28 14:43:07,사료·비료 제조,True,https://file.localdata.go.kr/file/air_pollution_facility_installation/info
김제시,471100021200000029,금성사료,사료 제조업,사료 제조업,5종,,영업/정상,전북특별자치도 김제시 오정동 157-15,1993-03-09,2000-08-24 10:01:27,사료·비료 제조,True,https://file.localdata.go.kr/file/air_pollution_facility_installation/info
김제시,471100021202000005,농업회사법인 농협에코아그로(주)호남본부,유기질 비료 및 상토 제조업,유기질 비료 및 상토 제조업,5종,유기질비료,영업/정상,전북특별자치도 김제시 용지면 장신2길 33,2020-06-19,2024-07-05 09:08:48,사료·비료 제조,True,https://file.localdata.go.kr/file/air_pollution_facility_installation/info
김제시,471100021201900005,동진강낙농축협,동물용 사료 및 조제식품 제조업,동물용 사료 및 조제식품 제조업,4종,섬유질배합사료,영업/정상,전북특별자치도 김제시 금구면 옥성리 760,2019-10-20,2020-05-07 16:45:37,사료·비료 제조,True,https://file.localdata.go.kr/file/air_pollution_facility_installation/info
김제시,471100021201200010,삼광바이오텍(주),,,4종,단미사료,영업/정상,전북특별자치도 김제시 봉황로 1134 (월성동),2012-07-20,2025-12-03 15:37:52,사료·비료 제조,True,https://file.localdata.go.kr/file/air_pollution_facility_installation/info
김제시,471100021200000060,삼우실업,사료 제조업,사료 제조업,5종,,영업/정상,전북특별자치도 김제시 황산면 진흥리 159-5,1991-04-30,2000-08-25 10:45:53,사료·비료 제조,True,https://file.localdata.go.kr/file/air_pollution_facility_installation/info
김제시,471100021200000084,서울사료(주)김제공장,,,5종,,영업/정상,전북특별자치도 김제시 만경읍 만경공단1길 8,1994-12-06,2017-01-25 16:18:39,사료·비료 제조,True,https://file.localdata.go.kr/file/air_pollution_facility_installation/info
김제시,471100021200600021,서울사료(주)김제공장,,,,,영업/정상,전북특별자치도 김제시 만경읍 몽산리 106-26,2006-12-28,2006-12-28 13:51:48,사료·비료 제조,True,https://file.localdata.go.kr/file/air_pollution_facility_installation/info
김제시,471100021202000006,신흥영농조합법인,비료 및 질소화합물 제조업,비료 및 질소화합물 제조업,4종,,영업/정상,전북특별자치도 김제시 용지면 금백로 731-87,2020-07-10,2020-12-23 18:17:37,사료·비료 제조,True,https://file.localdata.go.kr/file/air_pollution_facility_installation/info
김제시,471100021202100006,유한회사 푸른솔 농업회사법인,기타 비료 및 질소화합물 제조업,기타 비료 및 질소화합물 제조업,5종,유기질비료,영업/정상,전북특별자치도 김제시 만경읍 소토길 67,2021-05-24,2025-08-06 17:10:28,사료·비료 제조,True,https://file.localdata.go.kr/file/air_pollution_facility_installation/info
김제시,471100021201700007,자연영농조합법인,비료 및 질소화합물 제조업,비료 및 질소화합물 제조업,4종,"부산물비료, 비탈면 녹화토",영업/정상,전북특별자치도 김제시 용지면 석정로 758,2017-06-14,2024-12-30 14:22:57,사료·비료 제조,True,https://file.localdata.go.kr/file/air_pollution_facility_installation/info
김제시,471100021201400010,전주김제완주축산업협동조합 김제자원순환센터,비료 및 질소화합물 제조업,비료 및 질소화합물 제조업,4종,,영업/정상,전북특별자치도 김제시 백산면 백석로 208,2014-07-10,2025-02-17 15:04:28,사료·비료 제조,True,https://file.localdata.go.kr/file/air_pollution_facility_installation/info
김제시,471100021200900005,주식회사팜스토리서울사료김제,사료 제조업,사료 제조업,3종,배합사료,영업/정상,전북특별자치도 김제시 만경읍 만경공단1길 8,2009-07-10,2025-01-02 14:08:43,사료·비료 제조,True,https://file.localdata.go.kr/file/air_pollution_facility_installation/info
김제시,471100021200500026,총체보리섬유질배합사료공장,사료 제조업,사료 제조업,4종,섬유질배합사료,영업/정상,전북특별자치도 김제시 황산면 황산로 518-164,2005-04-06,2025-11-27 08:39:07,사료·비료 제조,True,https://file.localdata.go.kr/file/air_pollution_facility_installation/info
김제시,471100021200000245,한미유지(주),사료 제조업,사료 제조업,,,영업/정상,전북특별자치도 김제시 죽산면 옥성리 245-11,2001-01-29,2001-01-29 15:13:33,사료·비료 제조,True,https://file.localdata.go.kr/file/air_pollution_facility_installation/info
김제시,471100021200000071,(유)금산,기타 발효주 제조업,기타 발효주 제조업,5종,,영업/정상,전북특별자치도 김제시 금산면 용호리 249-1,1993-05-21,2000-08-25 11:57:52,식품 제조,True,https://file.localdata.go.kr/file/air_pollution_facility_installation/info
김제시,471100021200000135,(유)단희물산,동물성 유지 제조업,동물성 유지 제조업,5종,,영업/정상,전북특별자치도 김제시 황산면 용마리 39-111,1998-02-03,2000-08-25 20:33:17,식품 제조,True,https://file.localdata.go.kr/file/air_pollution_facility_installation/info
김제시,471100021200000238,(유)대교농산,식품 첨가물 제조업,식품 첨가물 제조업,,,영업/정상,전북특별자치도 김제시 용지면 부교리 229-3,2000-11-28,2000-11-28 13:12:11,식품 제조,True,https://file.localdata.go.kr/file/air_pollution_facility_installation/info
김제시,471100021200500050,(유)옥정영농,곡물 도정업,곡물 도정업,4종,,영업/정상,전북특별자치도 김제시 부량면 죽백로 258,2005-10-24,2026-06-08 17:26:41,식품 제조,True,https://file.localdata.go.kr/file/air_pollution_facility_installation/info
김제시,471100021202100004,(유)한가람 농업회사법인,곡물 도정업,곡물 도정업,5종,청결미,영업/정상,전북특별자치도 김제시 여수해4길 1 (용동),2021-03-16,2021-03-16 10:39:14,식품 제조,True,https://file.localdata.go.kr/file/air_pollution_facility_installation/info
김제시,471100021200500037,(주)새만금농산농업회사법인,곡물 도정업,곡물 도정업,4종,청결미,영업/정상,전북특별자치도 김제시 죽산면 해학로 363,2005-07-13,2023-03-29 09:29:30,식품 제조,True,https://file.localdata.go.kr/file/air_pollution_facility_installation/info
김제시,471100021200700004,(주)엄지식품,,,,,영업/정상,전북특별자치도 김제시 오정동 170-14,2007-02-13,2007-02-13 10:35:05,식품 제조,True,https://file.localdata.go.kr/file/air_pollution_facility_installation/info
김제시,471100021201500013,(주)엄지식품,기타 식품 제조업,기타 식품 제조업,4종,만두,영업/정상,전북특별자치도 김제시 봉황공단2길 107 (오정동),2015-11-17,2026-02-24 16:55:11,식품 제조,True,https://file.localdata.go.kr/file/air_pollution_facility_installation/info
김제시,471100021200200003,(주)유성종합식품대표이사,,,,,영업/정상,전북특별자치도 김제시 용지면 부교리 229-3,2002-01-05,2002-01-05 10:47:10,식품 제조,True,https://file.localdata.go.kr/file/air_pollution_facility_installation/info
김제시,471100021200200001,(주0유성종합식품,,,,,영업/정상,전북특별자치도 김제시 용지면 부교리 229-3,2002-01-02,2002-01-02 16:10:45,식품 제조,True,https://file.localdata.go.kr/file/air_pollution_facility_installation/info
김제시,471100021200111480,공덕농협미곡종합처리장,곡물 도정업,곡물 도정업,4종,,영업/정상,전북특별자치도 김제시 공덕면 공덕7길 4,2001-12-13,2024-01-10 10:57:49,식품 제조,True,https://file.localdata.go.kr/file/air_pollution_facility_installation/info
김제시,471100021201900004,공덕농협협동조합,곡물 도정업,곡물 도정업,5종,,영업/정상,전북특별자치도 김제시 공덕면 회룡리 1294-4,2019-10-19,2020-06-25 16:48:08,식품 제조,True,https://file.localdata.go.kr/file/air_pollution_facility_installation/info
김제시,471100021201100004,광활농업협동조합,곡물 도정업,곡물 도정업,5종,도정곡물,영업/정상,전북특별자치도 김제시 광활면 광활3길 24 (367-4),2011-05-29,2025-12-03 15:44:04,식품 제조,True,https://file.localdata.go.kr/file/air_pollution_facility_installation/info
김제시,471100021200000066,광활농협미곡종합처리장,곡물 도정업,곡물 도정업,5종,,영업/정상,전북특별자치도 김제시 광활면 광활로 465,1992-06-26,2000-08-25 11:20:54,식품 제조,True,https://file.localdata.go.kr/file/air_pollution_facility_installation/info
김제시,471100021200500018,금만농업협동조합,곡물 도정업,곡물 도정업,4종,청결미,영업/정상,전북특별자치도 김제시 청하면 월현2길 24,2005-02-21,2017-04-11 13:37:02,식품 제조,True,https://file.localdata.go.kr/file/air_pollution_facility_installation/info
김제시,471100021200000059,금만농협청하지소,곡물 도정업,곡물 도정업,5종,,영업/정상,전북특별자치도 김제시 청하면 동지산리 794-12,1991-10-12,2000-08-25 10:27:57,식품 제조,True,https://file.localdata.go.kr/file/air_pollution_facility_installation/info
김제시,471100021200700011,금미영농조합법인,,,4종,쌀곡물도정업,영업/정상,전북특별자치도 김제시 광활면 지평선로 448,2007-04-05,2017-03-06 14:14:19,식품 제조,True,https://file.localdata.go.kr/file/air_pollution_facility_installation/info
김제시,471100021200000093,금호식품,음·식료품 제조업,음·식료품 제조업,5종,,영업/정상,전북특별자치도 김제시 성덕면 다복동2길 48,1988-09-20,2000-08-25 15:33:46,식품 제조,True,https://file.localdata.go.kr/file/air_pollution_facility_installation/info
김제시,471100021200000032,김제농협미곡종합처리장,곡물 도정업,곡물 도정업,5종,,영업/정상,전북특별자치도 김제시 요촌동 214-4,1993-08-17,2000-08-24 11:20:38,식품 제조,True,https://file.localdata.go.kr/file/air_pollution_facility_installation/info
김제시,471100021199300001,김제농협쌀조합공동사업법인,곡물 도정업,곡물 도정업,4종,도정 쌀,영업/정상,전북특별자치도 김제시 봉황로 1089 (월성동),1993-08-17,2026-05-21 13:45:00,식품 제조,True,https://file.localdata.go.kr/file/air_pollution_facility_installation/info
김제시,471100021201000001,김제농협협동조합죽산지점,곡물 도정업,곡물 도정업,5종,,영업/정상,전북특별자치도 김제시 죽산면 죽산리 600-14,2010-01-07,2010-01-08 09:25:30,식품 제조,True,https://file.localdata.go.kr/file/air_pollution_facility_installation/info
김제시,471100021200000043,김제산업,음·식료품 제조업,음·식료품 제조업,5종,,영업/정상,전북특별자치도 김제시 백구면 월봉리 633-4,1984-04-02,2000-08-24 16:28:04,식품 제조,True,https://file.localdata.go.kr/file/air_pollution_facility_installation/info
김제시,471100021201600001,농업회사 신벽골제 유한회사,곡물 도정업,곡물 도정업,4종,청결미,영업/정상,전북특별자치도 김제시 부량면 용골길 16,2016-03-18,2016-04-22 15:58:13,식품 제조,True,https://file.localdata.go.kr/file/air_pollution_facility_installation/info
김제시,471100021202300004,농업회사법인(유)나노히토류,곡물 도정업,곡물 도정업,4종,,영업/정상,전북특별자치도 김제시 청하면 갈산길 53,2023-10-27,2023-10-27 16:20:57,식품 제조,True,https://file.localdata.go.kr/file/air_pollution_facility_installation/info
김제시,471100021201300008,농업회사법인(유)성덕농산,곡물 도정업,곡물 도정업,4종,,영업/정상,전북특별자치도 김제시 부량면 금강로 291,2013-08-22,2025-12-03 15:35:59,식품 제조,True,https://file.localdata.go.kr/file/air_pollution_facility_installation/info
김제시,471100021201400011,농업회사법인(주) 우리농촌살리기 공동네트워크,곡물 도정업,곡물 도정업,4종,"보리,밀,잡곡",영업/정상,전북특별자치도 김제시 봉남면 봉산로 382,2014-08-18,2026-03-27 09:15:47,식품 제조,True,https://file.localdata.go.kr/file/air_pollution_facility_installation/info
김제시,471100021202400003,농업회사법인주식회사 우리농촌살리기 공동네트워크(우리밀제,곡물 제분업,곡물 제분업,4종,,영업/정상,전북특별자치도 김제시 황산면 봉산로 383,2024-07-08,2025-04-15 15:08:05,식품 제조,True,https://file.localdata.go.kr/file/air_pollution_facility_installation/info
김제시,471100021200000079,대일미분산업,음·식료품 제조업,음·식료품 제조업,5종,,영업/정상,전북특별자치도 김제시 봉남면 종덕리 232,1994-03-26,2000-08-25 14:42:36,식품 제조,True,https://file.localdata.go.kr/file/air_pollution_facility_installation/info
김제시,471100021200900002,대창위탁영농조합법인,곡물 도정업,곡물 도정업,5종,청결미,영업/정상,전북특별자치도 김제시 죽산면 해학로 236,2009-06-04,2024-02-21 08:46:23,식품 제조,True,https://file.localdata.go.kr/file/air_pollution_facility_installation/info
김제시,471100021200000041,만경도정공장,곡물 도정업,곡물 도정업,5종,,영업/정상,전북특별자치도 김제시 만경읍 몽산리 640,1982-06-04,2000-08-24 16:04:25,식품 제조,True,https://file.localdata.go.kr/file/air_pollution_facility_installation/info
김제시,471100021200000107,백구농업협동조합,곡물 도정업,곡물 도정업,4종,도정 쌀 등,영업/정상,전북특별자치도 김제시 백구면 황토로 1256,1995-10-06,2025-08-28 06:51:06,식품 제조,True,https://file.localdata.go.kr/file/air_pollution_facility_installation/info
김제시,471100021200000057,백제정미소,곡물 도정업,곡물 도정업,5종,,영업/정상,전북특별자치도 김제시 백구면 백구리 327-1,1991-02-01,2000-08-25 09:59:34,식품 제조,True,https://file.localdata.go.kr/file/air_pollution_facility_installation/info
김제시,471100021200000136,봉남농협미곡종합처리장,곡물 도정업,곡물 도정업,5종,,영업/정상,"전북특별자치도 김제시 봉남면 대송리 731-1,2",1998-04-01,2000-08-25 21:08:25,식품 제조,True,https://file.localdata.go.kr/file/air_pollution_facility_installation/info
김제시,471100021200000037,봉남도정공장,곡물 도정업,곡물 도정업,5종,,영업/정상,전북특별자치도 김제시 봉남면 대송리 631-1,1981-03-16,2000-08-24 14:39:17,식품 제조,True,https://file.localdata.go.kr/file/air_pollution_facility_installation/info
김제시,471100021200000125,부량농협도정공장,곡물 도정업,곡물 도정업,5종,,영업/정상,전북특별자치도 김제시 부량면 대평리 21-16,1993-05-21,2000-08-25 18:09:40,식품 제조,True,https://file.localdata.go.kr/file/air_pollution_facility_installation/info
김제시,471100021200111483,부량농협도정공장,,,,,영업/정상,전북특별자치도 김제시 부량면 대평리 21-15,2001-12-28,2001-12-28 14:46:50,식품 제조,True,https://file.localdata.go.kr/file/air_pollution_facility_installation/info
김제시,471100021200400063,부량농협도정공장,,,,,영업/정상,전북특별자치도 김제시 부량면 대평리,2004-07-01,2004-07-01 14:47:08,식품 제조,True,https://file.localdata.go.kr/file/air_pollution_facility_installation/info
김제시,471100021200000069,부량농협협동조합도정공장,곡물 도정업,곡물 도정업,5종,,영업/정상,전북특별자치도 김제시 부량면 대평리 21-15,1992-10-20,2000-08-25 11:47:42,식품 제조,True,https://file.localdata.go.kr/file/air_pollution_facility_installation/info
김제시,471100021200400031,서김제농협쌀조합공동사업법인,곡물 도정업,곡물 도정업,4종,,영업/정상,전북특별자치도 김제시 광활면 광활로 465,2004-07-01,2025-12-04 10:03:22,식품 제조,True,https://file.localdata.go.kr/file/air_pollution_facility_installation/info
김제시,471100021200400074,서김제농협쌀조합공동사업법인,곡물 도정업,곡물 도정업,4종,,영업/정상,전북특별자치도 김제시 진봉면 진봉로 480,2004-07-01,2020-01-22 17:21:39,식품 제조,True,https://file.localdata.go.kr/file/air_pollution_facility_installation/info
김제시,471100021200000012,신풍도정공장,곡물 도정업,곡물 도정업,5종,,영업/정상,전북특별자치도 김제시 용동 15-4,1987-08-24,2000-08-23 10:36:05,식품 제조,True,https://file.localdata.go.kr/file/air_pollution_facility_installation/info
김제시,471100021200000006,신화공장,곡물 도정업,곡물 도정업,5종,,영업/정상,전북특별자치도 김제시 검산동 872,1984-08-01,2000-08-22 16:46:51,식품 제조,True,https://file.localdata.go.kr/file/air_pollution_facility_installation/info
김제시,471100021200000115,신화식품,음·식료품 제조업,음·식료품 제조업,5종,,영업/정상,전북특별자치도 김제시 용지면 용암리 77-1,1996-02-06,2000-08-25 17:21:57,식품 제조,True,https://file.localdata.go.kr/file/air_pollution_facility_installation/info
김제시,471100021200200039,엄지식품,,,,,영업/정상,전북특별자치도 김제시 오정동 170-14,2002-07-26,2002-07-26 17:39:17,식품 제조,True,https://file.localdata.go.kr/file/air_pollution_facility_installation/info
김제시,471100021200600007,용관영농조합법인,곡물 도정업,곡물 도정업,,쌀,영업/정상,전북특별자치도 김제시 제월1길 9 (제월동),2006-06-12,2009-10-06 13:18:36,식품 제조,True,https://file.localdata.go.kr/file/air_pollution_facility_installation/info
김제시,471100021200000126,우주한과,음·식료품 제조업,음·식료품 제조업,5종,,영업/정상,전북특별자치도 김제시 황산면 용마리 43-13,1997-05-02,2000-08-25 19:12:51,식품 제조,True,https://file.localdata.go.kr/file/air_pollution_facility_installation/info
김제시,471100021200400024,유한회사 김제산업,곡물 도정업,곡물 도정업,4종,"도정된 쌀, 보리",영업/정상,전북특별자치도 김제시 만경읍 몽포길 52-6,2004-07-01,2025-10-02 13:08:28,식품 제조,True,https://file.localdata.go.kr/file/air_pollution_facility_installation/info
김제시,471100021200500065,이택영농조합법인(1공장),곡물 도정업,곡물 도정업,5종,일반미,영업/정상,전북특별자치도 김제시 봉남로 1096 (용동),2005-12-13,2023-11-24 15:10:41,식품 제조,True,https://file.localdata.go.kr/file/air_pollution_facility_installation/info
김제시,471100021201700009,이택영농조합법인(2공장),곡물 도정업,곡물 도정업,4종,일반미,영업/정상,전북특별자치도 김제시 봉남로 998 (황산동),2017-08-01,2023-11-24 15:16:52,식품 제조,True,https://file.localdata.go.kr/file/air_pollution_facility_installation/info
김제시,471100021202600003,주식회사 드림바이오랩,건강보조용 액화식품 제조업,건강보조용 액화식품 제조업,5종,,영업/정상,전북특별자치도 김제시 금산면 금산사로 145,2026-09-07,2026-09-07 14:58:16,식품 제조,True,https://file.localdata.go.kr/file/air_pollution_facility_installation/info
김제시,471100021201500008,주식회사 엄지식품(2공장),기타 식품 제조업,기타 식품 제조업,5종,"냉동볶음밥, 만두",영업/정상,전북특별자치도 김제시 봉황공단2길 77-8 (오정동),2015-06-23,2024-12-11 09:30:49,식품 제조,True,https://file.localdata.go.kr/file/air_pollution_facility_installation/info
김제시,471100021200000054,죽산농협서포정미소,곡물 도정업,곡물 도정업,5종,,영업/정상,전북특별자치도 김제시 죽산면 서포리 600-41,1989-10-18,2008-12-11 21:07:40,식품 제조,True,https://file.localdata.go.kr/file/air_pollution_facility_installation/info
김제시,471100021200111481,진봉농협미곡처리장,곡물 도정업,곡물 도정업,,,영업/정상,전북특별자치도 김제시 진봉면 고사리 4-13,2001-12-11,2001-12-14 17:00:48,식품 제조,True,https://file.localdata.go.kr/file/air_pollution_facility_installation/info
김제시,471100021200000094,진봉농협협동조합미곡처리장,곡물 도정업,곡물 도정업,5종,,영업/정상,전북특별자치도 김제시 진봉면 고사리 4-13,1994-07-09,2000-08-25 15:36:56,식품 제조,True,https://file.localdata.go.kr/file/air_pollution_facility_installation/info
김제시,471100021200000141,진표산업사,곡물 도정업,곡물 도정업,5종,,영업/정상,전북특별자치도 김제시 용동 15-16,1998-11-11,2000-08-26 11:45:18,식품 제조,True,https://file.localdata.go.kr/file/air_pollution_facility_installation/info
김제시,471100021201800009,청솔푸드,천연 및 혼합조제 조미료 제조업,천연 및 혼합조제 조미료 제조업,5종,고춧가루,영업/정상,전북특별자치도 김제시 금산면 용산리 11-25,2018-09-20,2018-10-09 10:06:44,식품 제조,True,https://file.localdata.go.kr/file/air_pollution_facility_installation/info
김제시,471100021201600004,코엔에프(유),기타 식품 제조업,기타 식품 제조업,4종,,영업/정상,전북특별자치도 김제시 금구면 봉두로 148-22,2016-07-22,2025-06-23 17:14:21,식품 제조,True,https://file.localdata.go.kr/file/air_pollution_facility_installation/info
김제시,471100021200000040,한국라이스식품(주),음·식료품 제조업,음·식료품 제조업,3종,,영업/정상,전북특별자치도 김제시 진봉면 정당리 281-1,1981-10-26,2000-08-24 15:11:57,식품 제조,True,https://file.localdata.go.kr/file/air_pollution_facility_installation/info
김제시,471100021200000242,한미유지(주),기타 채소 가공 및 저장 처리업,기타 채소 가공 및 저장 처리업,,,영업/정상,전북특별자치도 김제시 죽산면 대창리,2000-12-27,2000-12-28 09:45:16,식품 제조,True,https://file.localdata.go.kr/file/air_pollution_facility_installation/info
김제시,471100021200600001,(유)대신신재생산업,지정외 폐기물 처리업,지정외 폐기물 처리업,4종,,영업/정상,전북특별자치도 김제시 용지면 석정로 684,2006-01-10,2025-12-26 14:27:47,폐기물 처리·재활용,True,https://file.localdata.go.kr/file/air_pollution_facility_installation/info
김제시,471100021201800016,(유)대한환경,폐기물 처리업,폐기물 처리업,4종,재생골재,영업/정상,전북특별자치도 김제시 금구면 광현1길 84-36,2018-11-29,2025-12-03 15:27:41,폐기물 처리·재활용,True,https://file.localdata.go.kr/file/air_pollution_facility_installation/info
김제시,471100021201600007,(유)백제산업,폐기물 처리업,폐기물 처리업,5종,,영업/정상,전북특별자치도 김제시 용지면 용지로 230,2016-11-24,2025-12-03 17:52:43,폐기물 처리·재활용,True,https://file.localdata.go.kr/file/air_pollution_facility_installation/info
김제시,471100021201000003,(유)에스에이코리아,재생용 비금속가공원료 생산업,재생용 비금속가공원료 생산업,5종,,영업/정상,전북특별자치도 김제시 백산면 백산로 449,2010-02-16,2024-04-09 17:32:42,폐기물 처리·재활용,True,https://file.localdata.go.kr/file/air_pollution_facility_installation/info
김제시,471100021201900001,(유)전주환경,건설 폐기물 처리업,건설 폐기물 처리업,4종,,영업/정상,전북특별자치도 김제시 봉남면 대송로 174,2019-01-11,2026-06-15 17:38:15,폐기물 처리·재활용,True,https://file.localdata.go.kr/file/air_pollution_facility_installation/info
김제시,471100021202100002,(유)제경,폐기물 처리업,폐기물 처리업,4종,,영업/정상,전북특별자치도 김제시 석교1길 197 (복죽동),2021-03-11,2025-12-08 15:45:12,폐기물 처리·재활용,True,https://file.localdata.go.kr/file/air_pollution_facility_installation/info
김제시,471100021201200006,(주)글로벌환경,건설 폐기물 처리업,건설 폐기물 처리업,4종,순환골재외,영업/정상,전북특별자치도 김제시 용지면 신리길 321-18,2012-06-15,2026-03-25 18:46:53,폐기물 처리·재활용,True,https://file.localdata.go.kr/file/air_pollution_facility_installation/info
김제시,471100021201800001,(주)세경,폐기물 처리업,폐기물 처리업,4종,재생플라스틱 원료,영업/정상,전북특별자치도 김제시 백구면 번영로 2471,2018-01-10,2021-04-07 16:36:52,폐기물 처리·재활용,True,https://file.localdata.go.kr/file/air_pollution_facility_installation/info
김제시,471100021201800010,(주)천만금,건설 폐기물 처리업,건설 폐기물 처리업,4종,,영업/정상,전북특별자치도 김제시 금구면 광현1길 84-36,2018-10-12,2026-06-18 11:10:46,폐기물 처리·재활용,True,https://file.localdata.go.kr/file/air_pollution_facility_installation/info
김제시,471100021200500049,(주)청명산업,비금속원료 재생업,비금속원료 재생업,5종,유리,영업/정상,전북특별자치도 김제시 공덕면 황산리 920-3,2005-09-28,2020-01-11 20:02:31,폐기물 처리·재활용,True,https://file.localdata.go.kr/file/air_pollution_facility_installation/info
김제시,471100021201700011,그린이엔티(주),폐기물 처리업,폐기물 처리업,5종,재생골재,영업/정상,전북특별자치도 김제시 용지면 석정로 633,2017-09-07,2026-08-11 17:45:06,폐기물 처리·재활용,True,https://file.localdata.go.kr/file/air_pollution_facility_installation/info
김제시,471100021202600001,주식회사 그린,지정 외 폐기물 처리업,지정 외 폐기물 처리업,5종,,영업/정상,전북특별자치도 김제시 용지면 석정로 633,2026-05-21,2026-06-18 16:37:05,폐기물 처리·재활용,True,https://file.localdata.go.kr/file/air_pollution_facility_installation/info
김제시,471100021201500003,주식회사 키텍코리아,비금속원료 재생업,비금속원료 재생업,5종,재생용원료 선별품,영업/정상,전북특별자치도 김제시 만경읍 만경로 726,2015-04-17,2015-04-20 15:06:42,폐기물 처리·재활용,True,https://file.localdata.go.kr/file/air_pollution_facility_installation/info
김제시,471100021201100001,평화프라스틱,재생용 비금속가공원료 생산업,재생용 비금속가공원료 생산업,5종,재생원료,영업/정상,전북특별자치도 김제시 용마로 18 (난봉동),2011-03-25,2026-06-23 09:33:27,폐기물 처리·재활용,True,https://file.localdata.go.kr/file/air_pollution_facility_installation/info
김제시,471100021200000138,(유)경성상사,기타 화학제품 제조업,기타 화학제품 제조업,5종,,영업/정상,전북특별자치도 김제시 백구면 백구리 417,1998-06-23,2000-08-26 11:07:59,화학·합성수지·플라스틱 재생,True,https://file.localdata.go.kr/file/air_pollution_facility_installation/info
김제시,471100021202200003,(유)번창산업,합성수지 및 기타 플라스틱물질 제조업,합성수지 및 기타 플라스틱물질 제조업,5종,재생원료,영업/정상,전북특별자치도 김제시 봉황공단2길 78 (오정동),2022-08-18,2022-08-30 12:17:07,화학·합성수지·플라스틱 재생,True,https://file.localdata.go.kr/file/air_pollution_facility_installation/info
김제시,471100021201600005,(주)용산화학,가공 및 재생 플라스틱원료 생산업,가공 및 재생 플라스틱원료 생산업,4종,,영업/정상,전북특별자치도 김제시 모리생길 30 (상동동),2016-09-23,2026-02-05 21:08:01,화학·합성수지·플라스틱 재생,True,https://file.localdata.go.kr/file/air_pollution_facility_installation/info
김제시,471100021200500033,(주)자영,기타 화학제품 제조업,기타 화학제품 제조업,5종,시멘트혼화제,영업/정상,전북특별자치도 김제시 월촌공단길 73-34 (명덕동),2005-06-02,2019-04-15 17:41:49,화학·합성수지·플라스틱 재생,True,https://file.localdata.go.kr/file/air_pollution_facility_installation/info
김제시,471100021202100012,(주)케이더블유이앤씨,그외 기타 분류안된 화학제품 제조업,그외 기타 분류안된 화학제품 제조업,5종,요소수,영업/정상,전북특별자치도 김제시 금산면 구성길 524,2021-11-30,2022-08-01 10:33:25,화학·합성수지·플라스틱 재생,True,https://file.localdata.go.kr/file/air_pollution_facility_installation/info
김제시,471100021201700001,(주)혜성지테크,그외 기타 분류안된 화학제품 제조업,그외 기타 분류안된 화학제품 제조업,5종,,영업/정상,전북특별자치도 김제시 죽산면 죽산로 300-26,2017-02-17,2017-02-20 17:30:45,화학·합성수지·플라스틱 재생,True,https://file.localdata.go.kr/file/air_pollution_facility_installation/info
김제시,471100021200400157,대양화학,,,,,영업/정상,전북특별자치도 김제시 용지면 부교리 229-3,2004-12-21,2004-12-21 11:46:28,화학·합성수지·플라스틱 재생,True,https://file.localdata.go.kr/file/air_pollution_facility_installation/info
김제시,471100021199400003,백산환경,합성수지 및 기타 플라스틱물질 제조업,합성수지 및 기타 플라스틱물질 제조업,5종,,영업/정상,전북특별자치도 김제시 백산면 소라1길 115,1994-07-09,2024-02-29 10:56:44,화학·합성수지·플라스틱 재생,True,https://file.localdata.go.kr/file/air_pollution_facility_installation/info
김제시,471100021200400136,오케이리소스,가공 및 재생 플라스틱원료 생산업,가공 및 재생 플라스틱원료 생산업,4종,플라스틱분쇄품,영업/정상,전북특별자치도 김제시 황산면 남산리 366-3,2004-09-07,2019-03-21 11:03:46,화학·합성수지·플라스틱 재생,True,https://file.localdata.go.kr/file/air_pollution_facility_installation/info
김제시,471100021202300001,용준수지,가공 및 재생 플라스틱원료 생산업,가공 및 재생 플라스틱원료 생산업,5종,플라스틱 펠릿,영업/정상,전북특별자치도 김제시 금구면 대송로 388,2023-02-01,2023-02-13 17:31:50,화학·합성수지·플라스틱 재생,True,https://file.localdata.go.kr/file/air_pollution_facility_installation/info
김제시,471100021200100006,한일수지,그외 기타 화학제품 제조업,그외 기타 화학제품 제조업,,,영업/정상,전북특별자치도 김제시 백구면 235-3,2001-01-29,2001-01-29 15:42:59,화학·합성수지·플라스틱 재생,True,https://file.localdata.go.kr/file/air_pollution_facility_installation/info
익산시,468100021201500034,(주)싱그린에프에스,도축업,도축업,5종,,영업/정상,"전북특별자치도 익산시 용안면 익산대로 2078, 씽그린푸드시시템",2015-12-31,2024-01-16 18:09:11,도축·육가공,True,https://file.localdata.go.kr/file/air_pollution_facility_installation/info
익산시,468100021201400013,(주)축림,"도축, 육류 가공 및 저장 처리업","도축, 육류 가공 및 저장 처리업",4종,,영업/정상,전북특별자치도 익산시 현영길 94 (현영동),2014-10-21,2021-07-16 16:50:11,도축·육가공,True,https://file.localdata.go.kr/file/air_pollution_facility_installation/info
익산시,468100021200600012,(주)하림,가금류 가공 및 저장 처리업,가금류 가공 및 저장 처리업,1종,,영업/정상,전북특별자치도 익산시 망성면 망성로 14,1991-05-22,2024-12-12 13:25:50,도축·육가공,True,https://file.localdata.go.kr/file/air_pollution_facility_installation/info
익산시,468100021199900757,(주)하림 제2공장,가금류 가공 및 저장 처리업,가금류 가공 및 저장 처리업,4종,,영업/정상,전북특별자치도 익산시 낭산면 낭산농공단지길 40,1999-06-18,2025-12-29 11:14:05,도축·육가공,True,https://file.localdata.go.kr/file/air_pollution_facility_installation/info
익산시,468100021201200003,(유)도형,아스콘 제조업,아스콘 제조업,2종,아스콘,영업/정상,"전북특별자치도 익산시 황등면 석재길 22, , 60-5, 60-6번지",2012-01-09,2023-03-13 11:06:12,레미콘·아스콘,True,https://file.localdata.go.kr/file/air_pollution_facility_installation/info
익산시,468100021201300014,(유)도형레미콘,,,4종,,영업/정상,전북특별자치도 익산시 황등면 석재길 23,2013-10-28,2021-07-16 15:49:32,레미콘·아스콘,True,https://file.localdata.go.kr/file/air_pollution_facility_installation/info
익산시,468100021199060006,(유)문광산업개발,아스콘 제조업,아스콘 제조업,2종,아스콘,영업/정상,전북특별자치도 익산시 낭산면 남천로 531,1990-03-20,2026-02-25 19:41:43,레미콘·아스콘,True,https://file.localdata.go.kr/file/air_pollution_facility_installation/info
익산시,468100021199300959,(유)서부아스콘,,,2종,,영업/정상,전북특별자치도 익산시 왕궁면 제석사지로 359,1993-03-19,2025-05-20 19:55:08,레미콘·아스콘,True,https://file.localdata.go.kr/file/air_pollution_facility_installation/info
익산시,468100021201200016,(유)익산아스콘,아스콘 제조업,아스콘 제조업,2종,,영업/정상,전북특별자치도 익산시 낭산면 남천로 545,2012-11-30,2024-11-08 11:25:57,레미콘·아스콘,True,https://file.localdata.go.kr/file/air_pollution_facility_installation/info
익산시,468100021200800010,(유)재건콘크리트,레미콘 제조업,레미콘 제조업,5종,,영업/정상,전북특별자치도 익산시 왕궁면 우주로 193,2008-03-26,2026-08-18 16:45:10,레미콘·아스콘,True,https://file.localdata.go.kr/file/air_pollution_facility_installation/info
익산시,468100021199060007,(유)중앙레미콘,,,5종,,영업/정상,전북특별자치도 익산시 왕궁면 광암리 581-9,1990-03-20,2009-06-15 18:52:05,레미콘·아스콘,True,https://file.localdata.go.kr/file/air_pollution_facility_installation/info
익산시,468100021199700611,(유)코리아레미콘,레미콘 제조업,레미콘 제조업,4종,레미콘,영업/정상,전북특별자치도 익산시 춘포면 궁성로 194,1997-10-22,2021-07-29 09:35:55,레미콘·아스콘,True,https://file.localdata.go.kr/file/air_pollution_facility_installation/info
익산시,468100021199100009,(유)토석산업,레미콘 제조업,레미콘 제조업,4종,레미콘,영업/정상,전북특별자치도 익산시 오산면 군익로 342,2013-01-08,2024-01-23 18:10:48,레미콘·아스콘,True,https://file.localdata.go.kr/file/air_pollution_facility_installation/info
익산시,468100021198300073,(주)대동남,레미콘 제조업,레미콘 제조업,4종,비금속광물,영업/정상,전북특별자치도 익산시 무왕로 1471 (팔봉동),1983-08-06,2024-07-16 08:44:01,레미콘·아스콘,True,https://file.localdata.go.kr/file/air_pollution_facility_installation/info
익산시,468100021199000310,(주)대명콘크리트,레미콘 제조업,레미콘 제조업,5종,,영업/정상,전북특별자치도 익산시 왕궁면 광암리 581-9,2001-01-13,2002-03-19 14:10:29,레미콘·아스콘,True,https://file.localdata.go.kr/file/air_pollution_facility_installation/info
익산시,468100021199300001,(주)덕산,아스콘 제조업,아스콘 제조업,3종,"아스콘, 재생아스콘",영업/정상,전북특별자치도 익산시 함열읍 미륵사지로 1156,1993-05-21,2023-11-06 08:51:47,레미콘·아스콘,True,https://file.localdata.go.kr/file/air_pollution_facility_installation/info
익산시,468100021201400001,(주)덕산레미콘,레미콘 제조업,레미콘 제조업,4종,레미콘,영업/정상,전북특별자치도 익산시 함열읍 미륵사지로 1170,2014-02-07,2021-10-19 18:03:39,레미콘·아스콘,True,https://file.localdata.go.kr/file/air_pollution_facility_installation/info
익산시,468100021199200001,(주)서부,레미콘 제조업,레미콘 제조업,4종,,영업/정상,전북특별자치도 익산시 왕궁면 제석사지로 359,2018-10-22,2026-04-15 10:00:26,레미콘·아스콘,True,https://file.localdata.go.kr/file/air_pollution_facility_installation/info
익산시,468100021199300009,주식회사 승일아스콘,아스콘 제조업,아스콘 제조업,2종,,영업/정상,전북특별자치도 익산시 왕궁면 무왕로 2243-8,1993-09-13,2022-09-29 16:18:07,레미콘·아스콘,True,https://file.localdata.go.kr/file/air_pollution_facility_installation/info
익산시,468100021200700001,케이테크개발(주),레미콘 제조업,레미콘 제조업,5종,레미콘,영업/정상,전북특별자치도 익산시 여산면 여산리 8-1,2007-02-08,2007-02-08 14:14:50,레미콘·아스콘,True,https://file.localdata.go.kr/file/air_pollution_facility_installation/info
익산시,468100021201300007,한성레미콘(주),,,4종,,영업/정상,전북특별자치도 익산시 춘포면 증보들길 302-33,2013-06-18,2021-07-16 15:09:30,레미콘·아스콘,True,https://file.localdata.go.kr/file/air_pollution_facility_installation/info
익산시,468100021200600013,(주)그린바이텍,동물용 사료 및 조제식품 제조업,동물용 사료 및 조제식품 제조업,1종,,영업/정상,전북특별자치도 익산시 망성면 망성로 12,2000-06-28,2018-07-26 22:06:16,사료·비료 제조,True,https://file.localdata.go.kr/file/air_pollution_facility_installation/info
익산시,468100021202200016,(주)엔텍바이오에스,단미사료 및 기타 사료 제조업,단미사료 및 기타 사료 제조업,4종,,영업/정상,"전북특별자치도 익산시 성당면 성당로 413-9, , 357-3",2022-08-22,2025-07-17 22:25:45,사료·비료 제조,True,https://file.localdata.go.kr/file/air_pollution_facility_installation/info
익산시,468100021201000004,농업회사법인 생명바이오(주),비료 및 질소화합물 제조업,비료 및 질소화합물 제조업,5종,부산물비료,영업/정상,전북특별자치도 익산시 왕궁면 왕궁로 274-95,2010-05-12,2026-03-23 11:18:24,사료·비료 제조,True,https://file.localdata.go.kr/file/air_pollution_facility_installation/info
익산시,468100021200600006,동일농산(주),동물용 사료 및 조제식품 제조업,동물용 사료 및 조제식품 제조업,4종,,영업/정상,전북특별자치도 익산시 왕궁면 간동길 6,2006-05-24,2021-12-20 09:23:16,사료·비료 제조,True,https://file.localdata.go.kr/file/air_pollution_facility_installation/info
익산시,468100021202300002,라온,단미사료 및 기타 사료 제조업,단미사료 및 기타 사료 제조업,5종,,영업/정상,전북특별자치도 익산시 함열읍 상조석재길 6,2023-05-16,2026-06-05 09:03:52,사료·비료 제조,True,https://file.localdata.go.kr/file/air_pollution_facility_installation/info
익산시,468100021201300005,영농조합법인 부성,유기질 비료 및 상토 제조업,유기질 비료 및 상토 제조업,5종,유기질 비료,영업/정상,전북특별자치도 익산시 왕궁면 쌍제1길 45,2013-04-25,2025-08-07 11:36:29,사료·비료 제조,True,https://file.localdata.go.kr/file/air_pollution_facility_installation/info
익산시,468100021201000003,영농조합법인 참농,기타 비료 및 질소화합물 제조업,기타 비료 및 질소화합물 제조업,5종,비료,영업/정상,전북특별자치도 익산시 왕궁면 건너들길 173,2010-04-01,2021-07-15 16:32:38,사료·비료 제조,True,https://file.localdata.go.kr/file/air_pollution_facility_installation/info
익산시,468100021201500025,유한회사 삼화그린웰,기타 비료 및 질소화합물 제조업,기타 비료 및 질소화합물 제조업,3종,,영업/정상,"전북특별자치도 익산시 왕궁면 왕궁로 205-9, 삼화그린우림",2015-12-30,2025-01-20 14:44:42,사료·비료 제조,True,https://file.localdata.go.kr/file/air_pollution_facility_installation/info
익산시,468100021201100001,익산군산축산업협동조합,기타 비료 및 질소화합물 제조업,기타 비료 및 질소화합물 제조업,5종,비료,영업/정상,"전북특별자치도 익산시 용안면 함열로 291-77, 익산군산축협경축자원화센터",2011-03-11,2024-04-01 17:44:56,사료·비료 제조,True,https://file.localdata.go.kr/file/air_pollution_facility_installation/info
익산시,468100021201300013,익산황토우영농조합법인,동물용 사료 및 조제식품 제조업,동물용 사료 및 조제식품 제조업,4종,사료,영업/정상,전북특별자치도 익산시 황등면 동연리 704-4,2013-12-09,2022-02-17 15:55:54,사료·비료 제조,True,https://file.localdata.go.kr/file/air_pollution_facility_installation/info
익산시,468100021199500479,제일사료(주),동물용 사료 및 조제식품 제조업,동물용 사료 및 조제식품 제조업,3종,사료,영업/정상,전북특별자치도 익산시 황등면 시와로 63,1995-08-15,2024-01-16 18:05:47,사료·비료 제조,True,https://file.localdata.go.kr/file/air_pollution_facility_installation/info
익산시,468100021200600003,지니스생명공학(주),사료 제조업,사료 제조업,5종,,영업/정상,전북특별자치도 익산시 왕궁면 구덕리,2006-04-14,2008-02-27 17:05:37,사료·비료 제조,True,https://file.localdata.go.kr/file/air_pollution_facility_installation/info
익산시,468100021202400002,(주)베스트솔트,기타 식품 첨가물 제조업,기타 식품 첨가물 제조업,5종,,영업/정상,"전북특별자치도 익산시 오산면 번영로 1858-19, 경문산업",2024-03-15,2024-03-20 09:04:28,식품 제조,True,https://file.localdata.go.kr/file/air_pollution_facility_installation/info
익산시,468100021200301022,(주)부림,곡물 도정업,곡물 도정업,4종,,영업/정상,전북특별자치도 익산시 함열읍 익산대로 1666-47,2003-07-30,2021-07-15 09:57:34,식품 제조,True,https://file.localdata.go.kr/file/air_pollution_facility_installation/info
익산시,468100021200700018,(주)에이치엔지에프,천연 및 혼합조제 조미료 제조업,천연 및 혼합조제 조미료 제조업,5종,고추가루,영업/정상,전북특별자치도 익산시 신기길 12 (만석동),2007-11-07,2022-02-14 16:39:37,식품 제조,True,https://file.localdata.go.kr/file/air_pollution_facility_installation/info
익산시,468100021202500004,(주)에이치엔지에프 익산지점,천연 및 혼합 조제 조미료 제조업,천연 및 혼합 조제 조미료 제조업,5종,,영업/정상,전북특별자치도 익산시 현영길 56 (만석동),2025-08-13,2025-09-29 13:31:09,식품 제조,True,https://file.localdata.go.kr/file/air_pollution_facility_installation/info
익산시,468100021201500007,(주)에이치엔지에프 제1공장,천연 및 혼합조제 조미료 제조업,천연 및 혼합조제 조미료 제조업,5종,고추가루,영업/정상,전북특별자치도 익산시 신기길 20 (만석동),2015-07-08,2021-07-15 15:11:32,식품 제조,True,https://file.localdata.go.kr/file/air_pollution_facility_installation/info
익산시,468100021201140005,금마영농조합법인,곡물 도정업,곡물 도정업,5종,청결미,영업/정상,전북특별자치도 익산시 금마면 미륵사지로 249,2011-03-11,2026-06-18 15:43:42,식품 제조,True,https://file.localdata.go.kr/file/air_pollution_facility_installation/info
익산시,468100021200500010,금성산업,전분 및 당류 제조업,전분 및 당류 제조업,5종,,영업/정상,전북특별자치도 익산시 인북로10길 20-3 (인화동1가),2005-11-21,2023-08-21 11:23:31,식품 제조,True,https://file.localdata.go.kr/file/air_pollution_facility_installation/info
익산시,468100021201700003,농업회사법인 가온농산(주),기타 과실·채소 가공 및 저장처리업,기타 과실·채소 가공 및 저장처리업,4종,건고추,영업/정상,전북특별자치도 익산시 성당면 성당로 413-47,2017-03-29,2025-12-08 10:19:22,식품 제조,True,https://file.localdata.go.kr/file/air_pollution_facility_installation/info
익산시,468100021199770008,농업회사법인(유)순성,곡물 도정업,곡물 도정업,4종,,영업/정상,전북특별자치도 익산시 망성면 무형길 412 (농십미곡처리장),1997-01-28,2021-07-20 08:45:49,식품 제조,True,https://file.localdata.go.kr/file/air_pollution_facility_installation/info
익산시,468100021200700017,농업회사법인유한회사미미농산,곡물 도정업,곡물 도정업,5종,쌀,영업/정상,전북특별자치도 익산시 강경1길 65-35 (유)미미농장왕지라이스센터 (금강동),2007-11-07,2023-02-15 16:44:47,식품 제조,True,https://file.localdata.go.kr/file/air_pollution_facility_installation/info
익산시,468100021199300006,농협양곡(주)익산통합미곡종합처리장,곡물 도정업,곡물 도정업,4종,,영업/정상,전북특별자치도 익산시 함열읍 함낭로 428,2001-11-22,2021-07-13 16:08:00,식품 제조,True,https://file.localdata.go.kr/file/air_pollution_facility_installation/info
익산시,468100021200000024,명천영농조합법인,곡물 도정업,곡물 도정업,4종,백미,영업/정상,전북특별자치도 익산시 낭산면 호암신동길 43,2000-07-27,2019-01-10 12:58:14,식품 제조,True,https://file.localdata.go.kr/file/air_pollution_facility_installation/info
익산시,468100021201300006,미소드림 영농조합법인,곡물 도정업,곡물 도정업,4종,,영업/정상,전북특별자치도 익산시 여산면 여강로 401 (85-51),2013-05-08,2021-07-16 14:54:21,식품 제조,True,https://file.localdata.go.kr/file/air_pollution_facility_installation/info
익산시,468100021200600011,삼양식품(주)익산공장,"국수, 라면 및 유사식품 제조업","국수, 라면 및 유사식품 제조업",2종,,영업/정상,전북특별자치도 익산시 익산대로21길 1-12 (모현동2가),1979-06-27,2026-07-14 15:26:19,식품 제조,True,https://file.localdata.go.kr/file/air_pollution_facility_installation/info
익산시,468100021200700015,서익산미곡처리장,곡물 도정업,곡물 도정업,5종,,영업/정상,전북특별자치도 익산시 용안면 용북로 66,2007-10-22,2021-07-29 09:44:25,식품 제조,True,https://file.localdata.go.kr/file/air_pollution_facility_installation/info
익산시,468100021201100011,영농조합법인대신웰빙미곡처리장,곡물 도정업,곡물 도정업,5종,,영업/정상,"전북특별자치도 익산시 오산면 남오산길 70, 건조장",2011-04-29,2022-08-25 11:28:59,식품 제조,True,https://file.localdata.go.kr/file/air_pollution_facility_installation/info
익산시,468100021199500072,우성식품,,,4종,,영업/정상,전북특별자치도 익산시 현영동 257-2,1995-06-20,2007-07-27 11:10:59,식품 제조,True,https://file.localdata.go.kr/file/air_pollution_facility_installation/info
익산시,468100021200700019,익산농협미곡종합처리장,곡물 도정업,곡물 도정업,4종,쌀,영업/정상,전북특별자치도 익산시 강경1길 9 (금강동),2007-12-10,2021-07-29 10:16:55,식품 제조,True,https://file.localdata.go.kr/file/air_pollution_facility_installation/info
익산시,468100021201800001,중신영농조합법인,곡물 도정업,곡물 도정업,4종,,영업/정상,전북특별자치도 익산시 망성면 여강로 639,2018-01-17,2023-04-05 10:24:53,식품 제조,True,https://file.localdata.go.kr/file/air_pollution_facility_installation/info
익산시,468100021200100795,황등농협RPC,곡물 도정업,곡물 도정업,4종,,영업/정상,전북특별자치도 익산시 황등면 황등서로 146,2001-03-27,2025-08-01 11:03:41,식품 제조,True,https://file.localdata.go.kr/file/air_pollution_facility_installation/info
익산시,468100021199200300,황등도정공장,,,5종,,영업/정상,전북특별자치도 익산시 황등면 황등리 999-7,1992-12-07,2021-01-19 13:29:03,식품 제조,True,https://file.localdata.go.kr/file/air_pollution_facility_installation/info
익산시,468100021201500012,(유)가나환경,건설 폐기물 처리업,건설 폐기물 처리업,5종,"재생골재, 석분",영업/정상,전북특별자치도 익산시 왕궁면 호남로 200,2015-10-19,2024-12-16 09:31:52,폐기물 처리·재활용,True,https://file.localdata.go.kr/file/air_pollution_facility_installation/info
익산시,468100021201600004,(유)계룡환경산업,지정외 폐기물 처리업,지정외 폐기물 처리업,4종,,영업/정상,전북특별자치도 익산시 함열읍 흘산로 522,2016-03-21,2026-02-02 14:47:57,폐기물 처리·재활용,True,https://file.localdata.go.kr/file/air_pollution_facility_installation/info
익산시,468100021201800008,(유)다일환경산업,건축폐기물 처리업,건축폐기물 처리업,4종,,영업/정상,전북특별자치도 익산시 왕궁면 온수1길 30-21 (유한)다일환경산업,2018-10-23,2022-06-17 18:00:25,폐기물 처리·재활용,True,https://file.localdata.go.kr/file/air_pollution_facility_installation/info
익산시,468100021202300005,(유)만경개발,건설 폐기물 처리업,건설 폐기물 처리업,4종,,영업/정상,전북특별자치도 익산시 함열읍 흘산리 485-1,2023-07-13,2023-07-14 10:24:45,폐기물 처리·재활용,True,https://file.localdata.go.kr/file/air_pollution_facility_installation/info
익산시,468100021202200008,(유)제이와이산업,폐기물 처리업,폐기물 처리업,4종,,영업/정상,전북특별자치도 익산시 덕기1길 116 (덕기동),2022-05-13,2023-02-22 13:08:04,폐기물 처리·재활용,True,https://file.localdata.go.kr/file/air_pollution_facility_installation/info
익산시,468100021201800007,(유)진영환경,건축폐기물 처리업,건축폐기물 처리업,4종,,영업/정상,"전북특별자치도 익산시 춘포면 석암로11길 206, ,202-3, 203, 203-3, 204, 205",2018-10-22,2025-04-04 10:45:54,폐기물 처리·재활용,True,https://file.localdata.go.kr/file/air_pollution_facility_installation/info
익산시,468100021202200009,(유)초록환경,건설 폐기물 처리업,건설 폐기물 처리업,4종,,영업/정상,"전북특별자치도 익산시 황등면 도선길 145, ,13-22",2021-10-27,2022-06-20 15:26:36,폐기물 처리·재활용,True,https://file.localdata.go.kr/file/air_pollution_facility_installation/info
익산시,468100021201700009,(유)해머,지정외 폐기물 처리업,지정외 폐기물 처리업,4종,,영업/정상,전북특별자치도 익산시 왕궁면 우주로 75,2017-09-26,2026-01-09 09:42:04,폐기물 처리·재활용,True,https://file.localdata.go.kr/file/air_pollution_facility_installation/info
익산시,468100021201300012,(주)대진테크,폐기물 처리업,폐기물 처리업,4종,목재류,영업/정상,전북특별자치도 익산시 왕궁면 흥암길 124,2013-10-21,2021-07-16 15:45:08,폐기물 처리·재활용,True,https://file.localdata.go.kr/file/air_pollution_facility_installation/info
익산시,468100021201900006,(주)에코건설산업,건축폐기물 처리업,건축폐기물 처리업,4종,,영업/정상,"전북특별자치도 익산시 낭산면 미륵사지로 1005, 외 28필지(21,906㎡)",2019-06-03,2026-06-16 17:59:35,폐기물 처리·재활용,True,https://file.localdata.go.kr/file/air_pollution_facility_installation/info
익산시,468100021201600002,(주)이도코리아(춘포지점),비금속원료 재생업,비금속원료 재생업,4종,플라스틱재생원료,영업/정상,전북특별자치도 익산시 춘포면 초삼1길 27,2016-01-05,2025-01-02 11:29:34,폐기물 처리·재활용,True,https://file.localdata.go.kr/file/air_pollution_facility_installation/info
익산시,468100021200800007,(주)이엠케이승경,지정외 폐기물 처리업,지정외 폐기물 처리업,1종,,영업/정상,전북특별자치도 익산시 춘포면 궁성로 188-14,2008-02-28,2019-10-27 13:06:53,폐기물 처리·재활용,True,https://file.localdata.go.kr/file/air_pollution_facility_installation/info
익산시,468100021200700002,(주)인도산업,재생용 비금속가공원료 생산업,재생용 비금속가공원료 생산업,4종,,영업/정상,전북특별자치도 익산시 여산면 두여리 426-27,2007-02-20,2007-02-20 15:17:18,폐기물 처리·재활용,True,https://file.localdata.go.kr/file/air_pollution_facility_installation/info
익산시,468100021201000008,(주)한결그린,지정외 폐기물 처리업,지정외 폐기물 처리업,5종,폐플라스틱재생원료,영업/정상,전북특별자치도 익산시 웅포면 칠목재로 316 (대한청정),2016-04-18,2023-12-08 14:42:40,폐기물 처리·재활용,True,https://file.localdata.go.kr/file/air_pollution_facility_installation/info
익산시,468100021200000842,경일수지,재생용 비금속가공원료 생산업,재생용 비금속가공원료 생산업,5종,,영업/정상,전북특별자치도 익산시 용동면 대조리 50-11,2000-12-11,2002-03-19 09:24:53,폐기물 처리·재활용,True,https://file.localdata.go.kr/file/air_pollution_facility_installation/info
익산시,468100021201115000,씨이케이바이오익산(주),폐기물 처리업,폐기물 처리업,3종,,영업/정상,전북특별자치도 익산시 하나로 48-26 (금강동),2011-10-31,2025-12-23 13:29:59,폐기물 처리·재활용,True,https://file.localdata.go.kr/file/air_pollution_facility_installation/info
익산시,468100021201500015,에스엔산업,폐기물 처리업,폐기물 처리업,5종,,영업/정상,전북특별자치도 익산시 왕궁면 쌍제1길 69,2015-12-02,2024-01-16 18:01:10,폐기물 처리·재활용,True,https://file.localdata.go.kr/file/air_pollution_facility_installation/info
익산시,468100021202100008,에이치에스켐,지정외 폐기물 처리업,지정외 폐기물 처리업,5종,,영업/정상,"전북특별자치도 익산시 성당면 수산1길 27, ,275-2",2021-09-28,2021-10-28 09:11:38,폐기물 처리·재활용,True,https://file.localdata.go.kr/file/air_pollution_facility_installation/info
익산시,468100021201200010,오성수지,폐기물 처리업,폐기물 처리업,5종,,영업/정상,전북특별자치도 익산시 심암길 5 (석암동),2012-05-14,2021-11-11 12:48:35,폐기물 처리·재활용,True,https://file.localdata.go.kr/file/air_pollution_facility_installation/info
익산시,468100021202200005,유한회사 대한산업,비금속원료 재생업,비금속원료 재생업,5종,,영업/정상,전북특별자치도 익산시 황등면 익산대로 1090,2022-01-06,2026-02-09 09:24:06,폐기물 처리·재활용,True,https://file.localdata.go.kr/file/air_pollution_facility_installation/info
익산시,468100021201500021,익산공공하수처리시설,"하수처리, 폐기물처리 및 청소관련 서비스업","하수처리, 폐기물처리 및 청소관련 서비스업",3종,,영업/정상,전북특별자치도 익산시 하나로 68 (금강동),2015-12-28,2026-02-04 09:57:25,폐기물 처리·재활용,True,https://file.localdata.go.kr/file/air_pollution_facility_installation/info
익산시,468100021200700009,익산시,폐기물 처리업,폐기물 처리업,1종,,영업/정상,전북특별자치도 익산시 부송동 157-12,2007-07-02,2007-07-02 18:17:17,폐기물 처리·재활용,True,https://file.localdata.go.kr/file/air_pollution_facility_installation/info
익산시,468100021201200006,정우화인(주)왕궁공장,폐기물 처리업,폐기물 처리업,4종,폴리우레탄 폼,영업/정상,전북특별자치도 익산시 왕궁면 궁성로 450,2012-04-03,2022-12-02 11:03:08,폐기물 처리·재활용,True,https://file.localdata.go.kr/file/air_pollution_facility_installation/info
익산시,468100021200900006,주식회사 에스아이머트리얼즈,재생용 비금속가공원료 생산업,재생용 비금속가공원료 생산업,4종,"철용기류 2700톤/연, 절연지 600톤/연",영업/정상,전북특별자치도 익산시 성당면 성당로 279,2009-07-22,2026-07-07 09:47:55,폐기물 처리·재활용,True,https://file.localdata.go.kr/file/air_pollution_facility_installation/info
익산시,468100021201900002,주식회사 유현테크,건축폐기물 처리업,건축폐기물 처리업,4종,,영업/정상,전북특별자치도 익산시 함열읍 익산대로 1676-28 (부흥카센타),2019-02-19,2026-05-07 17:58:45,폐기물 처리·재활용,True,https://file.localdata.go.kr/file/air_pollution_facility_installation/info
익산시,468100021198900319,주식회사 젠스힐,폐기물 처리업,폐기물 처리업,4종,"용기류,보도블럭등",영업/정상,전북특별자치도 익산시 왕궁면 쌍제1길 85,1989-01-28,2026-08-18 09:01:49,폐기물 처리·재활용,True,https://file.localdata.go.kr/file/air_pollution_facility_installation/info
익산시,468100021201100010,태산스크랩,비금속원료 재생업,비금속원료 재생업,5종,,영업/정상,전북특별자치도 익산시 함열읍 상조석재길 6,2011-09-01,2021-07-15 17:20:31,폐기물 처리·재활용,True,https://file.localdata.go.kr/file/air_pollution_facility_installation/info
익산시,468100021202100007,(유)대원이엔지,가공 및 재생 플라스틱원료 생산업,가공 및 재생 플라스틱원료 생산업,4종,,영업/정상,전북특별자치도 익산시 성당면 성당로 413-130,2021-09-06,2021-09-28 11:06:00,화학·합성수지·플라스틱 재생,True,https://file.localdata.go.kr/file/air_pollution_facility_installation/info
익산시,468100021200900004,(유)도원그린산업,합성수지 및 기타 플라스틱물질 제조업,합성수지 및 기타 플라스틱물질 제조업,5종,,영업/정상,전북특별자치도 익산시 왕궁면 안림길 31-5,2009-04-06,2021-07-15 16:08:57,화학·합성수지·플라스틱 재생,True,https://file.localdata.go.kr/file/air_pollution_facility_installation/info
익산시,468100021201500038,(유)시온산업,가공 및 재생 플라스틱원료 생산업,가공 및 재생 플라스틱원료 생산업,4종,,영업/정상,전북특별자치도 익산시 삼기면 백제로 1489,2016-01-04,2021-07-20 09:15:53,화학·합성수지·플라스틱 재생,True,https://file.localdata.go.kr/file/air_pollution_facility_installation/info
익산시,468100021201500023,(유)신흥케미칼,가공 및 재생 플라스틱원료 생산업,가공 및 재생 플라스틱원료 생산업,4종,,영업/정상,"전북특별자치도 익산시 용동면 대조리 50-9,50-11,50-12",2015-12-28,2021-07-19 15:57:02,화학·합성수지·플라스틱 재생,True,https://file.localdata.go.kr/file/air_pollution_facility_installation/info
익산시,468100021201500019,(유)태광산업,가공 및 재생 플라스틱원료 생산업,가공 및 재생 플라스틱원료 생산업,4종,,영업/정상,전북특별자치도 익산시 함열읍 박전길 43-15,2015-12-08,2024-12-10 15:24:22,화학·합성수지·플라스틱 재생,True,https://file.localdata.go.kr/file/air_pollution_facility_installation/info
익산시,468100021202100006,(주)성진프라스틱,가공 및 재생 플라스틱원료 생산업,가공 및 재생 플라스틱원료 생산업,5종,,영업/정상,전북특별자치도 익산시 춘포면 증보들길 302-41 (주)성진프라스틱,2021-09-08,2025-05-20 19:55:19,화학·합성수지·플라스틱 재생,True,https://file.localdata.go.kr/file/air_pollution_facility_installation/info
익산시,468100021201500016,(주)에스엔피(지점),가공 및 재생 플라스틱원료 생산업,가공 및 재생 플라스틱원료 생산업,4종,,영업/정상,전북특별자치도 익산시 함열읍 정착길 69 ((주)그린환경),2015-12-02,2024-04-12 09:50:51,화학·합성수지·플라스틱 재생,True,https://file.localdata.go.kr/file/air_pollution_facility_installation/info
익산시,468100021199300394,(주)에스제이켐,그외 기타 화학제품 제조업,그외 기타 화학제품 제조업,5종,,영업/정상,전북특별자치도 익산시 왕궁면 무왕로 2243-23,2001-01-03,2025-11-04 22:05:34,화학·합성수지·플라스틱 재생,True,https://file.localdata.go.kr/file/air_pollution_facility_installation/info
익산시,468100021200800001,(주)에이피텍 익산지점,합성수지 및 기타 플라스틱물질 제조업,합성수지 및 기타 플라스틱물질 제조업,5종,,영업/정상,전북특별자치도 익산시 삼기면 삼기농공단지길 6-22,2008-01-24,2025-07-22 10:15:43,화학·합성수지·플라스틱 재생,True,https://file.localdata.go.kr/file/air_pollution_facility_installation/info
익산시,468100021201400010,미향산업(주),가공 및 재생 플라스틱원료 생산업,가공 및 재생 플라스틱원료 생산업,5종,플라스틱 펠렛,영업/정상,전북특별자치도 익산시 성당면 성당로 413-130,2014-06-18,2021-07-16 16:38:00,화학·합성수지·플라스틱 재생,True,https://file.localdata.go.kr/file/air_pollution_facility_installation/info
익산시,468100021200000853,삼진고무공업사,타이어 재생업,타이어 재생업,5종,,영업/정상,전북특별자치도 익산시 금마면 동고도리 168-18,2000-12-22,2002-03-19 09:22:25,화학·합성수지·플라스틱 재생,True,https://file.localdata.go.kr/file/air_pollution_facility_installation/info
익산시,468100021201400009,유한회사 보경,가공 및 재생 플라스틱원료 생산업,가공 및 재생 플라스틱원료 생산업,5종,,영업/정상,전북특별자치도 익산시 성당면 성당로 413-76,2014-04-18,2022-02-17 16:01:55,화학·합성수지·플라스틱 재생,True,https://file.localdata.go.kr/file/air_pollution_facility_installation/info
익산시,468100021201500018,유한회사 청솔산업,가공 및 재생 플라스틱원료 생산업,가공 및 재생 플라스틱원료 생산업,4종,재생원료,영업/정상,전북특별자치도 익산시 함열읍 박전길 43-15,2015-12-08,2026-08-10 13:22:52,화학·합성수지·플라스틱 재생,True,https://file.localdata.go.kr/file/air_pollution_facility_installation/info
익산시,468100021201500022,이엠하이텍(주),가공 및 재생 플라스틱원료 생산업,가공 및 재생 플라스틱원료 생산업,4종,,영업/정상,전북특별자치도 익산시 함열읍 매교길 94-40,2015-12-28,2024-02-05 19:25:16,화학·합성수지·플라스틱 재생,True,https://file.localdata.go.kr/file/air_pollution_facility_installation/info
익산시,468100021201500013,주식회사 키텍코리아,가공 및 재생 플라스틱원료 생산업,가공 및 재생 플라스틱원료 생산업,5종,,영업/정상,전북특별자치도 익산시 여산면 가람로 52-21,2015-11-12,2016-03-18 10:24:55,화학·합성수지·플라스틱 재생,True,https://file.localdata.go.kr/file/air_pollution_facility_installation/info
익산시,468100021201500010,현대환경 주식회사,합성수지 및 기타 플라스틱물질 제조업,합성수지 및 기타 플라스틱물질 제조업,4종,,영업/정상,전북특별자치도 익산시 춘포면 증보들길 302-56,2015-08-11,2022-01-19 13:09:11,화학·합성수지·플라스틱 재생,True,https://file.localdata.go.kr/file/air_pollution_facility_installation/info
