event_hour,event_id,asos_blowing_to_deg,asos_wind_speed_3h,asos_rain_3h,asos_direction_sd,asos_stagnation_flag,asos_source
2019-07-13 08:00:00,EVT-0001,,,,,,none
2019-07-23 07:00:00,EVT-0003,,,,,,none
2019-07-23 23:00:00,EVT-0004,,,,,,none
2019-07-24 00:00:00,EVT-0005,,,,,,none
2019-07-24 08:00:00,EVT-0006,,,,,,none
2019-07-26 08:00:00,EVT-0007,,,,,,none
2019-07-28 23:00:00,EVT-0009,,,,,,none
2019-07-29 00:00:00,EVT-0010,,,,,,none
2019-07-29 21:00:00,EVT-0011,,,,,,none
2019-07-30 00:00:00,EVT-0012,,,,,,none
2019-07-30 01:00:00,EVT-0013,,,,,,none
2019-07-30 02:00:00,EVT-0014,,,,,,none
2019-07-30 21:00:00,EVT-0015,,,,,,none
2019-08-01 06:00:00,EVT-0016,,,,,,none
2019-08-02 06:00:00,EVT-0017,,,,,,none
2019-08-03 18:00:00,EVT-0018,,,,,,none
2019-08-03 21:00:00,EVT-0019,,,,,,none
2019-08-03 22:00:00,EVT-0020,,,,,,none
2019-08-03 23:00:00,EVT-0021,,,,,,none
2019-08-04 00:00:00,EVT-0022,,,,,,none
2019-08-04 01:00:00,EVT-0023,,,,,,none
2019-08-07 04:00:00,EVT-0024,,,,,,none
2019-08-07 05:00:00,EVT-0025,,,,,,none
2019-08-08 17:00:00,EVT-0026,,,,,,none
2019-08-08 18:00:00,EVT-0027,,,,,,none
2019-08-08 22:00:00,EVT-0028,,,,,,none
2019-08-08 23:00:00,EVT-0029,,,,,,none
2019-08-10 06:00:00,EVT-0030,,,,,,none
2019-08-10 22:00:00,EVT-0031,,,,,,none
2019-08-13 00:00:00,EVT-0032,,,,,,none
2019-08-19 00:00:00,EVT-0033,,,,,,none
2019-08-23 07:00:00,EVT-0034,,,,,,none
2019-08-24 23:00:00,EVT-0037,,,,,,none
2019-08-26 01:00:00,EVT-0038,,,,,,none
2019-08-28 23:00:00,EVT-0039,,,,,,none
2019-08-29 00:00:00,EVT-0040,,,,,,none
2019-08-30 21:00:00,EVT-0041,,,,,,none
2019-08-31 22:00:00,EVT-0043,,,,,,none
2019-08-31 23:00:00,EVT-0044,,,,,,none
2019-09-03 22:00:00,EVT-0045,,,,,,none
2019-09-04 18:00:00,EVT-0046,,,,,,none
2019-09-04 19:00:00,EVT-0047,,,,,,none
2019-09-04 23:00:00,EVT-0048,,,,,,none
2019-09-05 09:00:00,EVT-0049,,,,,,none
2019-09-10 20:00:00,EVT-0050,,,,,,none
2019-09-17 00:00:00,EVT-0052,,,,,,none
2019-10-01 16:00:00,EVT-0053,,,,,,none
2020-07-06 07:00:00,EVT-0056,279.7796286058507,0.44348424574344636,0.0,47.24285297684324,1.0,asos
2020-07-23 08:00:00,EVT-0057,280.9145995445405,1.0137705222474152,5.464914196825698,51.92509806748254,1.0,asos
2020-08-01 21:00:00,EVT-0059,321.5227504324605,1.8931503481504832,0.0,41.57533188506629,0.0,asos
2020-08-01 22:00:00,EVT-0060,319.89657880394884,2.242469461025253,0.0,11.665200666402555,0.0,asos
2020-08-02 21:00:00,EVT-0062,340.0,2.3063296797371264,0.0,0.0,0.0,asos
2020-08-02 22:00:00,EVT-0063,342.82763570962993,2.541200546912421,0.0,5.425032608909174,0.0,asos
2020-08-03 22:00:00,EVT-0064,343.0004245599695,1.6889767323879823,0.0,3.8243824601131,0.0,asos
2020-08-04 02:00:00,EVT-0065,324.67216130785874,1.896227839116948,0.0,12.052475014952488,0.0,asos
2020-08-04 20:00:00,EVT-0067,6.116265025678388,2.2494285929433175,0.0,26.985659717729664,0.0,asos
2020-08-04 21:00:00,EVT-0068,338.3620104023115,2.3611543900231515,0.0,21.660676677176244,0.0,asos
2020-08-04 22:00:00,EVT-0069,323.2581234743599,2.1317309375560463,0.0,4.146926055384518,0.0,asos
2020-08-06 22:00:00,EVT-0070,23.95164714526038,1.0578343091072278,0.0,55.76763232491835,1.0,asos
2020-08-06 23:00:00,EVT-0071,345.5003602101501,0.7852615802244511,0.0,107.65323996730973,1.0,asos
2020-08-08 22:00:00,EVT-0072,337.66401775481035,1.8352903364189035,0.29209120530056704,9.444082306679487,0.0,asos
2020-08-09 19:00:00,EVT-0073,356.7197162620821,2.6010598068648183,0.0,13.575611576203181,0.0,asos
2020-08-09 20:00:00,EVT-0074,353.7313152326346,2.3892849182396074,0.0,5.202037527521205,0.0,asos
2020-08-09 21:00:00,EVT-0075,342.80746716281635,2.232616604277546,0.0,8.415079957519653,0.0,asos
2020-08-09 22:00:00,EVT-0076,340.9047456190826,2.094584123415543,0.0,13.010219008866528,0.0,asos
2020-08-10 19:00:00,EVT-0077,351.91810896401023,1.1264102965179994,1.2989012707914256,45.29041922403775,1.0,asos
2020-08-13 00:00:00,EVT-0078,311.4760119434393,1.1609870620937843,0.0,8.381937493590666,0.0,asos
2020-08-13 01:00:00,EVT-0079,312.6557773045303,1.416498050013729,0.0,7.9113960538599875,0.0,asos
2020-08-15 23:00:00,EVT-0081,304.9381473903932,1.1800599820789515,0.0,68.17542083219226,1.0,asos
2020-08-16 23:00:00,EVT-0082,95.52025562352713,0.9348018368612647,0.0,46.57835791845606,1.0,asos
2020-08-17 00:00:00,EVT-0083,335.0627070040821,0.7986241109075372,0.0,78.88264041208126,1.0,asos
2020-08-17 01:00:00,EVT-0084,324.34093096793373,0.922959847726169,0.0,47.187463174708846,1.0,asos
2020-08-17 05:00:00,EVT-0085,311.50717917656164,0.8793042720244548,0.0,52.86277821199911,1.0,asos
2020-08-19 06:00:00,EVT-0086,277.7408930376508,0.3047480666955736,0.0,29.352862505117837,1.0,asos
2020-08-19 07:00:00,EVT-0087,264.7375653545738,0.3604984043062121,0.0,29.514251487154954,1.0,asos
2020-08-20 01:00:00,EVT-0088,54.91876091866823,0.6318607575730145,0.0,14.111952366872584,1.0,asos
2020-08-22 20:00:00,EVT-0089,154.19202541996503,1.4165751446268355,0.0,22.796398906247948,0.0,asos
2020-08-22 22:00:00,EVT-0090,186.83523777107237,0.769906268287989,0.0,26.22515278333232,1.0,asos
2020-08-28 17:00:00,EVT-0092,117.68223440328092,2.7289924997150594,0.0,70.19738743275222,1.0,asos
2020-08-29 17:00:00,EVT-0093,355.5072391629171,2.2326118023849775,9.650984237600849,39.52177565574091,0.0,asos
2020-08-31 02:00:00,EVT-0095,304.60353985391254,0.42669102963301697,0.0,69.18049562561256,1.0,asos
2020-09-03 21:00:00,EVT-0096,35.568206605009664,2.956072006849214,0.0,16.763111039814458,0.0,asos
2020-09-03 23:00:00,EVT-0097,358.80397151890185,2.3005878785583906,0.0,9.444082306679487,0.0,asos
2020-09-04 22:00:00,EVT-0098,281.99130075589466,0.8801206464651301,0.0,61.98038001223699,1.0,asos
2020-09-11 10:00:00,EVT-0099,273.53303918789317,1.6840070456928886,0.0,41.982371012664466,0.0,asos
2020-09-17 08:00:00,EVT-0100,330.0373690509832,0.6320989645728078,0.0,46.23400613704614,1.0,asos
2020-09-18 21:00:00,EVT-0101,79.10902687025634,1.5,0.0,57.91064389983168,1.0,asos
2020-09-18 22:00:00,EVT-0102,350.8275678209518,1.3009340631064197,0.0,65.77254719430836,1.0,asos
2020-09-19 22:00:00,EVT-0103,81.70580121485114,1.2199174471184262,0.0,49.46539600993572,1.0,asos
2020-09-21 22:00:00,EVT-0104,291.4684928079331,1.0793625116714058,0.0,45.07289822166703,1.0,asos
2020-10-01 21:00:00,EVT-0105,32.70111645712086,0.8224548121223059,0.0,47.56262590509655,1.0,asos
2020-10-02 00:00:00,EVT-0106,324.3893669303617,1.4470904384635772,0.0,9.545285539883679,0.0,asos
2021-06-06 19:00:00,EVT-0107,85.41519529019348,2.599657522802767,0.0,26.760927000376277,0.0,asos
2021-06-09 19:00:00,EVT-0108,55.97384647545567,2.8206284270487867,0.0,7.33916738899238,0.0,asos
2021-06-09 20:00:00,EVT-0109,65.41817506001661,2.7645467071736,0.0,13.751891688734485,0.0,asos
2021-06-09 21:00:00,EVT-0110,71.81782718374467,2.283274865956379,0.0,40.00764612652799,0.0,asos
2021-06-09 23:00:00,EVT-0111,245.76796249458252,0.8003645116072542,0.0,54.44857829645997,1.0,asos
2021-06-28 23:00:00,EVT-0113,303.8969475656838,0.8865701663773617,0.0,34.53813179529953,1.0,asos
2021-07-07 23:00:00,EVT-0114,339.4782526751112,0.9417481308479061,0.0,54.15977473134237,1.0,asos
2021-07-08 00:00:00,EVT-0115,345.68001270969967,0.7448205079921432,0.4569230950294633,30.996616910723226,1.0,asos
2021-07-14 21:00:00,EVT-0116,326.32180680350814,1.3713927688851522,0.0,20.90104969360962,0.0,asos
2021-07-14 22:00:00,EVT-0117,316.0890884113417,1.1074860223373006,0.0,11.51321232180824,0.0,asos
2021-07-14 23:00:00,EVT-0118,321.5053608194315,0.8575675334540036,0.0,48.825255398691745,1.0,asos
2021-07-15 00:00:00,EVT-0119,330.0908839933622,0.8689788188764571,0.0,36.09361472844507,1.0,asos
2021-07-20 22:00:00,EVT-0120,279.60247253177255,0.9990961532445308,0.0,12.269616874015469,1.0,asos
2021-07-20 23:00:00,EVT-0121,282.13758572649294,1.0034598566781314,0.0,8.322649509160467,0.0,asos
2021-07-21 00:00:00,EVT-0122,272.13452176045223,1.106175945941469,0.0,17.66322113563008,0.0,asos
2021-07-23 23:00:00,EVT-0123,293.6877865105076,1.0705401088203468,0.0,28.331786969691088,0.0,asos
2021-07-25 21:00:00,EVT-0124,294.7900509321346,1.6169835436198896,0.0,12.353209791413754,0.0,asos
2021-07-25 22:00:00,EVT-0125,302.62372064380486,1.610794479130783,0.0,14.196258980251022,0.0,asos
2021-07-26 21:00:00,EVT-0126,317.64716907721294,1.1053873996957329,0.0,58.00488667819292,1.0,asos
2021-08-04 23:00:00,EVT-0127,103.35002700345257,1.34064636654435,1.5431944698469038,42.05619653652492,0.0,asos
2021-08-05 00:00:00,EVT-0128,33.28141995610366,1.0390649158276222,1.5495804906506447,95.28074017931355,1.0,asos
2021-08-05 23:00:00,EVT-0130,231.8703281914601,1.193987675393591,0.0,15.087027830015632,0.0,asos
2021-08-12 21:00:00,EVT-0131,277.75416697336675,1.310494583104627,0.0,24.931834842576123,0.0,asos
2021-08-14 22:00:00,EVT-0132,260.6041128698048,1.0654763729237442,0.0,14.409548468612574,0.0,asos
2021-08-19 21:00:00,EVT-0134,344.9761166072088,1.1001700588047179,0.0,41.40260040590905,0.0,asos
2021-08-20 20:00:00,EVT-0135,336.8881195586528,2.033333333333333,0.0,13.556344063913734,0.0,asos
2021-08-31 21:00:00,EVT-0136,8.058796735946885,1.3243245876530811,0.3244987304657699,65.65508975317209,1.0,asos
2021-08-31 22:00:00,EVT-0137,345.0908835111485,1.7699572533400914,0.4918600596617042,57.51830393651526,1.0,asos
2021-08-31 23:00:00,EVT-0138,331.9914790811568,1.9594163124388382,0.532493337156567,14.771282249160494,0.0,asos
2021-09-13 00:00:00,EVT-0139,273.5182127032096,0.6024101661603057,0.0,30.722913489722405,1.0,asos
2021-09-21 22:00:00,EVT-0140,351.5432819577058,1.7767723238054196,0.0,20.99649656066572,0.0,asos
2021-09-28 21:00:00,EVT-0141,263.80389773089655,0.9642110304808182,0.11557985486547284,50.0559556819355,1.0,asos
2021-10-03 21:00:00,EVT-0143,321.30614834472806,1.3886858597314253,0.0,53.62926986726556,1.0,asos
2021-10-05 22:00:00,EVT-0144,19.711019019893683,0.7929033129027072,0.0,89.6726950874134,1.0,asos
2022-06-26 23:00:00,EVT-0146,353.7532030209058,2.8848070216342796,0.0,9.444082306679448,0.0,asos
2022-06-29 21:00:00,EVT-0147,329.9391444539942,2.410947375381043,0.0,0.0,0.0,asos
2022-06-30 23:00:00,EVT-0148,335.41244391081574,1.4875245282537772,0.0,28.764243269294393,0.0,asos
2022-07-01 00:00:00,EVT-0149,324.8392271326505,1.7697039642669243,0.0,3.596694241873358,0.0,asos
2022-07-03 23:00:00,EVT-0150,315.1726105215677,0.9333333333333333,0.6633770426911156,58.14338874772436,1.0,asos
2022-07-04 23:00:00,EVT-0151,36.105725828745676,0.6251796948097158,0.0,34.24805949585095,1.0,asos
2022-07-13 21:00:00,EVT-0152,340.0,3.371067049167472,0.0,0.0,0.0,asos
2022-07-13 22:00:00,EVT-0153,340.0,3.119194218338606,0.0,0.0,0.0,asos
2022-07-14 00:00:00,EVT-0154,342.93352732570344,2.9221308805836808,0.04340448004072195,5.344927486847435,0.0,asos
2022-07-17 00:00:00,EVT-0155,58.11656277761972,0.9374241363823362,0.0,22.617172108044084,1.0,asos
2022-07-17 23:00:00,EVT-0156,280.7077329750773,0.7777350647842645,0.0,73.37447943536043,1.0,asos
2022-07-20 00:00:00,EVT-0157,89.20985318537686,1.4317865639126184,0.0,73.62313362792901,1.0,asos
2022-07-23 01:00:00,EVT-0158,346.2315003231709,0.3908229737399911,0.0,11.129635684527354,1.0,asos
2022-07-26 00:00:00,EVT-0159,51.792155132402115,0.7499585093760802,0.0,0.0,1.0,asos
2022-07-26 01:00:00,EVT-0160,50.13809806994516,0.6107414166682393,0.0,12.321793672515284,1.0,asos
2022-08-01 21:00:00,EVT-0161,317.2695980861796,3.051541887102851,1.0133514956722927,19.335984304194223,0.0,asos
2022-08-14 23:00:00,EVT-0162,325.11492586773926,2.3358012085148707,0.0,11.739200444639007,0.0,asos
2022-09-06 23:00:00,EVT-0165,308.8722234423895,0.6506337585134014,0.0,23.319980657946676,1.0,asos
2023-07-05 22:00:00,EVT-0166,17.086754583458628,1.6649261437572824,0.0,12.238397535017741,0.0,asos
2023-09-20 00:00:00,EVT-0167,352.90897234111986,0.8701873649552494,0.0,63.46943616742649,1.0,asos
2024-07-17 21:00:00,EVT-0168,351.0807363737635,1.9084348970646976,0.0,10.706630139231127,0.0,asos
2024-07-17 22:00:00,EVT-0169,341.47795569841225,2.1598642168721547,0.0,9.444082306679473,0.0,asos
2024-07-17 23:00:00,EVT-0170,335.7593545643879,2.5364368755244673,0.0,4.271819618927244,0.0,asos
2024-07-28 22:00:00,EVT-0171,2.105288669960146,2.2952497435535695,0.0,20.717016947786583,0.0,asos
2024-07-28 23:00:00,EVT-0172,337.8410109349052,2.1325875228927442,0.0,18.066606181855335,0.0,asos
2024-09-02 02:00:00,EVT-0173,317.32750845394196,0.9386304676782289,0.0,20.925279250259035,1.0,asos
2024-09-03 20:00:00,EVT-0174,139.56291527089013,0.9450464566204984,0.57657375342567,72.1822593050502,1.0,asos
2024-09-05 01:00:00,EVT-0175,308.07691394055166,0.880262483128168,0.0,59.747062964933114,1.0,asos
2024-09-09 01:00:00,EVT-0177,223.94061855346766,0.33333333333333326,0.0,23.55529259151335,1.0,asos
2024-09-14 00:00:00,EVT-0178,280.88925380660424,0.709741338931204,0.0,35.448486038367896,1.0,asos
2025-08-08 23:00:00,EVT-0179,354.3432392613685,0.9023770616119812,0.0,56.06467063035129,1.0,asos
2025-08-28 22:00:00,EVT-0180,346.5001477058193,1.5395946849885074,0.0,61.96392418760709,1.0,asos
2025-09-05 21:00:00,EVT-0181,349.50521015383003,1.191241970287837,0.0,34.14918668357103,0.0,asos
2025-09-15 00:00:00,EVT-0182,297.37337884936767,0.7405568579799529,0.0,53.44789953541017,1.0,asos
