cluster_id,start,end,duration_minutes,reports,unique_grids,mean_intensity,major_region,major_odor_type
20,2020-08-02 19:52:00,2020-08-02 22:48:00,176.0,116,20,4.129310344827586,영등동,기타
116,2021-07-14 19:45:00,2021-07-14 22:42:00,177.0,73,26,4.164383561643835,동산동,"가축 분뇨 냄새(닭, 돼지, 소)"
46,2020-08-12 23:25:00,2020-08-13 01:54:00,149.0,56,16,4.321428571428571,영등동,기타
113,2021-07-07 23:26:00,2021-07-08 00:45:00,79.0,53,21,4.132075471698113,영등동,"가축 분뇨 냄새(닭, 돼지, 소)"
17,2020-08-01 20:20:00,2020-08-01 23:16:00,176.0,53,15,3.69811320754717,어양동,"가축 분뇨 냄새(닭, 돼지, 소)"
132,2021-08-04 23:18:00,2021-08-05 01:29:00,131.0,52,17,4.230769230769231,부송동,기타
121,2021-07-20 21:54:00,2021-07-21 00:39:00,165.0,48,18,4.395833333333333,어양동,"가축 분뇨 냄새(닭, 돼지, 소)"
92,2020-10-01 20:48:00,2020-10-01 22:53:00,125.0,42,21,4.023809523809524,영등동,기타
156,2021-08-31 21:03:00,2021-09-01 00:00:00,177.0,41,16,4.073170731707317,영등동,기타
84,2020-09-18 21:28:00,2020-09-18 22:53:00,85.0,39,18,3.9743589743589745,부송동,기타
62,2020-08-20 00:51:00,2020-08-20 02:40:00,109.0,38,12,3.8157894736842106,어양동,기타
39,2020-08-09 19:00:00,2020-08-09 22:00:00,180.0,36,13,3.888888888888889,동산동,기타
23,2020-08-03 20:53:00,2020-08-03 23:45:00,172.0,36,12,3.5277777777777777,부송동,"가축 분뇨 냄새(닭, 돼지, 소)"
75,2020-09-03 21:02:00,2020-09-04 00:02:00,180.0,36,13,3.9722222222222223,어양동,"가축 분뇨 냄새(닭, 돼지, 소)"
45,2020-08-10 17:53:00,2020-08-10 20:29:00,156.0,33,11,3.6363636363636362,부송동,기타
51,2020-08-15 22:58:00,2020-08-16 01:00:00,122.0,33,14,4.2727272727272725,모현동1가,"가축 분뇨 냄새(닭, 돼지, 소)"
72,2020-08-31 01:46:00,2020-08-31 03:40:00,114.0,29,11,4.344827586206897,영등동,"가축 분뇨 냄새(닭, 돼지, 소)"
166,2021-09-21 21:37:00,2021-09-22 00:23:00,166.0,29,13,4.137931034482759,어양동,기타
188,2022-06-30 23:05:00,2022-07-01 01:26:00,141.0,29,12,4.551724137931035,부송동,"가축 분뇨 냄새(닭, 돼지, 소)"
273,2024-07-28 22:19:00,2024-07-29 00:56:00,157.0,29,10,4.551724137931035,부송동,"가축 분뇨 냄새(닭, 돼지, 소)"
216,2022-08-14 22:26:00,2022-08-15 00:47:00,141.0,28,13,3.8214285714285716,영등동,"가축 분뇨 냄새(닭, 돼지, 소)"
125,2021-07-25 21:18:00,2021-07-26 00:04:00,166.0,28,10,4.357142857142857,부송동,기타
117,2021-07-14 22:47:00,2021-07-15 00:50:00,123.0,27,10,4.074074074074074,어양동,"가축 분뇨 냄새(닭, 돼지, 소)"
266,2024-07-17 21:38:00,2024-07-17 23:01:00,83.0,27,12,4.481481481481482,어양동,"가축 분뇨 냄새(닭, 돼지, 소)"
38,2020-08-09 18:59:00,2020-08-09 20:18:00,79.0,25,7,3.76,어양동,기타
55,2020-08-16 23:27:00,2020-08-17 01:40:00,133.0,25,14,4.04,영등동,"가축 분뇨 냄새(닭, 돼지, 소)"
26,2020-08-04 19:27:00,2020-08-04 21:47:00,140.0,24,11,3.9166666666666665,영등동,기타
207,2022-07-25 23:57:00,2022-07-26 02:12:00,135.0,24,11,4.041666666666667,부송동,"가축 분뇨 냄새(닭, 돼지, 소)"
61,2020-08-19 05:25:00,2020-08-19 08:25:00,180.0,23,13,3.869565217391304,어양동,기타
52,2020-08-15 23:09:00,2020-08-16 00:52:00,103.0,23,14,3.869565217391304,부송동,기타
299,2025-06-06 21:34:00,2025-06-06 23:03:00,89.0,22,4,4.636363636363637,마동,"가축 분뇨 냄새(닭, 돼지, 소)"
77,2020-09-04 21:37:00,2020-09-05 00:09:00,152.0,22,8,4.0,부송동,"공장 냄새(화학약품, 매캐함)"
99,2021-06-06 18:30:00,2021-06-06 20:38:00,128.0,22,15,4.0,영등동,"공장 냄새(화학약품, 매캐함)"
35,2020-08-08 21:50:00,2020-08-08 22:59:00,69.0,22,7,3.772727272727273,부송동,"가축 분뇨 냄새(닭, 돼지, 소)"
198,2022-07-13 18:44:00,2022-07-13 21:43:00,179.0,22,9,4.363636363636363,어양동,"가축 분뇨 냄새(닭, 돼지, 소)"
204,2022-07-20 00:15:00,2022-07-20 02:58:00,163.0,21,11,4.0,부송동,"가축 분뇨 냄새(닭, 돼지, 소)"
50,2020-08-15 22:30:00,2020-08-15 23:53:00,83.0,20,7,4.15,동산동,기타
138,2021-08-12 18:52:00,2021-08-12 21:48:00,176.0,20,11,3.85,부송동,"공장 냄새(화학약품, 매캐함)"
199,2022-07-13 21:45:00,2022-07-13 22:51:00,66.0,20,7,4.4,부송동,하수구 냄새
260,2024-07-04 19:44:00,2024-07-04 22:09:00,145.0,19,1,4.368421052631579,왕궁면 흥암리,"가축 분뇨 냄새(닭, 돼지, 소)"
206,2022-07-23 00:33:00,2022-07-23 02:47:00,134.0,19,12,4.157894736842105,어양동,기타
218,2022-08-18 23:26:00,2022-08-19 01:32:00,126.0,19,9,4.052631578947368,부송동,"가축 분뇨 냄새(닭, 돼지, 소)"
33,2020-08-06 22:01:00,2020-08-07 00:28:00,147.0,19,9,3.263157894736842,영등동,"가축 분뇨 냄새(닭, 돼지, 소)"
300,2025-08-08 23:01:00,2025-08-08 23:55:00,54.0,18,5,4.333333333333333,마동,"가축 분뇨 냄새(닭, 돼지, 소)"
209,2022-07-27 20:25:00,2022-07-27 22:56:00,151.0,18,8,4.277777777777778,부송동,"가축 분뇨 냄새(닭, 돼지, 소)"
292,2024-10-01 21:09:00,2024-10-01 22:59:00,110.0,18,2,4.722222222222222,왕궁면 흥암리,"가축 분뇨 냄새(닭, 돼지, 소)"
27,2020-08-04 19:46:00,2020-08-04 22:32:00,166.0,18,7,4.277777777777778,동산동,기타
13,2020-07-26 21:50:00,2020-07-27 00:20:00,150.0,18,10,4.0,동산동,"가축 분뇨 냄새(닭, 돼지, 소)"
143,2021-08-15 21:15:00,2021-08-15 23:29:00,134.0,18,10,3.888888888888889,부송동,"가축 분뇨 냄새(닭, 돼지, 소)"
24,2020-08-04 01:48:00,2020-08-04 03:25:00,97.0,17,13,3.764705882352941,영등동,"가축 분뇨 냄새(닭, 돼지, 소)"
200,2022-07-14 00:06:00,2022-07-14 00:53:00,47.0,17,9,4.117647058823529,어양동,기타
192,2022-07-04 22:23:00,2022-07-04 23:20:00,57.0,17,6,4.352941176470588,부송동,하수구 냄새
93,2020-10-02 00:20:00,2020-10-02 01:32:00,72.0,17,10,4.411764705882353,동산동,"가축 분뇨 냄새(닭, 돼지, 소)"
126,2021-07-26 20:58:00,2021-07-26 23:01:00,123.0,16,9,3.875,부송동,기타
265,2024-07-17 18:43:00,2024-07-17 21:21:00,158.0,16,1,4.625,왕궁면 흥암리,"가축 분뇨 냄새(닭, 돼지, 소)"
191,2022-07-03 22:59:00,2022-07-04 00:12:00,73.0,16,10,4.1875,영등동,"가축 분뇨 냄새(닭, 돼지, 소)"
172,2021-09-26 15:40:00,2021-09-26 16:09:00,29.0,16,2,4.9375,낭산면 용기리,기타
86,2020-09-19 21:55:00,2020-09-20 00:00:00,125.0,15,8,3.933333333333333,어양동,"공장 냄새(화학약품, 매캐함)"
173,2021-09-28 20:56:00,2021-09-28 22:00:00,64.0,15,7,4.4,부송동,"가축 분뇨 냄새(닭, 돼지, 소)"
18,2020-08-01 21:13:00,2020-08-01 22:32:00,79.0,15,7,4.466666666666667,동산동,기타
22,2020-08-02 22:58:00,2020-08-03 01:44:00,166.0,15,9,3.933333333333333,어양동,"가축 분뇨 냄새(닭, 돼지, 소)"
102,2021-06-09 19:14:00,2021-06-09 21:54:00,160.0,15,8,4.066666666666666,부송동,"공장 냄새(화학약품, 매캐함)"
162,2021-09-12 23:17:00,2021-09-13 00:51:00,94.0,15,10,4.466666666666667,영등동,기타
275,2024-08-20 21:44:00,2024-08-20 22:37:00,53.0,15,1,4.6,왕궁면 흥암리,"가축 분뇨 냄새(닭, 돼지, 소)"
258,2024-06-27 22:28:00,2024-06-27 23:13:00,45.0,14,1,4.357142857142857,왕궁면 흥암리,"가축 분뇨 냄새(닭, 돼지, 소)"
213,2022-08-01 21:43:00,2022-08-01 23:50:00,127.0,14,12,4.142857142857143,부송동,"가축 분뇨 냄새(닭, 돼지, 소)"
123,2021-07-23 22:18:00,2021-07-23 23:59:00,101.0,14,12,4.428571428571429,부송동,"가축 분뇨 냄새(닭, 돼지, 소)"
69,2020-08-25 00:30:00,2020-08-25 01:27:00,57.0,14,9,3.857142857142857,어양동,"가축 분뇨 냄새(닭, 돼지, 소)"
177,2021-10-05 21:45:00,2021-10-05 23:30:00,105.0,14,8,3.9285714285714284,부송동,"공장 냄새(화학약품, 매캐함)"
283,2024-09-07 22:49:00,2024-09-08 00:29:00,100.0,13,6,4.153846153846154,부송동,"가축 분뇨 냄새(닭, 돼지, 소)"
202,2022-07-16 23:54:00,2022-07-17 01:00:00,66.0,13,6,4.153846153846154,부송동,기타
79,2020-09-11 10:20:00,2020-09-11 10:42:00,22.0,13,6,3.6153846153846154,어양동,기타
186,2022-06-29 20:24:00,2022-06-29 21:51:00,87.0,13,8,4.384615384615385,영등동,기타
0,2020-01-18 22:16:00,2020-01-18 23:55:00,99.0,13,5,4.461538461538462,부송동,"공장 냄새(화학약품, 매캐함)"
6,2020-07-06 06:39:00,2020-07-06 07:59:00,80.0,13,7,4.230769230769231,부송동,"가축 분뇨 냄새(닭, 돼지, 소)"
306,2025-09-05 21:04:00,2025-09-05 21:36:00,32.0,13,9,4.230769230769231,어양동,"가축 분뇨 냄새(닭, 돼지, 소)"
301,2025-08-08 23:17:00,2025-08-09 00:08:00,51.0,13,8,4.384615384615385,영등동,"가축 분뇨 냄새(닭, 돼지, 소)"
175,2021-10-03 20:30:00,2021-10-03 21:49:00,79.0,12,7,4.25,모현동1가,기타
268,2024-07-17 22:23:00,2024-07-17 23:51:00,88.0,12,6,4.5,동산동,"가축 분뇨 냄새(닭, 돼지, 소)"
136,2021-08-08 15:51:00,2021-08-08 16:56:00,65.0,12,2,4.5,낭산면 용기리,기타
194,2022-07-06 19:52:00,2022-07-06 21:36:00,104.0,12,8,4.0,영등동,기타
64,2020-08-22 20:01:00,2020-08-22 21:28:00,87.0,12,9,4.0,부송동,"공장 냄새(화학약품, 매캐함)"
54,2020-08-16 23:00:00,2020-08-17 01:25:00,145.0,12,5,3.9166666666666665,동산동,"가축 분뇨 냄새(닭, 돼지, 소)"
34,2020-08-06 22:34:00,2020-08-06 23:23:00,49.0,11,4,4.181818181818182,동산동,기타
274,2024-08-15 20:55:00,2024-08-15 22:59:00,124.0,11,1,4.2727272727272725,왕궁면 흥암리,"가축 분뇨 냄새(닭, 돼지, 소)"
111,2021-06-28 22:32:00,2021-06-28 23:33:00,61.0,11,7,3.6363636363636362,부송동,기타
5,2020-06-23 19:25:00,2020-06-23 22:03:00,158.0,11,5,4.454545454545454,부송동,"가축 분뇨 냄새(닭, 돼지, 소)"
159,2021-09-04 21:12:00,2021-09-04 23:27:00,135.0,11,6,3.6363636363636362,부송동,"공장 냄새(화학약품, 매캐함)"
164,2021-09-19 17:47:00,2021-09-19 18:27:00,40.0,11,2,4.909090909090909,낭산면 용기리,"가축 분뇨 냄새(닭, 돼지, 소)"
193,2022-07-05 23:48:00,2022-07-06 01:26:00,98.0,11,7,3.909090909090909,부송동,"가축 분뇨 냄새(닭, 돼지, 소)"
282,2024-09-05 01:29:00,2024-09-05 01:52:00,23.0,11,8,4.636363636363637,부송동,"가축 분뇨 냄새(닭, 돼지, 소)"
129,2021-08-01 19:17:00,2021-08-01 21:35:00,138.0,11,7,3.909090909090909,어양동,"가축 분뇨 냄새(닭, 돼지, 소)"
149,2021-08-18 21:13:00,2021-08-18 22:30:00,77.0,10,1,4.8,낭산면 용기리,기타
280,2024-09-03 20:17:00,2024-09-03 21:32:00,75.0,10,7,4.0,부송동,"가축 분뇨 냄새(닭, 돼지, 소)"
223,2022-09-02 21:18:00,2022-09-02 21:45:00,27.0,10,1,4.9,낭산면 용기리,기타
318,2025-10-12 22:55:00,2025-10-12 23:47:00,52.0,10,4,4.4,동산동,"가축 분뇨 냄새(닭, 돼지, 소)"
257,2024-06-26 20:53:00,2024-06-26 22:28:00,95.0,10,1,4.3,왕궁면 흥암리,"가축 분뇨 냄새(닭, 돼지, 소)"
57,2020-08-17 05:13:00,2020-08-17 05:53:00,40.0,10,6,4.6,평화동,기타
312,2025-09-22 18:17:00,2025-09-22 20:05:00,108.0,10,1,4.3,왕궁면 흥암리,"가축 분뇨 냄새(닭, 돼지, 소)"
181,2022-06-25 21:21:00,2022-06-25 22:12:00,51.0,10,8,4.0,부송동,기타
148,2021-08-17 17:11:00,2021-08-17 18:16:00,65.0,10,2,4.5,낭산면 용기리,기타
49,2020-08-14 06:16:00,2020-08-14 07:57:00,101.0,9,6,3.6666666666666665,어양동,기타
286,2024-09-12 20:46:00,2024-09-12 21:37:00,51.0,9,1,4.555555555555555,왕궁면 흥암리,"가축 분뇨 냄새(닭, 돼지, 소)"
134,2021-08-06 18:10:00,2021-08-06 19:24:00,74.0,9,2,4.666666666666667,낭산면 용기리,기타
133,2021-08-05 23:03:00,2021-08-06 00:00:00,57.0,9,4,4.111111111111111,부송동,"가축 분뇨 냄새(닭, 돼지, 소)"
114,2021-07-10 21:58:00,2021-07-10 23:51:00,113.0,9,5,3.6666666666666665,부송동,"가축 분뇨 냄새(닭, 돼지, 소)"
293,2024-10-03 08:41:00,2024-10-03 09:46:00,65.0,9,1,4.222222222222222,왕궁면 흥암리,"가축 분뇨 냄새(닭, 돼지, 소)"
146,2021-08-17 02:14:00,2021-08-17 02:27:00,13.0,9,1,5.0,낭산면 용기리,기타
153,2021-08-28 15:40:00,2021-08-28 16:23:00,43.0,9,1,4.777777777777778,낭산면 용기리,기타
80,2020-09-14 00:13:00,2020-09-14 01:12:00,59.0,9,3,3.888888888888889,부송동,기타
81,2020-09-14 23:58:00,2020-09-15 01:10:00,72.0,9,3,4.444444444444445,어양동,"공장 냄새(화학약품, 매캐함)"
66,2020-08-22 22:29:00,2020-08-22 23:32:00,63.0,9,5,3.5555555555555554,어양동,"가축 분뇨 냄새(닭, 돼지, 소)"
298,2024-11-12 19:59:00,2024-11-12 20:46:00,47.0,9,1,3.6666666666666665,왕궁면 흥암리,소각 냄새(태우는 냄새)
103,2021-06-09 20:17:00,2021-06-09 22:20:00,123.0,9,6,4.777777777777778,모현동1가,"공장 냄새(화학약품, 매캐함)"
3,2020-06-16 01:06:00,2020-06-16 01:14:00,8.0,9,3,4.666666666666667,인화동2가,기타
40,2020-08-09 22:09:00,2020-08-10 01:03:00,174.0,9,4,4.0,동산동,기타
239,2023-07-05 21:55:00,2023-07-05 22:47:00,52.0,9,8,3.6666666666666665,영등동,"가축 분뇨 냄새(닭, 돼지, 소)"
157,2021-08-31 21:26:00,2021-08-31 22:06:00,40.0,9,5,4.333333333333333,동산동,기타
41,2020-08-09 22:09:00,2020-08-09 22:35:00,26.0,8,5,3.5,모현동1가,기타
203,2022-07-17 23:11:00,2022-07-17 23:49:00,38.0,8,5,3.875,부송동,"공장 냄새(화학약품, 매캐함)"
272,2024-07-28 19:59:00,2024-07-28 21:47:00,108.0,8,1,4.0,왕궁면 흥암리,"가축 분뇨 냄새(닭, 돼지, 소)"
1,2020-01-21 20:43:00,2020-01-21 22:11:00,88.0,8,4,4.375,부송동,"공장 냄새(화학약품, 매캐함)"
130,2021-08-02 18:00:00,2021-08-02 18:19:00,19.0,8,8,3.625,영등동,"가축 분뇨 냄새(닭, 돼지, 소)"
142,2021-08-14 22:27:00,2021-08-14 23:46:00,79.0,8,4,3.5,부송동,"공장 냄새(화학약품, 매캐함)"
269,2024-07-22 19:48:00,2024-07-22 21:19:00,91.0,8,1,3.75,왕궁면 흥암리,"가축 분뇨 냄새(닭, 돼지, 소)"
278,2024-08-31 20:18:00,2024-08-31 21:09:00,51.0,8,1,4.0,왕궁면 흥암리,소각 냄새(태우는 냄새)
307,2025-09-14 23:34:00,2025-09-15 00:39:00,65.0,8,5,4.0,동산동,"가축 분뇨 냄새(닭, 돼지, 소)"
154,2021-08-30 19:48:00,2021-08-30 19:55:00,7.0,8,2,4.75,낭산면 용기리,기타
279,2024-09-02 01:58:00,2024-09-02 02:30:00,32.0,8,6,4.25,영등동,"가축 분뇨 냄새(닭, 돼지, 소)"
287,2024-09-13 23:35:00,2024-09-14 00:42:00,67.0,8,8,4.375,부송동,"가축 분뇨 냄새(닭, 돼지, 소)"
78,2020-09-04 21:43:00,2020-09-04 22:49:00,66.0,8,2,4.375,동산동,기타
255,2024-06-23 20:15:00,2024-06-23 21:46:00,91.0,8,1,3.875,왕궁면 흥암리,"가축 분뇨 냄새(닭, 돼지, 소)"
180,2021-10-13 20:12:00,2021-10-13 20:49:00,37.0,8,5,4.125,부송동,"가축 분뇨 냄새(닭, 돼지, 소)"
227,2022-09-06 22:54:00,2022-09-06 23:51:00,57.0,8,4,4.375,동산동,"가축 분뇨 냄새(닭, 돼지, 소)"
303,2025-08-28 21:32:00,2025-08-28 22:53:00,81.0,8,5,4.625,동산동,"가축 분뇨 냄새(닭, 돼지, 소)"
94,2020-10-02 21:55:00,2020-10-02 23:32:00,97.0,8,5,4.375,동산동,기타
196,2022-07-07 20:32:00,2022-07-07 21:22:00,50.0,8,5,4.375,부송동,"가축 분뇨 냄새(닭, 돼지, 소)"
225,2022-09-06 21:43:00,2022-09-06 21:50:00,7.0,8,1,5.0,낭산면 용기리,기타
60,2020-08-19 02:22:00,2020-08-19 04:13:00,111.0,8,6,3.875,영등동,"가축 분뇨 냄새(닭, 돼지, 소)"
107,2021-06-10 14:54:00,2021-06-10 15:31:00,37.0,8,2,4.875,동산동,"공장 냄새(화학약품, 매캐함)"
220,2022-08-22 23:07:00,2022-08-23 00:17:00,70.0,8,4,4.25,모현동1가,"가축 분뇨 냄새(닭, 돼지, 소)"
11,2020-07-23 08:00:00,2020-07-23 09:53:00,113.0,8,4,3.875,부송동,"가축 분뇨 냄새(닭, 돼지, 소)"
115,2021-07-11 20:40:00,2021-07-11 21:14:00,34.0,8,4,4.0,부송동,"공장 냄새(화학약품, 매캐함)"
201,2022-07-16 05:00:00,2022-07-16 06:21:00,81.0,8,5,3.75,영등동,기타
71,2020-08-30 06:04:00,2020-08-30 06:47:00,43.0,8,6,3.5,영등동,기타
25,2020-08-04 08:07:00,2020-08-04 09:02:00,55.0,7,6,3.4285714285714284,영등동,기타
174,2021-10-02 22:57:00,2021-10-02 23:10:00,13.0,7,4,4.714285714285714,동산동,"가축 분뇨 냄새(닭, 돼지, 소)"
320,2026-06-27 07:45:00,2026-06-27 08:57:00,72.0,7,1,4.285714285714286,왕궁면 흥암리,"공장 냄새(화학약품, 매캐함)"
176,2021-10-03 20:33:00,2021-10-03 21:20:00,47.0,7,5,4.428571428571429,동산동,"가축 분뇨 냄새(닭, 돼지, 소)"
7,2020-07-09 18:18:00,2020-07-09 19:12:00,54.0,7,4,3.0,부송동,"가축 분뇨 냄새(닭, 돼지, 소)"
178,2021-10-05 23:55:00,2021-10-06 00:44:00,49.0,7,4,5.0,동산동,기타
179,2021-10-06 06:45:00,2021-10-06 07:30:00,45.0,7,4,4.0,동산동,기타
310,2025-09-16 21:39:00,2025-09-16 23:02:00,83.0,7,4,3.5714285714285716,부송동,"가축 분뇨 냄새(닭, 돼지, 소)"
311,2025-09-20 19:57:00,2025-09-20 21:07:00,70.0,7,1,4.285714285714286,왕궁면 흥암리,"가축 분뇨 냄새(닭, 돼지, 소)"
187,2022-06-29 23:25:00,2022-06-30 00:45:00,80.0,7,6,3.5714285714285716,어양동,"가축 분뇨 냄새(닭, 돼지, 소)"
277,2024-08-23 21:28:00,2024-08-23 23:24:00,116.0,7,1,4.571428571428571,왕궁면 흥암리,"가축 분뇨 냄새(닭, 돼지, 소)"
235,2022-09-22 21:36:00,2022-09-22 22:35:00,59.0,7,2,4.142857142857143,부송동,"공장 냄새(화학약품, 매캐함)"
120,2021-07-16 18:28:00,2021-07-16 19:52:00,84.0,7,5,3.857142857142857,동산동,"가축 분뇨 냄새(닭, 돼지, 소)"
96,2020-10-24 21:10:00,2020-10-24 21:50:00,40.0,7,4,4.857142857142857,부송동,"공장 냄새(화학약품, 매캐함)"
290,2024-09-28 21:32:00,2024-09-28 22:06:00,34.0,7,4,4.0,부송동,"공장 냄새(화학약품, 매캐함)"
284,2024-09-09 00:52:00,2024-09-09 01:21:00,29.0,7,4,4.285714285714286,어양동,"가축 분뇨 냄새(닭, 돼지, 소)"
110,2021-06-17 07:58:00,2021-06-17 08:49:00,51.0,7,4,4.428571428571429,동산동,기타
83,2020-09-17 08:20:00,2020-09-17 09:13:00,53.0,7,6,3.7142857142857144,영등동,기타
2,2020-05-23 23:23:00,2020-05-24 00:19:00,56.0,7,4,4.0,부송동,"가축 분뇨 냄새(닭, 돼지, 소)"
295,2024-10-12 19:46:00,2024-10-12 20:44:00,58.0,7,1,4.857142857142857,왕궁면 흥암리,"가축 분뇨 냄새(닭, 돼지, 소)"
229,2022-09-14 18:11:00,2022-09-14 18:39:00,28.0,7,1,5.0,낭산면 용기리,기타
53,2020-08-16 03:09:00,2020-08-16 04:57:00,108.0,7,6,4.285714285714286,영등동,"가축 분뇨 냄새(닭, 돼지, 소)"
217,2022-08-14 22:59:00,2022-08-15 00:41:00,102.0,7,5,3.5714285714285716,동산동,"가축 분뇨 냄새(닭, 돼지, 소)"
254,2024-06-01 21:51:00,2024-06-01 22:51:00,60.0,7,1,3.142857142857143,왕궁면 흥암리,"가축 분뇨 냄새(닭, 돼지, 소)"
232,2022-09-18 16:38:00,2022-09-18 16:55:00,17.0,7,1,5.0,낭산면 용기리,기타
68,2020-08-24 06:24:00,2020-08-24 06:55:00,31.0,7,4,4.285714285714286,동산동,기타
321,2026-06-30 06:01:00,2026-06-30 07:04:00,63.0,7,3,4.714285714285714,마동,"가축 분뇨 냄새(닭, 돼지, 소)"
70,2020-08-28 17:03:00,2020-08-28 17:16:00,13.0,7,7,2.857142857142857,영등동,기타
253,2024-05-25 22:04:00,2024-05-25 23:00:00,56.0,6,2,4.5,왕궁면 흥암리,"가축 분뇨 냄새(닭, 돼지, 소)"
231,2022-09-15 23:25:00,2022-09-16 00:34:00,69.0,6,4,4.166666666666667,부송동,"공장 냄새(화학약품, 매캐함)"
230,2022-09-15 17:15:00,2022-09-15 18:36:00,81.0,6,6,4.0,어양동,"가축 분뇨 냄새(닭, 돼지, 소)"
15,2020-07-29 21:53:00,2020-07-29 22:52:00,59.0,6,5,3.8333333333333335,모현동1가,기타
250,2023-09-29 21:18:00,2023-09-29 22:50:00,92.0,6,2,4.5,동산동,"가축 분뇨 냄새(닭, 돼지, 소)"
251,2023-10-05 22:46:00,2023-10-05 23:29:00,43.0,6,5,4.5,동산동,"가축 분뇨 냄새(닭, 돼지, 소)"
226,2022-09-06 22:34:00,2022-09-06 23:12:00,38.0,6,6,4.5,영등동,"가축 분뇨 냄새(닭, 돼지, 소)"
222,2022-08-27 01:22:00,2022-08-27 01:46:00,24.0,6,5,4.0,부송동,"가축 분뇨 냄새(닭, 돼지, 소)"
240,2023-07-05 22:34:00,2023-07-05 22:59:00,25.0,6,2,4.5,동산동,"가축 분뇨 냄새(닭, 돼지, 소)"
247,2023-09-10 22:11:00,2023-09-10 22:55:00,44.0,6,3,3.6666666666666665,모현동1가,"공장 냄새(화학약품, 매캐함)"
219,2022-08-21 02:37:00,2022-08-21 02:59:00,22.0,6,2,4.333333333333333,영등동,기타
215,2022-08-11 01:54:00,2022-08-11 02:16:00,22.0,6,4,4.5,부송동,"가축 분뇨 냄새(닭, 돼지, 소)"
241,2023-07-13 21:49:00,2023-07-13 22:01:00,12.0,6,5,3.6666666666666665,영등동,"가축 분뇨 냄새(닭, 돼지, 소)"
245,2023-09-06 22:52:00,2023-09-07 00:00:00,68.0,6,6,4.0,부송동,"가축 분뇨 냄새(닭, 돼지, 소)"
8,2020-07-18 08:05:00,2020-07-18 08:28:00,23.0,6,4,3.0,부송동,"가축 분뇨 냄새(닭, 돼지, 소)"
190,2022-07-03 22:48:00,2022-07-03 23:24:00,36.0,6,4,3.8333333333333335,동산동,"가축 분뇨 냄새(닭, 돼지, 소)"
74,2020-09-03 19:21:00,2020-09-03 21:17:00,116.0,6,2,3.5,팔봉동,"공장 냄새(화학약품, 매캐함)"
316,2025-10-10 22:33:00,2025-10-10 23:04:00,31.0,6,3,4.333333333333333,송학동,"가축 분뇨 냄새(닭, 돼지, 소)"
112,2021-06-28 23:15:00,2021-06-29 00:09:00,54.0,6,4,3.8333333333333335,모현동1가,기타
315,2025-10-01 21:40:00,2025-10-01 23:01:00,81.0,6,2,4.0,마동,"가축 분뇨 냄새(닭, 돼지, 소)"
137,2021-08-08 19:00:00,2021-08-08 19:45:00,45.0,6,2,4.833333333333333,낭산면 용기리,기타
135,2021-08-08 12:47:00,2021-08-08 14:00:00,73.0,6,2,4.333333333333333,낭산면 용기리,기타
44,2020-08-10 16:05:00,2020-08-10 16:40:00,35.0,6,5,3.8333333333333335,모현동1가,기타
47,2020-08-13 01:06:00,2020-08-13 01:39:00,33.0,6,4,4.5,동산동,"가축 분뇨 냄새(닭, 돼지, 소)"
281,2024-09-05 01:15:00,2024-09-05 01:55:00,40.0,6,4,5.0,동산동,"가축 분뇨 냄새(닭, 돼지, 소)"
56,2020-08-17 05:08:00,2020-08-17 05:46:00,38.0,6,5,4.0,어양동,"가축 분뇨 냄새(닭, 돼지, 소)"
285,2024-09-12 18:37:00,2024-09-12 19:32:00,55.0,6,1,4.333333333333333,왕궁면 흥암리,"가축 분뇨 냄새(닭, 돼지, 소)"
144,2021-08-15 23:45:00,2021-08-16 00:16:00,31.0,6,3,4.666666666666667,동산동,하수구 냄새
58,2020-08-17 07:59:00,2020-08-17 09:10:00,71.0,6,3,4.0,부송동,하수구 냄새
289,2024-09-23 21:37:00,2024-09-23 22:13:00,36.0,6,4,4.0,부송동,"공장 냄새(화학약품, 매캐함)"
304,2025-08-29 22:47:00,2025-08-29 23:52:00,65.0,6,5,5.0,어양동,"가축 분뇨 냄새(닭, 돼지, 소)"
97,2021-06-02 21:54:00,2021-06-02 23:01:00,67.0,6,5,3.6666666666666665,영등동,"공장 냄새(화학약품, 매캐함)"
95,2020-10-13 23:13:00,2020-10-14 00:33:00,80.0,6,4,4.333333333333333,동산동,기타
297,2024-10-27 17:18:00,2024-10-27 18:31:00,73.0,6,1,4.166666666666667,왕궁면 흥암리,"가축 분뇨 냄새(닭, 돼지, 소)"
82,2020-09-15 07:11:00,2020-09-15 08:00:00,49.0,6,3,4.333333333333333,부송동,"공장 냄새(화학약품, 매캐함)"
276,2024-08-22 10:51:00,2024-08-22 11:26:00,35.0,6,1,4.333333333333333,왕궁면 흥암리,기타
233,2022-09-18 18:25:00,2022-09-18 19:16:00,51.0,6,2,4.5,부송동,"공장 냄새(화학약품, 매캐함)"
171,2021-09-25 17:34:00,2021-09-25 17:54:00,20.0,6,3,5.0,낭산면 용기리,기타
155,2021-08-31 00:24:00,2021-08-31 00:43:00,19.0,6,3,4.166666666666667,부송동,"가축 분뇨 냄새(닭, 돼지, 소)"
36,2020-08-08 23:55:00,2020-08-09 00:42:00,47.0,6,3,4.166666666666667,동산동,기타
185,2022-06-27 19:17:00,2022-06-27 20:20:00,63.0,6,5,4.0,영등동,기타
261,2024-07-05 21:52:00,2024-07-05 22:22:00,30.0,6,1,3.8333333333333335,왕궁면 흥암리,"가축 분뇨 냄새(닭, 돼지, 소)"
167,2021-09-23 06:35:00,2021-09-23 08:18:00,103.0,6,6,4.333333333333333,영등동,"가축 분뇨 냄새(닭, 돼지, 소)"
183,2022-06-26 23:09:00,2022-06-27 00:09:00,60.0,6,4,4.166666666666667,부송동,기타
28,2020-08-04 22:51:00,2020-08-04 23:07:00,16.0,6,6,4.333333333333333,모현동1가,기타
21,2020-08-02 21:26:00,2020-08-02 22:50:00,84.0,6,3,4.0,동산동,기타
256,2024-06-23 22:51:00,2024-06-23 23:17:00,26.0,5,3,4.0,영등동,"가축 분뇨 냄새(닭, 돼지, 소)"
317,2025-10-11 22:35:00,2025-10-11 23:04:00,29.0,5,5,3.8,부송동,"가축 분뇨 냄새(닭, 돼지, 소)"
302,2025-08-13 23:40:00,2025-08-14 00:01:00,21.0,5,4,4.8,부송동,"가축 분뇨 냄새(닭, 돼지, 소)"
296,2024-10-14 22:17:00,2024-10-14 22:51:00,34.0,5,1,4.6,왕궁면 흥암리,"가축 분뇨 냄새(닭, 돼지, 소)"
237,2022-10-02 20:45:00,2022-10-02 21:11:00,26.0,5,3,4.2,동산동,기타
294,2024-10-10 21:01:00,2024-10-10 21:20:00,19.0,5,1,4.2,왕궁면 흥암리,"가축 분뇨 냄새(닭, 돼지, 소)"
308,2025-09-14 23:57:00,2025-09-15 00:40:00,43.0,5,4,4.4,어양동,"가축 분뇨 냄새(닭, 돼지, 소)"
248,2023-09-12 23:50:00,2023-09-13 00:34:00,44.0,5,4,4.0,부송동,"가축 분뇨 냄새(닭, 돼지, 소)"
288,2024-09-14 00:13:00,2024-09-14 00:30:00,17.0,5,3,4.8,동산동,"가축 분뇨 냄새(닭, 돼지, 소)"
314,2025-09-30 21:34:00,2025-09-30 21:54:00,20.0,5,1,4.8,왕궁면 흥암리,"공장 냄새(화학약품, 매캐함)"
319,2025-10-17 21:13:00,2025-10-17 21:35:00,22.0,5,1,4.0,왕궁면 흥암리,"가축 분뇨 냄새(닭, 돼지, 소)"
263,2024-07-14 22:31:00,2024-07-14 23:00:00,29.0,5,1,4.2,왕궁면 흥암리,"가축 분뇨 냄새(닭, 돼지, 소)"
309,2025-09-15 20:27:00,2025-09-15 21:25:00,58.0,5,1,4.4,왕궁면 흥암리,"가축 분뇨 냄새(닭, 돼지, 소)"
270,2024-07-22 20:59:00,2024-07-22 21:49:00,50.0,5,4,3.6,영등동,"가축 분뇨 냄새(닭, 돼지, 소)"
244,2023-09-05 00:52:00,2023-09-05 01:59:00,67.0,5,3,5.0,동산동,"가축 분뇨 냄새(닭, 돼지, 소)"
322,2026-07-01 00:16:00,2026-07-01 00:21:00,5.0,5,1,4.2,왕궁면 흥암리,"가축 분뇨 냄새(닭, 돼지, 소)"
127,2021-07-28 20:42:00,2021-07-28 21:39:00,57.0,5,3,4.6,동산동,"가축 분뇨 냄새(닭, 돼지, 소)"
151,2021-08-20 20:20:00,2021-08-20 20:38:00,18.0,5,4,4.2,동산동,기타
169,2021-09-24 22:53:00,2021-09-24 23:13:00,20.0,5,3,3.6,동산동,기타
108,2021-06-10 17:10:00,2021-06-10 18:01:00,51.0,5,5,4.8,동산동,"공장 냄새(화학약품, 매캐함)"
165,2021-09-19 21:12:00,2021-09-19 21:45:00,33.0,5,4,4.2,부송동,"공장 냄새(화학약품, 매캐함)"
63,2020-08-22 06:18:00,2020-08-22 07:10:00,52.0,5,4,4.2,부송동,"가축 분뇨 냄새(닭, 돼지, 소)"
65,2020-08-22 21:54:00,2020-08-22 22:43:00,49.0,5,3,3.8,동산동,기타
160,2021-09-05 07:55:00,2021-09-05 08:31:00,36.0,5,2,4.6,낭산면 용기리,기타
152,2021-08-25 21:37:00,2021-08-25 22:13:00,36.0,5,3,4.4,어양동,기타
85,2020-09-18 21:35:00,2020-09-18 21:47:00,12.0,5,2,3.8,팔봉동,기타
37,2020-08-09 11:12:00,2020-08-09 11:15:00,3.0,5,2,4.0,인화동2가,"가축 분뇨 냄새(닭, 돼지, 소)"
147,2021-08-17 14:32:00,2021-08-17 15:21:00,49.0,5,2,4.6,낭산면 용기리,기타
88,2020-09-19 23:41:00,2020-09-20 00:37:00,56.0,5,3,3.4,동산동,기타
141,2021-08-14 15:56:00,2021-08-14 16:47:00,51.0,5,2,4.8,낭산면 용기리,기타
90,2020-09-21 22:03:00,2020-09-21 22:59:00,56.0,5,2,3.4,어양동,"공장 냄새(화학약품, 매캐함)"
131,2021-08-04 21:05:00,2021-08-04 21:10:00,5.0,5,2,5.0,낭산면 용기리,기타
98,2021-06-05 02:52:00,2021-06-05 02:56:00,4.0,5,1,5.0,인화동2가,기타
104,2021-06-09 20:56:00,2021-06-09 21:12:00,16.0,5,3,4.6,동산동,"공장 냄새(화학약품, 매캐함)"
170,2021-09-24 23:06:00,2021-09-24 23:26:00,20.0,5,3,4.0,부송동,"공장 냄새(화학약품, 매캐함)"
48,2020-08-13 01:46:00,2020-08-13 02:03:00,17.0,5,4,4.6,평화동,기타
31,2020-08-05 19:06:00,2020-08-05 19:44:00,38.0,5,2,3.8,팔봉동,"가축 분뇨 냄새(닭, 돼지, 소)"
210,2022-07-27 23:49:00,2022-07-28 00:36:00,47.0,5,3,4.4,부송동,"공장 냄새(화학약품, 매캐함)"
228,2022-09-10 10:16:00,2022-09-10 10:19:00,3.0,5,1,5.0,낭산면 용기리,기타
4,2020-06-16 01:09:00,2020-06-16 01:20:00,11.0,5,3,4.0,영등동,기타
221,2022-08-26 20:37:00,2022-08-26 20:38:00,1.0,5,2,3.6,부송동,"공장 냄새(화학약품, 매캐함)"
214,2022-08-04 23:38:00,2022-08-05 00:28:00,50.0,5,2,4.6,부송동,"가축 분뇨 냄새(닭, 돼지, 소)"
14,2020-07-27 09:18:00,2020-07-27 09:33:00,15.0,5,2,3.4,부송동,"가축 분뇨 냄새(닭, 돼지, 소)"
212,2022-08-01 17:58:00,2022-08-01 18:49:00,51.0,5,2,4.8,낭산면 용기리,기타
16,2020-07-30 00:12:00,2020-07-30 00:55:00,43.0,5,3,4.0,동산동,"가축 분뇨 냄새(닭, 돼지, 소)"
211,2022-07-28 22:34:00,2022-07-28 23:18:00,44.0,5,4,3.4,부송동,"가축 분뇨 냄새(닭, 돼지, 소)"
208,2022-07-26 22:35:00,2022-07-26 23:00:00,25.0,5,4,4.2,부송동,기타
205,2022-07-20 07:21:00,2022-07-20 08:33:00,72.0,5,4,3.6,동산동,"가축 분뇨 냄새(닭, 돼지, 소)"
30,2020-08-05 09:06:00,2020-08-05 09:18:00,12.0,5,3,3.2,영등동,"가축 분뇨 냄새(닭, 돼지, 소)"
29,2020-08-04 23:21:00,2020-08-05 00:23:00,62.0,5,1,4.0,팔봉동,기타
197,2022-07-13 01:24:00,2022-07-13 01:57:00,33.0,5,5,4.4,영등동,"가축 분뇨 냄새(닭, 돼지, 소)"
105,2021-06-09 23:04:00,2021-06-09 23:57:00,53.0,5,2,3.8,동산동,"공장 냄새(화학약품, 매캐함)"
59,2020-08-18 04:31:00,2020-08-18 05:23:00,52.0,4,2,4.0,동산동,"가축 분뇨 냄새(닭, 돼지, 소)"
76,2020-09-04 00:03:00,2020-09-04 00:35:00,32.0,4,4,2.75,어양동,"가축 분뇨 냄새(닭, 돼지, 소)"
12,2020-07-23 23:03:00,2020-07-23 23:33:00,30.0,4,3,3.5,부송동,"공장 냄새(화학약품, 매캐함)"
67,2020-08-24 01:03:00,2020-08-24 01:35:00,32.0,4,4,4.25,부송동,기타
89,2020-09-20 22:47:00,2020-09-20 23:29:00,42.0,4,3,4.0,부송동,"가축 분뇨 냄새(닭, 돼지, 소)"
43,2020-08-10 08:56:00,2020-08-10 09:06:00,10.0,4,4,3.5,부송동,기타
10,2020-07-22 19:56:00,2020-07-22 20:29:00,33.0,4,2,3.0,부송동,기타
91,2020-09-22 20:34:00,2020-09-22 21:24:00,50.0,4,3,3.5,어양동,"공장 냄새(화학약품, 매캐함)"
19,2020-08-01 23:49:00,2020-08-02 00:04:00,15.0,4,3,3.75,부송동,"가축 분뇨 냄새(닭, 돼지, 소)"
291,2024-09-30 23:25:00,2024-09-30 23:44:00,19.0,4,1,4.75,부송동,"공장 냄새(화학약품, 매캐함)"
73,2020-08-31 02:43:00,2020-08-31 03:14:00,31.0,4,4,3.5,모현동1가,기타
305,2025-08-30 22:57:00,2025-08-30 23:54:00,57.0,4,3,5.0,어양동,"가축 분뇨 냄새(닭, 돼지, 소)"
161,2021-09-12 21:52:00,2021-09-12 22:23:00,31.0,4,2,2.75,팔봉동,"공장 냄새(화학약품, 매캐함)"
184,2022-06-26 23:19:00,2022-06-26 23:58:00,39.0,4,4,4.0,영등동,기타
182,2022-06-26 07:09:00,2022-06-26 07:53:00,44.0,4,4,4.0,영등동,기타
259,2024-07-02 00:04:00,2024-07-02 00:30:00,26.0,4,2,3.75,어양동,소각 냄새(태우는 냄새)
124,2021-07-25 15:28:00,2021-07-25 16:31:00,63.0,4,2,3.5,낭산면 용기리,기타
236,2022-09-29 21:18:00,2022-09-29 22:18:00,60.0,4,2,4.75,부송동,"가축 분뇨 냄새(닭, 돼지, 소)"
128,2021-07-31 21:48:00,2021-07-31 21:54:00,6.0,4,1,4.25,부송동,"가축 분뇨 냄새(닭, 돼지, 소)"
262,2024-07-07 18:28:00,2024-07-07 19:28:00,60.0,4,1,4.5,왕궁면 흥암리,"가축 분뇨 냄새(닭, 돼지, 소)"
140,2021-08-13 02:53:00,2021-08-13 03:06:00,13.0,4,3,4.25,어양동,"공장 냄새(화학약품, 매캐함)"
195,2022-07-06 22:33:00,2022-07-06 22:42:00,9.0,4,3,4.0,모현동1가,기타
150,2021-08-19 23:21:00,2021-08-19 23:51:00,30.0,4,3,4.25,부송동,"공장 냄새(화학약품, 매캐함)"
109,2021-06-14 22:32:00,2021-06-14 22:50:00,18.0,3,3,4.666666666666667,모현동1가,"공장 냄새(화학약품, 매캐함)"
252,2023-10-13 21:14:00,2023-10-13 22:01:00,47.0,3,2,4.666666666666667,부송동,"가축 분뇨 냄새(닭, 돼지, 소)"
42,2020-08-10 01:16:00,2020-08-10 01:28:00,12.0,3,2,4.333333333333333,동산동,하수구 냄새
168,2021-09-23 22:51:00,2021-09-23 23:15:00,24.0,3,2,4.333333333333333,부송동,"공장 냄새(화학약품, 매캐함)"
118,2021-07-14 23:59:00,2021-07-15 00:54:00,55.0,3,1,4.666666666666667,모현동1가,기타
313,2025-09-23 20:37:00,2025-09-23 21:03:00,26.0,3,2,4.666666666666667,왕궁면 흥암리,"가축 분뇨 냄새(닭, 돼지, 소)"
246,2023-09-08 23:23:00,2023-09-09 00:03:00,40.0,3,2,4.0,부송동,"가축 분뇨 냄새(닭, 돼지, 소)"
267,2024-07-17 22:00:00,2024-07-17 22:26:00,26.0,3,1,4.333333333333333,왕궁면 흥암리,"가축 분뇨 냄새(닭, 돼지, 소)"
271,2024-07-22 23:41:00,2024-07-22 23:56:00,15.0,3,3,4.0,부송동,"가축 분뇨 냄새(닭, 돼지, 소)"
145,2021-08-16 13:05:00,2021-08-16 14:02:00,57.0,3,1,4.333333333333333,낭산면 용기리,기타
243,2023-08-27 01:35:00,2023-08-27 02:30:00,55.0,3,2,4.333333333333333,모현동1가,"공장 냄새(화학약품, 매캐함)"
100,2021-06-06 20:41:00,2021-06-06 21:17:00,36.0,3,3,4.0,송학동,"공장 냄새(화학약품, 매캐함)"
242,2023-08-20 23:42:00,2023-08-21 00:04:00,22.0,3,3,4.333333333333333,어양동,"가축 분뇨 냄새(닭, 돼지, 소)"
122,2021-07-22 19:48:00,2021-07-22 20:29:00,41.0,3,2,3.3333333333333335,부송동,기타
9,2020-07-19 22:42:00,2020-07-19 23:21:00,39.0,3,3,3.6666666666666665,마동,기타
32,2020-08-06 01:02:00,2020-08-06 01:49:00,47.0,3,2,4.666666666666667,어양동,"가축 분뇨 냄새(닭, 돼지, 소)"
238,2022-10-06 08:25:00,2022-10-06 08:28:00,3.0,2,2,4.5,부송동,하수구 냄새
163,2021-09-15 20:02:00,2021-09-15 21:02:00,60.0,2,2,5.0,낭산면 용기리,기타
189,2022-07-03 04:43:00,2022-07-03 04:53:00,10.0,2,2,2.0,영등동,기타
264,2024-07-15 21:11:00,2024-07-15 21:55:00,44.0,2,1,4.0,왕궁면 흥암리,"가축 분뇨 냄새(닭, 돼지, 소)"
158,2021-09-01 00:08:00,2021-09-01 00:17:00,9.0,2,2,4.5,영등동,"가축 분뇨 냄새(닭, 돼지, 소)"
87,2020-09-19 22:56:00,2020-09-19 23:25:00,29.0,2,1,4.0,부송동,기타
139,2021-08-12 21:59:00,2021-08-12 22:41:00,42.0,2,2,3.0,부송동,"공장 냄새(화학약품, 매캐함)"
101,2021-06-07 20:04:00,2021-06-07 20:22:00,18.0,2,2,4.0,모현동1가,"공장 냄새(화학약품, 매캐함)"
119,2021-07-15 01:41:00,2021-07-15 02:27:00,46.0,2,2,4.5,송학동,"가축 분뇨 냄새(닭, 돼지, 소)"
106,2021-06-09 23:58:00,2021-06-10 00:00:00,2.0,2,1,4.0,어양동,"공장 냄새(화학약품, 매캐함)"
234,2022-09-21 21:54:00,2022-09-21 22:19:00,25.0,2,2,4.5,어양동,"공장 냄새(화학약품, 매캐함)"
249,2023-09-18 00:13:00,2023-09-18 00:13:00,0.0,1,1,3.0,영등동,"가축 분뇨 냄새(닭, 돼지, 소)"
224,2022-09-04 17:25:00,2022-09-04 17:25:00,0.0,1,1,4.0,영등동,"가축 분뇨 냄새(닭, 돼지, 소)"
