순번,시군구명,업체명,소재지,주사육업종,데이터기준일
1,완주군,혜성농장,전북특별자치도 완주군 소양면,돼지,2025-01-23
2,완주군,보현농장,전북특별자치도 완주군 화산면,돼지,2025-01-23
3,완주군,김태종농장,전북특별자치도 완주군 봉동읍,돼지,2025-01-23
4,완주군,고산농장,전북특별자치도 완주군 고산면,돼지,2025-01-23
5,완주군,화심농장,전북특별자치도 완주군 소양면,돼지,2025-01-23
6,완주군,반씨농장,전북특별자치도 완주군 소양면,돼지,2025-01-23
7,완주군,영화농장,전북특별자치도 완주군 소양면,돼지,2025-01-23
8,완주군,E.L농장,전북특별자치도 완주군 소양면,돼지,2025-01-23
9,완주군,동양농장,전북특별자치도 완주군 소양면,돼지,2025-01-23
10,완주군,누리농장,전북특별자치도 완주군 소양면,돼지,2025-01-23
11,완주군,멍청이농장,전북특별자치도 완주군 소양면,돼지,2025-01-23
12,완주군,신왕농장,전북특별자치도 완주군 소양면,돼지,2025-01-23
13,완주군,한울농장,전북특별자치도 완주군 소양면,돼지,2025-01-23
14,완주군,능암농장,전북특별자치도 완주군 비봉면,돼지,2025-01-23
15,완주군,서영택농장,전북특별자치도 완주군 구이면,돼지,2025-01-23
16,완주군,이효택농장,전북특별자치도 완주군 구이면,돼지,2025-01-23
17,완주군,정병식농장,전북특별자치도 완주군 고산면,돼지,2025-01-23
18,완주군,송철호농장,전북특별자치도 완주군 고산면,돼지,2025-01-23
19,완주군,명임농장,전북특별자치도 완주군 고산면,돼지,2025-01-23
20,완주군,장군농장,전북특별자치도 완주군 고산면,돼지,2025-01-23
21,완주군,농업회사법인 주식회사 돈드림,전북특별자치도 완주군 고산면,돼지,2025-01-23
22,완주군,성기 농장,전북특별자치도 완주군 소양면,돼지,2025-01-23
23,완주군,모고지 농장,전북특별자치도 완주군 이서면,돼지,2025-01-23
24,완주군,운주농장,전북특별자치도 완주군 운주면,돼지,2025-01-23
25,완주군,영호농장,전북특별자치도 완주군 상관면,돼지,2025-01-23
26,완주군,송복규농장,전북특별자치도 완주군 봉동읍,돼지,2025-01-23
27,완주군,이춘기농장,전북특별자치도 완주군 소양면,돼지,2025-01-23
28,완주군,벧엘농장,전북특별자치도 완주군 소양면,돼지,2025-01-23
29,완주군,신철호농장,전북특별자치도 완주군 소양면,돼지,2025-01-23
30,완주군,농업회사법인주식회사두지팜,전북특별자치도 완주군 소양면,돼지,2025-01-23
31,완주군,두리농장,전북특별자치도 완주군 소양면,돼지,2025-01-23
32,완주군,효림농장,전북특별자치도 완주군 소양면,돼지,2025-01-23
33,완주군,김길문농장,전북특별자치도 완주군 구이면,돼지,2025-01-23
34,완주군,광희 농가,전북특별자치도 완주군 삼례읍,돼지,2025-01-23
35,완주군,고산 메추리농장,전북특별자치도 완주군 고산면,메추리,2025-01-23
36,완주군,미소축산 농업회사법인 주식회사,전북특별자치도 완주군 고산면,메추리,2025-01-23
37,완주군,철준사슴목장,전북특별자치도 완주군 소양면,사슴,2025-01-23
38,완주군,철준사슴목장 2,전북특별자치도 완주군 소양면,사슴,2025-01-23
39,완주군,한호사슴농장,전북특별자치도 완주군 상관면,사슴,2025-01-23
40,완주군,성수사슴농장,전북특별자치도 완주군 구이면,사슴,2025-01-23
41,완주군,백년사슴,전북특별자치도 완주군 소양면,사슴,2025-01-23
42,완주군,연석산농장,전북특별자치도 완주군 동상면,"사슴, 염소",2025-01-23
43,완주군,토종농장,전북특별자치도 완주군 비봉면,산양,2025-01-23
44,완주군,청년 베리팜,전북특별자치도 완주군 비봉면,산양,2025-01-23
45,완주군,김상중농장,전북특별자치도 완주군 화산면,산양,2025-01-23
46,완주군,구광회농장,전북특별자치도 완주군 화산면,산양,2025-01-23
47,완주군,민들레동산영농조합 화산점,전북특별자치도 완주군 화산면,산양,2025-01-23
48,완주군,요한농장,전북특별자치도 완주군 고산면,산양,2025-01-23
49,완주군,기자농장,전북특별자치도 완주군 화산면,염소,2025-01-23
50,완주군,호성축산,전북특별자치도 완주군 고산면,염소,2025-01-23
51,완주군,원심흑염소농장,전북특별자치도 완주군 비봉면,염소,2025-01-23
52,완주군,대둔산관광농원 염소농장,전북특별자치도 완주군 운주면,염소,2025-01-23
53,완주군,곤동농장,전북특별자치도 완주군 비봉면,염소,2025-01-23
54,완주군,부자농장,전북특별자치도 완주군 고산면,염소,2025-01-23
55,완주군,현이농장,전북특별자치도 완주군 화산면,염소,2025-01-23
56,완주군,문홍섭 농장,전북특별자치도 완주군 화산면,염소,2025-01-23
57,완주군,평원농장,전북특별자치도 완주군 비봉면,염소,2025-01-23
58,완주군,모악농장,전북특별자치도 완주군 상관면,염소,2025-01-23
59,완주군,두연농장,전북특별자치도 완주군 소양면,염소,2025-01-23
60,완주군,구광회농장 2,전북특별자치도 완주군 화산면,염소,2025-01-23
61,완주군,영구축산,전북특별자치도 완주군 봉동읍,염소,2025-01-23
62,완주군,유진농장,전북특별자치도 완주군 화산면,염소,2025-01-23
63,완주군,최강자농장,전북특별자치도 완주군 용진읍,염소,2025-01-23
64,완주군,화월농장 2,전북특별자치도 완주군 화산면,육계,2025-01-23
65,완주군,하늘농장,전북특별자치도 완주군 구이면,육계,2025-01-23
66,완주군,고산농장,전북특별자치도 완주군 고산면,육계,2025-01-23
67,완주군,송명순농장,전북특별자치도 완주군 고산면,육계,2025-01-23
68,완주군,장봉기농장,전북특별자치도 완주군 고산면,육계,2025-01-23
69,완주군,태경농장,전북특별자치도 완주군 화산면,육계,2025-01-23
70,완주군,엘지농원,전북특별자치도 완주군 화산면,육계,2025-01-23
71,완주군,운산농장,전북특별자치도 완주군 화산면,육계,2025-01-23
72,완주군,미남농장 (육계),전북특별자치도 완주군 화산면,육계,2025-01-23
73,완주군,임영복농장,전북특별자치도 완주군 화산면,육계,2025-01-23
74,완주군,로또농장,전북특별자치도 완주군 비봉면,육계,2025-01-23
75,완주군,화심양계농장,전북특별자치도 완주군 소양면,육계,2025-01-23
76,완주군,박철균농장,전북특별자치도 완주군 용진읍,육계,2025-01-23
77,완주군,수앤옥농장,전북특별자치도 완주군 구이면,육계,2025-01-23
78,완주군,야곱농장,전북특별자치도 완주군 화산면,육계,2025-01-23
79,완주군,강 훈 농장,전북특별자치도 완주군 구이면,육계,2025-01-23
80,완주군,동부농장,전북특별자치도 완주군 동상면,육계,2025-01-23
81,완주군,온새미로,전북특별자치도 완주군 이서면,육계,2025-01-23
82,완주군,박영호농장,전북특별자치도 완주군 비봉면,육계,2025-01-23
83,완주군,흥일농장,전북특별자치도 완주군 소양면,육계,2025-01-23
84,완주군,샬롬농장,전북특별자치도 완주군 비봉면,육계,2025-01-23
85,완주군,수청농장,전북특별자치도 완주군 운주면,육계,2025-01-23
86,완주군,이미숙농장,전북특별자치도 완주군 상관면,육계,2025-01-23
87,완주군,김용선 농장,전북특별자치도 완주군 삼례읍,육계,2025-01-23
88,완주군,효천농장,전북특별자치도 완주군 고산면,육계,2025-01-23
89,완주군,두메농장,전북특별자치도 완주군 고산면,육계,2025-01-23
90,완주군,요제농장,전북특별자치도 완주군 소양면,육계,2025-01-23
91,완주군,크로바 농장 1,전북특별자치도 완주군 화산면,육계,2025-01-23
92,완주군,송원농장,전북특별자치도 완주군 운주면,육계,2025-01-23
93,완주군,축복 농장,전북특별자치도 완주군 화산면,육계,2025-01-23
94,완주군,꼬꼬농장,전북특별자치도 완주군 화산면,육계,2025-01-23
95,완주군,금선농장,전북특별자치도 완주군 봉동읍,육계,2025-01-23
96,완주군,해뜨는농장,전북특별자치도 완주군 동상면,육계,2025-01-23
97,완주군,정해권농장,전북특별자치도 완주군 봉동읍,육계,2025-01-23
98,완주군,크로바농장 2,전북특별자치도 완주군 화산면,육계,2025-01-23
99,완주군,크로바농장 3,전북특별자치도 완주군 화산면,육계,2025-01-23
100,완주군,드림꽃사슴,전북특별자치도 완주군 이서면,"육계, 사슴",2025-01-23
101,완주군,달뱅이농장,전북특별자치도 완주군 용진읍,"육계, 오리",2025-01-23
102,완주군,미래농장,전북특별자치도 완주군 이서면,육용오리,2025-01-23
103,완주군,마수목장,전북특별자치도 완주군 소양면,육우,2025-01-23
104,완주군,대명축산,전북특별자치도 완주군 구이면,육우,2025-01-23
105,완주군,고산목장2,전북특별자치도 완주군 고산면,육우,2025-01-23
106,완주군,수아목장,전북특별자치도 완주군 봉동읍,육우,2025-01-23
107,완주군,베드로목장2,전북특별자치도 완주군 비봉면,육우,2025-01-23
108,완주군,샘물농장 2,전북특별자치도 완주군 봉동읍,육우,2025-01-23
109,완주군,대명농장,전북특별자치도 완주군 화산면,젖소,2025-01-23
110,완주군,고산농장,전북특별자치도 완주군 고산면,젖소,2025-01-23
111,완주군,오세열농장,전북특별자치도 완주군 소양면,젖소,2025-01-23
112,완주군,최영림농장,전북특별자치도 완주군 소양면,젖소,2025-01-23
113,완주군,로뎀 농장,전북특별자치도 완주군 소양면,젖소,2025-01-23
114,완주군,다민목장,전북특별자치도 완주군 소양면,젖소,2025-01-23
115,완주군,대광목장,전북특별자치도 완주군 이서면,젖소,2025-01-23
116,완주군,호정농장,전북특별자치도 완주군 비봉면,젖소,2025-01-23
117,완주군,베드로목장,전북특별자치도 완주군 비봉면,젖소,2025-01-23
118,완주군,김대용목장,전북특별자치도 완주군 비봉면,젖소,2025-01-23
119,완주군,별목장,전북특별자치도 완주군 비봉면,젖소,2025-01-23
120,완주군,장원목장,전북특별자치도 완주군 비봉면,젖소,2025-01-23
121,완주군,한승농장,전북특별자치도 완주군 비봉면,젖소,2025-01-23
122,완주군,하유경농장,전북특별자치도 완주군 봉동읍,젖소,2025-01-23
123,완주군,샘물목장,전북특별자치도 완주군 봉동읍,젖소,2025-01-23
124,완주군,정동목장,전북특별자치도 완주군 봉동읍,젖소,2025-01-23
125,완주군,호원농장,전북특별자치도 완주군 비봉면,젖소,2025-01-23
126,완주군,임재웅농장,전북특별자치도 완주군 소양면,젖소,2025-01-23
127,완주군,이원흥 농장,전북특별자치도 완주군 용진읍,젖소,2025-01-23
128,완주군,박은출 농장,전북특별자치도 완주군 비봉면,젖소,2025-01-23
129,완주군,태양목장,전북특별자치도 완주군 비봉면,젖소,2025-01-23
130,완주군,우리목장,전북특별자치도 완주군 소양면,젖소,2025-01-23
131,완주군,봉실농장,전북특별자치도 완주군 비봉면,젖소,2025-01-23
132,완주군,행복농장,전북특별자치도 완주군 경천면,종계/산란계,2025-01-23
133,완주군,경각산유정란,전북특별자치도 완주군 구이면,종계/산란계,2025-01-23
134,완주군,농업회사법인(주)지산씨엔에프,전북특별자치도 완주군 이서면,종계/산란계,2025-01-23
135,완주군,기독교농촌개발원,전북특별자치도 완주군 이서면,종계/산란계,2025-01-23
136,완주군,자띠골농원,전북특별자치도 완주군 용진읍,종계/산란계,2025-01-23
137,완주군,행운유정란,전북특별자치도 완주군 용진읍,종계/산란계,2025-01-23
138,완주군,참조은농장,전북특별자치도 완주군 용진읍,종계/산란계,2025-01-23
139,완주군,승우농장,전북특별자치도 완주군 화산면,한우,2025-01-23
140,완주군,행복한 한우농장,전북특별자치도 완주군 구이면,한우,2025-01-23
141,완주군,사랑과 기쁨,전북특별자치도 완주군 고산면,한우,2025-01-23
142,완주군,성정애농장,전북특별자치도 완주군 고산면,한우,2025-01-23
143,완주군,강금자농장,전북특별자치도 완주군 고산면,한우,2025-01-23
144,완주군,남관동물농장,전북특별자치도 완주군 상관면,한우,2025-01-23
145,완주군,박종석농장,전북특별자치도 완주군 화산면,한우,2025-01-23
146,완주군,이창재농장,전북특별자치도 완주군 화산면,한우,2025-01-23
147,완주군,천우농장,전북특별자치도 완주군 화산면,한우,2025-01-23
148,완주군,김덕희농장,전북특별자치도 완주군 화산면,한우,2025-01-23
149,완주군,다라니농장,전북특별자치도 완주군 화산면,한우,2025-01-23
150,완주군,채범석농장,전북특별자치도 완주군 화산면,한우,2025-01-23
151,완주군,강석승농장,전북특별자치도 완주군 화산면,한우,2025-01-23
152,완주군,다두농장,전북특별자치도 완주군 화산면,한우,2025-01-23
153,완주군,곽영민농장,전북특별자치도 완주군 화산면,한우,2025-01-23
154,완주군,박태수농장,전북특별자치도 완주군 화산면,한우,2025-01-23
155,완주군,청정농장,전북특별자치도 완주군 비봉면,한우,2025-01-23
156,완주군,박성기 농장,전북특별자치도 완주군 비봉면,한우,2025-01-23
157,완주군,이성구농장,전북특별자치도 완주군 비봉면,한우,2025-01-23
158,완주군,문장농장,전북특별자치도 완주군 비봉면,한우,2025-01-23
159,완주군,정병문농장,전북특별자치도 완주군 비봉면,한우,2025-01-23
160,완주군,국완호농장,전북특별자치도 완주군 비봉면,한우,2025-01-23
161,완주군,임영순 농장 1,전북특별자치도 완주군 고산면,한우,2025-01-23
162,완주군,서정기농장,전북특별자치도 완주군 고산면,한우,2025-01-23
163,완주군,안골농장,전북특별자치도 완주군 화산면,한우,2025-01-23
164,완주군,한우농장,전북특별자치도 완주군 화산면,한우,2025-01-23
165,완주군,소두러니 농장,전북특별자치도 완주군 화산면,한우,2025-01-23
166,완주군,희택농장,전북특별자치도 완주군 화산면,한우,2025-01-23
167,완주군,가마재 소우리,전북특별자치도 완주군 화산면,한우,2025-01-23
168,완주군,이정수농장,전북특별자치도 완주군 화산면,한우,2025-01-23
169,완주군,이성수농장,전북특별자치도 완주군 화산면,한우,2025-01-23
170,완주군,오광순농장,전북특별자치도 완주군 화산면,한우,2025-01-23
171,완주군,오광열농장,전북특별자치도 완주군 화산면,한우,2025-01-23
172,완주군,이원자농장,전북특별자치도 완주군 화산면,한우,2025-01-23
173,완주군,임석현농장,전북특별자치도 완주군 화산면,한우,2025-01-23
174,완주군,장치혁농장,전북특별자치도 완주군 화산면,한우,2025-01-23
175,완주군,임일택농장,전북특별자치도 완주군 고산면,한우,2025-01-23
176,완주군,해전농장,전북특별자치도 완주군 삼례읍,한우,2025-01-23
177,완주군,유훈희농장,전북특별자치도 완주군 봉동읍,한우,2025-01-23
178,완주군,조계순농장,전북특별자치도 완주군 고산면,한우,2025-01-23
179,완주군,오현홍농장,전북특별자치도 완주군 고산면,한우,2025-01-23
180,완주군,조종필농장,전북특별자치도 완주군 화산면,한우,2025-01-23
181,완주군,수영농장,전북특별자치도 완주군 화산면,한우,2025-01-23
182,완주군,박영석농장,전북특별자치도 완주군 화산면,한우,2025-01-23
183,완주군,상호농장,전북특별자치도 완주군 화산면,한우,2025-01-23
184,완주군,행복농장 1,전북특별자치도 완주군 화산면,한우,2025-01-23
185,완주군,임완규농장,전북특별자치도 완주군 화산면,한우,2025-01-23
186,완주군,방골농장,전북특별자치도 완주군 화산면,한우,2025-01-23
187,완주군,석천농장,전북특별자치도 완주군 화산면,한우,2025-01-23
188,완주군,장중화농장,전북특별자치도 완주군 화산면,한우,2025-01-23
189,완주군,유상준농장,전북특별자치도 완주군 화산면,한우,2025-01-23
190,완주군,대평농장,전북특별자치도 완주군 화산면,한우,2025-01-23
191,완주군,임영택농장,전북특별자치도 완주군 화산면,한우,2025-01-23
192,완주군,양점수농장,전북특별자치도 완주군 화산면,한우,2025-01-23
193,완주군,한성일농장,전북특별자치도 완주군 화산면,한우,2025-01-23
194,완주군,한기창농장,전북특별자치도 완주군 화산면,한우,2025-01-23
195,완주군,한성율농장,전북특별자치도 완주군 화산면,한우,2025-01-23
196,완주군,대건농장,전북특별자치도 완주군 화산면,한우,2025-01-23
197,완주군,유길주농장,전북특별자치도 완주군 화산면,한우,2025-01-23
198,완주군,임마누엘농장,전북특별자치도 완주군 화산면,한우,2025-01-23
199,완주군,전유덕농장,전북특별자치도 완주군 화산면,한우,2025-01-23
200,완주군,창화농장2,전북특별자치도 완주군 화산면,한우,2025-01-23
201,완주군,수선 청정농장,전북특별자치도 완주군 비봉면,한우,2025-01-23
202,완주군,원수선농장,전북특별자치도 완주군 비봉면,한우,2025-01-23
203,완주군,덕선농장,전북특별자치도 완주군 비봉면,한우,2025-01-23
204,완주군,최병용농장,전북특별자치도 완주군 비봉면,한우,2025-01-23
205,완주군,유희관농장,전북특별자치도 완주군 비봉면,한우,2025-01-23
206,완주군,천호농장,전북특별자치도 완주군 비봉면,한우,2025-01-23
207,완주군,사랑농장,전북특별자치도 완주군 비봉면,한우,2025-01-23
208,완주군,국민수농장,전북특별자치도 완주군 비봉면,한우,2025-01-23
209,완주군,김동언농장,전북특별자치도 완주군 운주면,한우,2025-01-23
210,완주군,송기수농장,전북특별자치도 완주군 고산면,한우,2025-01-23
211,완주군,정재봉농장,전북특별자치도 완주군 고산면,한우,2025-01-23
212,완주군,신기축산,전북특별자치도 완주군 고산면,한우,2025-01-23
213,완주군,태산농장,전북특별자치도 완주군 고산면,한우,2025-01-23
214,완주군,한율농장,전북특별자치도 완주군 고산면,한우,2025-01-23
215,완주군,정관석농장,전북특별자치도 완주군 고산면,한우,2025-01-23
216,완주군,동지농장,전북특별자치도 완주군 고산면,한우,2025-01-23
217,완주군,김재화농장,전북특별자치도 완주군 고산면,한우,2025-01-23
218,완주군,조방희농장,전북특별자치도 완주군 고산면,한우,2025-01-23
219,완주군,김영범농장,전북특별자치도 완주군 고산면,한우,2025-01-23
220,완주군,박길수농장,전북특별자치도 완주군 고산면,한우,2025-01-23
221,완주군,김재윤농장,전북특별자치도 완주군 고산면,한우,2025-01-23
222,완주군,김학렬농장,전북특별자치도 완주군 고산면,한우,2025-01-23
223,완주군,최성훈농장,전북특별자치도 완주군 고산면,한우,2025-01-23
224,완주군,서강원농장,전북특별자치도 완주군 고산면,한우,2025-01-23
225,완주군,권준하농장,전북특별자치도 완주군 고산면,한우,2025-01-23
226,완주군,에벤에셀농장,전북특별자치도 완주군 고산면,한우,2025-01-23
227,완주군,들녘한우,전북특별자치도 완주군 고산면,한우,2025-01-23
228,완주군,우리농장,전북특별자치도 완주군 고산면,한우,2025-01-23
229,완주군,정영춘농장,전북특별자치도 완주군 고산면,한우,2025-01-23
230,완주군,김병옥농장,전북특별자치도 완주군 고산면,한우,2025-01-23
231,완주군,형제농장,전북특별자치도 완주군 고산면,한우,2025-01-23
232,완주군,김한수농장,전북특별자치도 완주군 고산면,한우,2025-01-23
233,완주군,화산골 힐링 농장,전북특별자치도 완주군 화산면,한우,2025-01-23
234,완주군,김욱태농장,전북특별자치도 완주군 화산면,한우,2025-01-23
235,완주군,한우물농장,전북특별자치도 완주군 화산면,한우,2025-01-23
236,완주군,명진농장,전북특별자치도 완주군 화산면,한우,2025-01-23
237,완주군,장금복농장,전북특별자치도 완주군 화산면,한우,2025-01-23
238,완주군,김용범농장,전북특별자치도 완주군 화산면,한우,2025-01-23
239,완주군,김점태농장,전북특별자치도 완주군 화산면,한우,2025-01-23
240,완주군,남승민농장,전북특별자치도 완주군 화산면,한우,2025-01-23
241,완주군,산들맘농장2,전북특별자치도 완주군 화산면,한우,2025-01-23
242,완주군,국헌호농장,전북특별자치도 완주군 비봉면,한우,2025-01-23
243,완주군,유홍석농장,전북특별자치도 완주군 비봉면,한우,2025-01-23
244,완주군,이한형농장,전북특별자치도 완주군 비봉면,한우,2025-01-23
245,완주군,유재연농장,전북특별자치도 완주군 비봉면,한우,2025-01-23
246,완주군,유희래농장,전북특별자치도 완주군 비봉면,한우,2025-01-23
247,완주군,비봉목장,전북특별자치도 완주군 비봉면,한우,2025-01-23
248,완주군,박경무농장,전북특별자치도 완주군 비봉면,한우,2025-01-23
249,완주군,호남농장,전북특별자치도 완주군 용진읍,한우,2025-01-23
250,완주군,해오름 농장,전북특별자치도 완주군 용진읍,한우,2025-01-23
251,완주군,정봉락농장,전북특별자치도 완주군 용진읍,한우,2025-01-23
252,완주군,정윤한우목장,전북특별자치도 완주군 이서면,한우,2025-01-23
253,완주군,국희농장,전북특별자치도 완주군 삼례읍,한우,2025-01-23
254,완주군,박광배농장,전북특별자치도 완주군 구이면,한우,2025-01-23
255,완주군,에덴농장,전북특별자치도 완주군 화산면,한우,2025-01-23
256,완주군,박기철농장,전북특별자치도 완주군 구이면,한우,2025-01-23
257,완주군,고덕목장,전북특별자치도 완주군 구이면,한우,2025-01-23
258,완주군,형제농장 3,전북특별자치도 완주군 상관면,한우,2025-01-23
259,완주군,진선목장,전북특별자치도 완주군 소양면,한우,2025-01-23
260,완주군,김정언농장,전북특별자치도 완주군 소양면,한우,2025-01-23
261,완주군,이대원농장,전북특별자치도 완주군 고산면,한우,2025-01-23
262,완주군,신포농장,전북특별자치도 완주군 삼례읍,한우,2025-01-23
263,완주군,지동농장,전북특별자치도 완주군 용진읍,한우,2025-01-23
264,완주군,이영구농장,전북특별자치도 완주군 용진읍,한우,2025-01-23
265,완주군,OK농장,전북특별자치도 완주군 용진읍,한우,2025-01-23
266,완주군,용복 한우농장,전북특별자치도 완주군 용진읍,한우,2025-01-23
267,완주군,권원택농장,전북특별자치도 완주군 용진읍,한우,2025-01-23
268,완주군,송세영농장,전북특별자치도 완주군 용진읍,한우,2025-01-23
269,완주군,대호한우,전북특별자치도 완주군 고산면,한우,2025-01-23
270,완주군,유민오농장,전북특별자치도 완주군 화산면,한우,2025-01-23
271,완주군,명곡목장,전북특별자치도 완주군 비봉면,한우,2025-01-23
272,완주군,국운호농장,전북특별자치도 완주군 화산면,한우,2025-01-23
273,완주군,서은기농장,전북특별자치도 완주군 화산면,한우,2025-01-23
274,완주군,유만준농장,전북특별자치도 완주군 화산면,한우,2025-01-23
275,완주군,박강재농장,전북특별자치도 완주군 화산면,한우,2025-01-23
276,완주군,김중배농장 2,전북특별자치도 완주군 화산면,한우,2025-01-23
277,완주군,김문태농장,전북특별자치도 완주군 화산면,한우,2025-01-23
278,완주군,배명찬농장,전북특별자치도 완주군 화산면,한우,2025-01-23
279,완주군,이미순농장,전북특별자치도 완주군 화산면,한우,2025-01-23
280,완주군,배재문 농장,전북특별자치도 완주군 화산면,한우,2025-01-23
281,완주군,김영대농장,전북특별자치도 완주군 화산면,한우,2025-01-23
282,완주군,감나무골농장,전북특별자치도 완주군 비봉면,한우,2025-01-23
283,완주군,사랑농장,전북특별자치도 완주군 비봉면,한우,2025-01-23
284,완주군,김태선농장,전북특별자치도 완주군 화산면,한우,2025-01-23
285,완주군,김정남농장,전북특별자치도 완주군 화산면,한우,2025-01-23
286,완주군,백남윤농장,전북특별자치도 완주군 화산면,한우,2025-01-23
287,완주군,강성구농장,전북특별자치도 완주군 화산면,한우,2025-01-23
288,완주군,김광연 농장,전북특별자치도 완주군 화산면,한우,2025-01-23
289,완주군,태양축산,전북특별자치도 완주군 고산면,한우,2025-01-23
290,완주군,김종배농장,전북특별자치도 완주군 이서면,한우,2025-01-23
291,완주군,금강농장,전북특별자치도 완주군 경천면,한우,2025-01-23
292,완주군,김태희농장,전북특별자치도 완주군 화산면,한우,2025-01-23
293,완주군,화산농장2,전북특별자치도 완주군 비봉면,한우,2025-01-23
294,완주군,이진철농장,전북특별자치도 완주군 화산면,한우,2025-01-23
295,완주군,최덕환농장,전북특별자치도 완주군 화산면,한우,2025-01-23
296,완주군,국경호농장,전북특별자치도 완주군 화산면,한우,2025-01-23
297,완주군,권덕남농장투,전북특별자치도 완주군 화산면,한우,2025-01-23
298,완주군,최화식농장,전북특별자치도 완주군 화산면,한우,2025-01-23
299,완주군,임선규농장,전북특별자치도 완주군 화산면,한우,2025-01-23
300,완주군,화산농장 1,전북특별자치도 완주군 화산면,한우,2025-01-23
301,완주군,최부선농장,전북특별자치도 완주군 화산면,한우,2025-01-23
302,완주군,유용준농장,전북특별자치도 완주군 화산면,한우,2025-01-23
303,완주군,유항준목장,전북특별자치도 완주군 화산면,한우,2025-01-23
304,완주군,재승농장,전북특별자치도 완주군 화산면,한우,2025-01-23
305,완주군,유복선농장,전북특별자치도 완주군 화산면,한우,2025-01-23
306,완주군,김명곤농장 1,전북특별자치도 완주군 화산면,한우,2025-01-23
307,완주군,장금호농장,전북특별자치도 완주군 화산면,한우,2025-01-23
308,완주군,천석농장,전북특별자치도 완주군 화산면,한우,2025-01-23
309,완주군,노천호농장,전북특별자치도 완주군 화산면,한우,2025-01-23
310,완주군,채규욱농장,전북특별자치도 완주군 화산면,한우,2025-01-23
311,완주군,호반 농장,전북특별자치도 완주군 고산면,한우,2025-01-23
312,완주군,정수득농장,전북특별자치도 완주군 용진읍,한우,2025-01-23
313,완주군,구순여농장,전북특별자치도 완주군 비봉면,한우,2025-01-23
314,완주군,장완자농장,전북특별자치도 완주군 비봉면,한우,2025-01-23
315,완주군,권대원농장,전북특별자치도 완주군 화산면,한우,2025-01-23
316,완주군,조재준농장,전북특별자치도 완주군 비봉면,한우,2025-01-23
317,완주군,박병일농장,전북특별자치도 완주군 삼례읍,한우,2025-01-23
318,완주군,임재옥농장,전북특별자치도 완주군 이서면,한우,2025-01-23
319,완주군,오현용농장,전북특별자치도 완주군 화산면,한우,2025-01-23
320,완주군,정승철농장,전북특별자치도 완주군 용진읍,한우,2025-01-23
321,완주군,국진환농장,전북특별자치도 완주군 화산면,한우,2025-01-23
322,완주군,구준회농장,전북특별자치도 완주군 화산면,한우,2025-01-23
323,완주군,반석목장,전북특별자치도 완주군 화산면,한우,2025-01-23
324,완주군,임대빈 농장,전북특별자치도 완주군 비봉면,한우,2025-01-23
325,완주군,최대운농장,전북특별자치도 완주군 봉동읍,한우,2025-01-23
326,완주군,국운호농장,전북특별자치도 완주군 비봉면,한우,2025-01-23
327,완주군,화산골농장,전북특별자치도 완주군 화산면,한우,2025-01-23
328,완주군,홍남귀농장,전북특별자치도 완주군 화산면,한우,2025-01-23
329,완주군,죽림농장,전북특별자치도 완주군 고산면,한우,2025-01-23
330,완주군,백장현농장,전북특별자치도 완주군 화산면,한우,2025-01-23
331,완주군,유운장농장,전북특별자치도 완주군 화산면,한우,2025-01-23
332,완주군,민경관농장,전북특별자치도 완주군 용진읍,한우,2025-01-23
333,완주군,장중은농장,전북특별자치도 완주군 화산면,한우,2025-01-23
334,완주군,박승배농장,전북특별자치도 완주군 화산면,한우,2025-01-23
335,완주군,박규순농장,전북특별자치도 완주군 화산면,한우,2025-01-23
336,완주군,여금농장,전북특별자치도 완주군 고산면,한우,2025-01-23
337,완주군,영진목장,전북특별자치도 완주군 화산면,한우,2025-01-23
338,완주군,서살리농장,전북특별자치도 완주군 비봉면,한우,2025-01-23
339,완주군,대상농장,전북특별자치도 완주군 비봉면,한우,2025-01-23
340,완주군,김종길농장 3,전북특별자치도 완주군 용진읍,한우,2025-01-23
341,완주군,순지농장,전북특별자치도 완주군 용진읍,한우,2025-01-23
342,완주군,권덕남농장,전북특별자치도 완주군 화산면,한우,2025-01-23
343,완주군,정주영농장,전북특별자치도 완주군 고산면,한우,2025-01-23
344,완주군,세영농장,전북특별자치도 완주군 화산면,한우,2025-01-23
345,완주군,양승만농장,전북특별자치도 완주군 화산면,한우,2025-01-23
346,완주군,홍정란농장,전북특별자치도 완주군 화산면,한우,2025-01-23
347,완주군,국원호농장,전북특별자치도 완주군 비봉면,한우,2025-01-23
348,완주군,정근중농장,전북특별자치도 완주군 비봉면,한우,2025-01-23
349,완주군,대광농장,전북특별자치도 완주군 고산면,한우,2025-01-23
350,완주군,해피농장,전북특별자치도 완주군 비봉면,한우,2025-01-23
351,완주군,문수농장,전북특별자치도 완주군 화산면,한우,2025-01-23
352,완주군,조정천농장,전북특별자치도 완주군 비봉면,한우,2025-01-23
353,완주군,깨끗한농장,전북특별자치도 완주군 화산면,한우,2025-01-23
354,완주군,노성숙농장,전북특별자치도 완주군 화산면,한우,2025-01-23
355,완주군,김선배농장,전북특별자치도 완주군 상관면,한우,2025-01-23
356,완주군,정명호농장,전북특별자치도 완주군 삼례읍,한우,2025-01-23
357,완주군,조준호농장,전북특별자치도 완주군 고산면,한우,2025-01-23
358,완주군,그린농장,전북특별자치도 완주군 비봉면,한우,2025-01-23
359,완주군,성진농장,전북특별자치도 완주군 화산면,한우,2025-01-23
360,완주군,소농농장,전북특별자치도 완주군 고산면,한우,2025-01-23
361,완주군,세영농장,전북특별자치도 완주군 화산면,한우,2025-01-23
362,완주군,김성곤농장,전북특별자치도 완주군 화산면,한우,2025-01-23
363,완주군,정병태농장,전북특별자치도 완주군 비봉면,한우,2025-01-23
364,완주군,용호농장,전북특별자치도 완주군 고산면,한우,2025-01-23
365,완주군,임성규농장,전북특별자치도 완주군 화산면,한우,2025-01-23
366,완주군,화월,전북특별자치도 완주군 화산면,한우,2025-01-23
367,완주군,이경희농장,전북특별자치도 완주군 삼례읍,한우,2025-01-23
368,완주군,천명희농장,전북특별자치도 완주군 삼례읍,한우,2025-01-23
369,완주군,몽실농장,전북특별자치도 완주군 비봉면,한우,2025-01-23
370,완주군,조남희농장,전북특별자치도 완주군 화산면,한우,2025-01-23
371,완주군,대성농장,전북특별자치도 완주군 용진읍,한우,2025-01-23
372,완주군,노일환농장,전북특별자치도 완주군 용진읍,한우,2025-01-23
373,완주군,에덴농장,전북특별자치도 완주군 비봉면,한우,2025-01-23
374,완주군,문석권농장,전북특별자치도 완주군 용진읍,한우,2025-01-23
375,완주군,정광수농장,전북특별자치도 완주군 구이면,한우,2025-01-23
376,완주군,이용복농장,전북특별자치도 완주군 구이면,한우,2025-01-23
377,완주군,김기주농장,전북특별자치도 완주군 구이면,한우,2025-01-23
378,완주군,김순봉농장,전북특별자치도 완주군 구이면,한우,2025-01-23
379,완주군,연순농장,전북특별자치도 완주군 화산면,한우,2025-01-23
380,완주군,솔밭농장,전북특별자치도 완주군 봉동읍,한우,2025-01-23
381,완주군,튼튼이농장,전북특별자치도 완주군 화산면,한우,2025-01-23
382,완주군,옥규농장,전북특별자치도 완주군 화산면,한우,2025-01-23
383,완주군,박영석농장,전북특별자치도 완주군 화산면,한우,2025-01-23
384,완주군,조중선농장,전북특별자치도 완주군 고산면,한우,2025-01-23
385,완주군,구생회농장,전북특별자치도 완주군 고산면,한우,2025-01-23
386,완주군,푸른들농장,전북특별자치도 완주군 비봉면,한우,2025-01-23
387,완주군,장원영농장,전북특별자치도 완주군 화산면,한우,2025-01-23
388,완주군,이명환농장,전북특별자치도 완주군 화산면,한우,2025-01-23
389,완주군,윤종근농장,전북특별자치도 완주군 화산면,한우,2025-01-23
390,완주군,샬롬농장,전북특별자치도 완주군 화산면,한우,2025-01-23
391,완주군,예봉농장,전북특별자치도 완주군 화산면,한우,2025-01-23
392,완주군,박청래농장,전북특별자치도 완주군 화산면,한우,2025-01-23
393,완주군,윤철중농장,전북특별자치도 완주군 화산면,한우,2025-01-23
394,완주군,양광호농장,전북특별자치도 완주군 화산면,한우,2025-01-23
395,완주군,권조안농장,전북특별자치도 완주군 화산면,한우,2025-01-23
396,완주군,차성규농장,전북특별자치도 완주군 상관면,한우,2025-01-23
397,완주군,광태농장,전북특별자치도 완주군 화산면,한우,2025-01-23
398,완주군,아나농장,전북특별자치도 완주군 화산면,한우,2025-01-23
399,완주군,변성오 농장,전북특별자치도 완주군 화산면,한우,2025-01-23
400,완주군,조중선농장,전북특별자치도 완주군 용진읍,한우,2025-01-23
401,완주군,임문식농장,전북특별자치도 완주군 화산면,한우,2025-01-23
402,완주군,이한철,전북특별자치도 완주군 봉동읍,한우,2025-01-23
403,완주군,박옥규농장,전북특별자치도 완주군 화산면,한우,2025-01-23
404,완주군,최명식농장,전북특별자치도 완주군 화산면,한우,2025-01-23
405,완주군,김순희농장,전북특별자치도 완주군 화산면,한우,2025-01-23
406,완주군,권순정농장,전북특별자치도 완주군 화산면,한우,2025-01-23
407,완주군,정현근농장,전북특별자치도 완주군 용진읍,한우,2025-01-23
408,완주군,우솔농장,전북특별자치도 완주군 고산면,한우,2025-01-23
409,완주군,대건농장,전북특별자치도 완주군 화산면,한우,2025-01-23
410,완주군,박은순농장,전북특별자치도 완주군 화산면,한우,2025-01-23
411,완주군,양철규농장,전북특별자치도 완주군 화산면,한우,2025-01-23
412,완주군,조점호농장,전북특별자치도 완주군 비봉면,한우,2025-01-23
413,완주군,백춘이농장,전북특별자치도 완주군 고산면,한우,2025-01-23
414,완주군,박남재농장,전북특별자치도 완주군 화산면,한우,2025-01-23
415,완주군,정명복농장,전북특별자치도 완주군 비봉면,한우,2025-01-23
416,완주군,가은농장,전북특별자치도 완주군 화산면,한우,2025-01-23
417,완주군,박상민농장,전북특별자치도 완주군 상관면,한우,2025-01-23
418,완주군,흥빈이네 농장,전북특별자치도 완주군 화산면,한우,2025-01-23
419,완주군,김흥섭농장,전북특별자치도 완주군 화산면,한우,2025-01-23
420,완주군,대성농장,전북특별자치도 완주군 화산면,한우,2025-01-23
421,완주군,으뜸농장,전북특별자치도 완주군 화산면,한우,2025-01-23
422,완주군,효재농장,전북특별자치도 완주군 화산면,한우,2025-01-23
423,완주군,고산농장,전북특별자치도 완주군 고산면,한우,2025-01-23
424,완주군,화산농장,전북특별자치도 완주군 화산면,한우,2025-01-23
425,완주군,이창현 농장,전북특별자치도 완주군 화산면,한우,2025-01-23
426,완주군,이동문농장,전북특별자치도 완주군 화산면,한우,2025-01-23
427,완주군,소홍섭농장,전북특별자치도 완주군 화산면,한우,2025-01-23
428,완주군,김병기농장,전북특별자치도 완주군 고산면,한우,2025-01-23
429,완주군,유민상농장,전북특별자치도 완주군 비봉면,한우,2025-01-23
430,완주군,기철농장,전북특별자치도 완주군 비봉면,한우,2025-01-23
431,완주군,맑은농장,전북특별자치도 완주군 비봉면,한우,2025-01-23
432,완주군,백주완농장,전북특별자치도 완주군 화산면,한우,2025-01-23
433,완주군,송은혜농장,전북특별자치도 완주군 고산면,한우,2025-01-23
434,완주군,신토불이농장,전북특별자치도 완주군 삼례읍,한우,2025-01-23
435,완주군,최창영농장,전북특별자치도 완주군 봉동읍,한우,2025-01-23
436,완주군,밤실농장,전북특별자치도 완주군 고산면,한우,2025-01-23
437,완주군,태범농장,전북특별자치도 완주군 화산면,한우,2025-01-23
438,완주군,성남복농장,전북특별자치도 완주군 고산면,한우,2025-01-23
439,완주군,박현수농장,전북특별자치도 완주군 비봉면,한우,2025-01-23
440,완주군,이해수농장,전북특별자치도 완주군 화산면,한우,2025-01-23
441,완주군,이연숙농장,전북특별자치도 완주군 봉동읍,한우,2025-01-23
442,완주군,문서옥농장,전북특별자치도 완주군 화산면,한우,2025-01-23
443,완주군,예봉농장 2,전북특별자치도 완주군 화산면,한우,2025-01-23
444,완주군,희망농장,전북특별자치도 완주군 화산면,한우,2025-01-23
445,완주군,이해주농장,전북특별자치도 완주군 화산면,한우,2025-01-23
446,완주군,상모농장,전북특별자치도 완주군 구이면,한우,2025-01-23
447,완주군,이철운농장,전북특별자치도 완주군 화산면,한우,2025-01-23
448,완주군,이규욱농장,전북특별자치도 완주군 화산면,한우,2025-01-23
449,완주군,고한창농장,전북특별자치도 완주군 비봉면,한우,2025-01-23
450,완주군,주재규농장,전북특별자치도 완주군 화산면,한우,2025-01-23
451,완주군,오메농장,전북특별자치도 완주군 고산면,한우,2025-01-23
452,완주군,신상농장,전북특별자치도 완주군 고산면,한우,2025-01-23
453,완주군,국형중농장,전북특별자치도 완주군 비봉면,한우,2025-01-23
454,완주군,엘지농원 2,전북특별자치도 완주군 화산면,한우,2025-01-23
455,완주군,유원근농장,전북특별자치도 완주군 화산면,한우,2025-01-23
456,완주군,하늘뜰 농장,전북특별자치도 완주군 고산면,한우,2025-01-23
457,완주군,표길운농장,전북특별자치도 완주군 상관면,한우,2025-01-23
458,완주군,이문성농장,전북특별자치도 완주군 화산면,한우,2025-01-23
459,완주군,김종성농장,전북특별자치도 완주군 화산면,한우,2025-01-23
460,완주군,준영농장,전북특별자치도 완주군 소양면,한우,2025-01-23
461,완주군,나상이농장,전북특별자치도 완주군 운주면,한우,2025-01-23
462,완주군,진성축산,전북특별자치도 완주군 운주면,한우,2025-01-23
463,완주군,김용권농장,전북특별자치도 완주군 이서면,한우,2025-01-23
464,완주군,임동석농장,전북특별자치도 완주군 비봉면,한우,2025-01-23
465,완주군,능굴농장,전북특별자치도 완주군 화산면,한우,2025-01-23
466,완주군,김형수농장,전북특별자치도 완주군 화산면,한우,2025-01-23
467,완주군,오경태농장,전북특별자치도 완주군 상관면,한우,2025-01-23
468,완주군,임갑철농장,전북특별자치도 완주군 화산면,한우,2025-01-23
469,완주군,박정자농장,전북특별자치도 완주군 고산면,한우,2025-01-23
470,완주군,전광태농장,전북특별자치도 완주군 화산면,한우,2025-01-23
471,완주군,518농장,전북특별자치도 완주군 비봉면,한우,2025-01-23
472,완주군,조명식농장,전북특별자치도 완주군 화산면,한우,2025-01-23
473,완주군,권삼노농장,전북특별자치도 완주군 고산면,한우,2025-01-23
474,완주군,이봉수농장,전북특별자치도 완주군 이서면,한우,2025-01-23
475,완주군,남순옥농장,전북특별자치도 완주군 화산면,한우,2025-01-23
476,완주군,허주영농장,전북특별자치도 완주군 동상면,한우,2025-01-23
477,완주군,백석농장,전북특별자치도 완주군 운주면,한우,2025-01-23
478,완주군,양덕수농장,전북특별자치도 완주군 화산면,한우,2025-01-23
479,완주군,이원자농장 2,전북특별자치도 완주군 화산면,한우,2025-01-23
480,완주군,양희화농장,전북특별자치도 완주군 고산면,한우,2025-01-23
481,완주군,정화농장,전북특별자치도 완주군 화산면,한우,2025-01-23
482,완주군,이동철농장,전북특별자치도 완주군 소양면,한우,2025-01-23
483,완주군,산정농장,전북특별자치도 완주군 비봉면,한우,2025-01-23
484,완주군,이병훈농장,전북특별자치도 완주군 비봉면,한우,2025-01-23
485,완주군,고산농장,전북특별자치도 완주군 고산면,한우,2025-01-23
486,완주군,김종열농장,전북특별자치도 완주군 화산면,한우,2025-01-23
487,완주군,김인석 농장,전북특별자치도 완주군 동상면,한우,2025-01-23
488,완주군,국영호농장,전북특별자치도 완주군 화산면,한우,2025-01-23
489,완주군,장경숙농장,전북특별자치도 완주군 용진읍,한우,2025-01-23
490,완주군,봄빛농장,전북특별자치도 완주군 화산면,한우,2025-01-23
491,완주군,청호농장,전북특별자치도 완주군 화산면,한우,2025-01-23
492,완주군,덕암농장,전북특별자치도 완주군 고산면,한우,2025-01-23
493,완주군,낙천농장,전북특별자치도 완주군 고산면,한우,2025-01-23
494,완주군,버들한우농장,전북특별자치도 완주군 삼례읍,한우,2025-01-23
495,완주군,정충부농장,전북특별자치도 완주군 비봉면,한우,2025-01-23
496,완주군,송재호,전북특별자치도 완주군 이서면,한우,2025-01-23
497,완주군,박환식농장,전북특별자치도 완주군 비봉면,한우,2025-01-23
498,완주군,방영선농장,전북특별자치도 완주군 고산면,한우,2025-01-23
499,완주군,조수남농장,전북특별자치도 완주군 비봉면,한우,2025-01-23
500,완주군,심재민농장,전북특별자치도 완주군 화산면,한우,2025-01-23
501,완주군,김경철농장,전북특별자치도 완주군 화산면,한우,2025-01-23
502,완주군,최규현농장,전북특별자치도 완주군 비봉면,한우,2025-01-23
503,완주군,한일농장,전북특별자치도 완주군 비봉면,한우,2025-01-23
504,완주군,이종란농장,전북특별자치도 완주군 고산면,한우,2025-01-23
505,완주군,해피힐농장,전북특별자치도 완주군 비봉면,한우,2025-01-23
506,완주군,임동혁농장,전북특별자치도 완주군 화산면,한우,2025-01-23
507,완주군,백용기농장,전북특별자치도 완주군 상관면,한우,2025-01-23
508,완주군,유희춘농장,전북특별자치도 완주군 비봉면,한우,2025-01-23
509,완주군,소병엽농장,전북특별자치도 완주군 이서면,한우,2025-01-23
510,완주군,국종훈농장,전북특별자치도 완주군 화산면,한우,2025-01-23
511,완주군,김철수농장,전북특별자치도 완주군 화산면,한우,2025-01-23
512,완주군,조쌍봉농장,전북특별자치도 완주군 비봉면,한우,2025-01-23
513,완주군,청수농장,전북특별자치도 완주군 비봉면,한우,2025-01-23
514,완주군,조범희 농장,전북특별자치도 완주군 고산면,한우,2025-01-23
515,완주군,임영철농장,전북특별자치도 완주군 화산면,한우,2025-01-23
516,완주군,이병덕농장,전북특별자치도 완주군 고산면,한우,2025-01-23
517,완주군,김재권농장,전북특별자치도 완주군 비봉면,한우,2025-01-23
518,완주군,이레농장,전북특별자치도 완주군 고산면,한우,2025-01-23
519,완주군,박종관농장,전북특별자치도 완주군 경천면,한우,2025-01-23
520,완주군,변성오농장,전북특별자치도 완주군 비봉면,한우,2025-01-23
521,완주군,임석조농장,전북특별자치도 완주군 화산면,한우,2025-01-23
522,완주군,유해백농장,전북특별자치도 완주군 비봉면,한우,2025-01-23
523,완주군,윤신농장,전북특별자치도 완주군 고산면,한우,2025-01-23
524,완주군,이희철농장,전북특별자치도 완주군 이서면,한우,2025-01-23
525,완주군,임재금농장,전북특별자치도 완주군 화산면,한우,2025-01-23
526,완주군,김춘자농장,전북특별자치도 완주군 화산면,한우,2025-01-23
527,완주군,고남철농장,전북특별자치도 완주군 화산면,한우,2025-01-23
528,완주군,상호농장,전북특별자치도 완주군 화산면,한우,2025-01-23
529,완주군,권인택농장,전북특별자치도 완주군 삼례읍,한우,2025-01-23
530,완주군,강재원농장,전북특별자치도 완주군 이서면,한우,2025-01-23
531,완주군,권성로농장,전북특별자치도 완주군 고산면,한우,2025-01-23
532,완주군,임종집농장,전북특별자치도 완주군 고산면,한우,2025-01-23
533,완주군,이상목농장,전북특별자치도 완주군 비봉면,한우,2025-01-23
534,완주군,백상운농장,전북특별자치도 완주군 비봉면,한우,2025-01-23
535,완주군,평지농장,전북특별자치도 완주군 비봉면,한우,2025-01-23
536,완주군,인종수농장,전북특별자치도 완주군 비봉면,한우,2025-01-23
537,완주군,김철상농장,전북특별자치도 완주군 고산면,한우,2025-01-23
538,완주군,김유자농장,전북특별자치도 완주군 화산면,한우,2025-01-23
539,완주군,한광석농장,전북특별자치도 완주군 이서면,한우,2025-01-23
540,완주군,윤대현농장,전북특별자치도 완주군 화산면,한우,2025-01-23
541,완주군,웅이농장,전북특별자치도 완주군 비봉면,한우,2025-01-23
542,완주군,구재근농장,전북특별자치도 완주군 고산면,한우,2025-01-23
543,완주군,정병학농장,전북특별자치도 완주군 용진읍,한우,2025-01-23
544,완주군,이종현농장,전북특별자치도 완주군 화산면,한우,2025-01-23
545,완주군,마더농장,전북특별자치도 완주군 비봉면,한우,2025-01-23
546,완주군,샬롬농장,전북특별자치도 완주군 비봉면,한우,2025-01-23
547,완주군,이금철농장,전북특별자치도 완주군 고산면,한우,2025-01-23
548,완주군,김희태농장,전북특별자치도 완주군 고산면,한우,2025-01-23
549,완주군,박순식농장,전북특별자치도 완주군 화산면,한우,2025-01-23
550,완주군,최태중농장,전북특별자치도 완주군 상관면,한우,2025-01-23
551,완주군,이종화농장,전북특별자치도 완주군 화산면,한우,2025-01-23
552,완주군,김영식농장,전북특별자치도 완주군 화산면,한우,2025-01-23
553,완주군,봉황농장,전북특별자치도 완주군 화산면,한우,2025-01-23
554,완주군,고전성농장,전북특별자치도 완주군 고산면,한우,2025-01-23
555,완주군,락송농장,전북특별자치도 완주군 화산면,한우,2025-01-23
556,완주군,유한식농장,전북특별자치도 완주군 비봉면,한우,2025-01-23
557,완주군,임석기농장,전북특별자치도 완주군 고산면,한우,2025-01-23
558,완주군,정재석농장,전북특별자치도 완주군 상관면,한우,2025-01-23
559,완주군,최기수농장,전북특별자치도 완주군 고산면,한우,2025-01-23
560,완주군,조영미농장,전북특별자치도 완주군 비봉면,한우,2025-01-23
561,완주군,어우농장,전북특별자치도 완주군 고산면,한우,2025-01-23
562,완주군,신한철농장,전북특별자치도 완주군 용진읍,한우,2025-01-23
563,완주군,수정농장,전북특별자치도 완주군 화산면,한우,2025-01-23
564,완주군,최소영농장,전북특별자치도 완주군 비봉면,한우,2025-01-23
565,완주군,유지태농장,전북특별자치도 완주군 비봉면,한우,2025-01-23
566,완주군,강신종농장,전북특별자치도 완주군 화산면,한우,2025-01-23
567,완주군,석이농장,전북특별자치도 완주군 화산면,한우,2025-01-23
568,완주군,김평회농장,전북특별자치도 완주군 화산면,한우,2025-01-23
569,완주군,곽규섭농장,전북특별자치도 완주군 비봉면,한우,2025-01-23
570,완주군,강명수농장,전북특별자치도 완주군 비봉면,한우,2025-01-23
571,완주군,유현숙농장,전북특별자치도 완주군 비봉면,한우,2025-01-23
572,완주군,김왕흠농장,전북특별자치도 완주군 구이면,한우,2025-01-23
573,완주군,백차종농장,전북특별자치도 완주군 구이면,한우,2025-01-23
574,완주군,황해자 농장,전북특별자치도 완주군 비봉면,한우,2025-01-23
575,완주군,정다운농장,전북특별자치도 완주군 화산면,한우,2025-01-23
576,완주군,신용농장,전북특별자치도 완주군 고산면,한우,2025-01-23
577,완주군,유판쇠농장,전북특별자치도 완주군 고산면,한우,2025-01-23
578,완주군,유리농장(화산),전북특별자치도 완주군 화산면,한우,2025-01-23
579,완주군,참샘농장,전북특별자치도 완주군 화산면,한우,2025-01-23
580,완주군,김종길농장,전북특별자치도 완주군 봉동읍,한우,2025-01-23
581,완주군,윤장중농장,전북특별자치도 완주군 고산면,한우,2025-01-23
582,완주군,정식농장,전북특별자치도 완주군 용진읍,한우,2025-01-23
583,완주군,유춘식농장,전북특별자치도 완주군 비봉면,한우,2025-01-23
584,완주군,유병진농장,전북특별자치도 완주군 고산면,한우,2025-01-23
585,완주군,장금호농장,전북특별자치도 완주군 화산면,한우,2025-01-23
586,완주군,영소 농장,전북특별자치도 완주군 고산면,한우,2025-01-23
587,완주군,삼복농장,전북특별자치도 완주군 화산면,한우,2025-01-23
588,완주군,천일농장,전북특별자치도 완주군 삼례읍,한우,2025-01-23
589,완주군,웅비농장,전북특별자치도 완주군 화산면,한우,2025-01-23
590,완주군,국윤호농장,전북특별자치도 완주군 화산면,한우,2025-01-23
591,완주군,진우네농장,전북특별자치도 완주군 화산면,한우,2025-01-23
592,완주군,박병춘농장,전북특별자치도 완주군 화산면,한우,2025-01-23
593,완주군,유연수농장,전북특별자치도 완주군 소양면,한우,2025-01-23
594,완주군,이존근농장,전북특별자치도 완주군 고산면,한우,2025-01-23
595,완주군,김진동농장,전북특별자치도 완주군 고산면,한우,2025-01-23
596,완주군,박종은농장,전북특별자치도 완주군 고산면,한우,2025-01-23
597,완주군,이상문농장,전북특별자치도 완주군 고산면,한우,2025-01-23
598,완주군,정경식농장,전북특별자치도 완주군 비봉면,한우,2025-01-23
599,완주군,이상재농장,전북특별자치도 완주군 화산면,한우,2025-01-23
600,완주군,김선자농장,전북특별자치도 완주군 화산면,한우,2025-01-23
601,완주군,이경서농장,전북특별자치도 완주군 고산면,한우,2025-01-23
602,완주군,이인섭농장,전북특별자치도 완주군 고산면,한우,2025-01-23
603,완주군,이용준농장,전북특별자치도 완주군 삼례읍,한우,2025-01-23
604,완주군,이종태농장,전북특별자치도 완주군 화산면,한우,2025-01-23
605,완주군,장현상농장,전북특별자치도 완주군 고산면,한우,2025-01-23
606,완주군,김종길 농장,전북특별자치도 완주군 용진읍,한우,2025-01-23
607,완주군,이전농장(대성농장),전북특별자치도 완주군 비봉면,한우,2025-01-23
608,완주군,이정기농장,전북특별자치도 완주군 화산면,한우,2025-01-23
609,완주군,김봉진농장,전북특별자치도 완주군 화산면,한우,2025-01-23
610,완주군,이경규농장,전북특별자치도 완주군 고산면,한우,2025-01-23
611,완주군,화산골힐링농장,전북특별자치도 완주군 화산면,한우,2025-01-23
612,완주군,혜성농장,전북특별자치도 완주군 고산면,한우,2025-01-23
613,완주군,한왕수농장,전북특별자치도 완주군 화산면,한우,2025-01-23
614,완주군,김문환농장,전북특별자치도 완주군 화산면,한우,2025-01-23
615,완주군,오영택농장,전북특별자치도 완주군 화산면,한우,2025-01-23
616,완주군,박경순농장,전북특별자치도 완주군 고산면,한우,2025-01-23
617,완주군,원우농장,전북특별자치도 완주군 화산면,한우,2025-01-23
618,완주군,조완식농장,전북특별자치도 완주군 비봉면,한우,2025-01-23
619,완주군,전병호 농장,전북특별자치도 완주군 비봉면,한우,2025-01-23
620,완주군,창화농장,전북특별자치도 완주군 화산면,한우,2025-01-23
621,완주군,오기용 농장,전북특별자치도 완주군 화산면,한우,2025-01-23
622,완주군,서승복 농장,전북특별자치도 완주군 화산면,한우,2025-01-23
623,완주군,형제농장,전북특별자치도 완주군 고산면,한우,2025-01-23
624,완주군,성빈농장,전북특별자치도 완주군 비봉면,한우,2025-01-23
625,완주군,송진희 농장,전북특별자치도 완주군 삼례읍,한우,2025-01-23
626,완주군,백중기 농장,전북특별자치도 완주군 화산면,한우,2025-01-23
627,완주군,임영자 농장,전북특별자치도 완주군 화산면,한우,2025-01-23
628,완주군,강일석 농장,전북특별자치도 완주군 고산면,한우,2025-01-23
629,완주군,평화농장,전북특별자치도 완주군 고산면,한우,2025-01-23
630,완주군,화산농장3,전북특별자치도 완주군 비봉면,한우,2025-01-23
631,완주군,미남농장,전북특별자치도 완주군 화산면,한우,2025-01-23
632,완주군,차진갑 농장,전북특별자치도 완주군 화산면,한우,2025-01-23
633,완주군,대흥 농장,전북특별자치도 완주군 소양면,한우,2025-01-23
634,완주군,문홍섭 농장,전북특별자치도 완주군 용진읍,한우,2025-01-23
635,완주군,화월그린농장,전북특별자치도 완주군 화산면,한우,2025-01-23
636,완주군,그린한우농장,전북특별자치도 완주군 고산면,한우,2025-01-23
637,완주군,이시영농장,전북특별자치도 완주군 비봉면,한우,2025-01-23
638,완주군,크라운농장,전북특별자치도 완주군 고산면,한우,2025-01-23
639,완주군,부자농장,전북특별자치도 완주군 비봉면,한우,2025-01-23
640,완주군,용선농장,전북특별자치도 완주군 화산면,한우,2025-01-23
641,완주군,에벤에셀,전북특별자치도 완주군 고산면,한우,2025-01-23
642,완주군,국현철 농장,전북특별자치도 완주군 비봉면,한우,2025-01-23
643,완주군,박일진농장,전북특별자치도 완주군 화산면,한우,2025-01-23
644,완주군,샬롬농장,전북특별자치도 완주군 화산면,한우,2025-01-23
645,완주군,이창열농장,전북특별자치도 완주군 화산면,한우,2025-01-23
646,완주군,유영태 농장,전북특별자치도 완주군 비봉면,한우,2025-01-23
647,완주군,정은숙 농장,전북특별자치도 완주군 화산면,한우,2025-01-23
648,완주군,선우농장,전북특별자치도 완주군 화산면,한우,2025-01-23
649,완주군,만운농장,전북특별자치도 완주군 구이면,한우,2025-01-23
650,완주군,성일농장,전북특별자치도 완주군 고산면,한우,2025-01-23
651,완주군,영광농장,전북특별자치도 완주군 삼례읍,한우,2025-01-23
652,완주군,김종백농장,전북특별자치도 완주군 봉동읍,한우,2025-01-23
653,완주군,국평호 농장,전북특별자치도 완주군 화산면,한우,2025-01-23
654,완주군,김진만 농장,전북특별자치도 완주군 화산면,한우,2025-01-23
655,완주군,이승구 농장,전북특별자치도 완주군 봉동읍,한우,2025-01-23
656,완주군,서민식농장,전북특별자치도 완주군 화산면,한우,2025-01-23
657,완주군,부자농장,전북특별자치도 완주군 삼례읍,한우,2025-01-23
658,완주군,백응용 농장,전북특별자치도 완주군 화산면,한우,2025-01-23
659,완주군,유춘옥농장 2,전북특별자치도 완주군 화산면,한우,2025-01-23
660,완주군,이정수농장 3,전북특별자치도 완주군 화산면,한우,2025-01-23
661,완주군,임태현 농장,전북특별자치도 완주군 화산면,한우,2025-01-23
662,완주군,이임표농장,전북특별자치도 완주군 비봉면,한우,2025-01-23
663,완주군,유리농장(비봉),전북특별자치도 완주군 비봉면,한우,2025-01-23
664,완주군,김순자농장,전북특별자치도 완주군 화산면,한우,2025-01-23
665,완주군,유일농장,전북특별자치도 완주군 봉동읍,한우,2025-01-23
666,완주군,장익성 농장,전북특별자치도 완주군 고산면,한우,2025-01-23
667,완주군,최판교농장,전북특별자치도 완주군 고산면,한우,2025-01-23
668,완주군,서진석농장,전북특별자치도 완주군 구이면,한우,2025-01-23
669,완주군,유춘옥농장,전북특별자치도 완주군 화산면,한우,2025-01-23
670,완주군,장중철 농장,전북특별자치도 완주군 화산면,한우,2025-01-23
671,완주군,박선순 농장,전북특별자치도 완주군 화산면,한우,2025-01-23
672,완주군,산들맘농장,전북특별자치도 완주군 화산면,한우,2025-01-23
673,완주군,김영범농장,전북특별자치도 완주군 고산면,한우,2025-01-23
674,완주군,최병철 농장,전북특별자치도 완주군 운주면,한우,2025-01-23
675,완주군,강해숙농장,전북특별자치도 완주군 고산면,한우,2025-01-23
676,완주군,창성농장,전북특별자치도 완주군 비봉면,한우,2025-01-23
677,완주군,형제농장,전북특별자치도 완주군 상관면,한우,2025-01-23
678,완주군,행복농장 6,전북특별자치도 완주군 화산면,한우,2025-01-23
679,완주군,송경수농장,전북특별자치도 완주군 삼례읍,한우,2025-01-23
680,완주군,양소학 농장,전북특별자치도 완주군 화산면,한우,2025-01-23
681,완주군,준성농장,전북특별자치도 완주군 화산면,한우,2025-01-23
682,완주군,화산골2농장,전북특별자치도 완주군 화산면,한우,2025-01-23
683,완주군,정규농장,전북특별자치도 완주군 비봉면,한우,2025-01-23
684,완주군,진형농장,전북특별자치도 완주군 상관면,한우,2025-01-23
685,완주군,무련농장,전북특별자치도 완주군 고산면,한우,2025-01-23
686,완주군,한울농장,전북특별자치도 완주군 고산면,한우,2025-01-23
687,완주군,행복농장 2,전북특별자치도 완주군 화산면,한우,2025-01-23
688,완주군,이두현농장,전북특별자치도 완주군 화산면,한우,2025-01-23
689,완주군,송영춘,전북특별자치도 완주군 봉동읍,한우,2025-01-23
690,완주군,대건농장,전북특별자치도 완주군 화산면,한우,2025-01-23
691,완주군,김학렬 남봉농장,전북특별자치도 완주군 고산면,한우,2025-01-23
692,완주군,정도중농장,전북특별자치도 완주군 화산면,한우,2025-01-23
693,완주군,황소농장,전북특별자치도 완주군 비봉면,한우,2025-01-23
694,완주군,김옥자농장,전북특별자치도 완주군 고산면,한우,2025-01-23
695,완주군,완주농장,전북특별자치도 완주군 고산면,한우,2025-01-23
696,완주군,송석환농장,전북특별자치도 완주군 비봉면,한우,2025-01-23
697,완주군,김용범농장 2,전북특별자치도 완주군 화산면,한우,2025-01-23
698,완주군,백복현농장,전북특별자치도 완주군 화산면,한우,2025-01-23
699,완주군,장명세농장,전북특별자치도 완주군 고산면,한우,2025-01-23
700,완주군,대수농장,전북특별자치도 완주군 화산면,한우,2025-01-23
701,완주군,동찬한우,전북특별자치도 완주군 소양면,한우,2025-01-23
702,완주군,하은농장,전북특별자치도 완주군 고산면,한우,2025-01-23
703,완주군,건강이농장,전북특별자치도 완주군 화산면,한우,2025-01-23
704,완주군,박혁규농장,전북특별자치도 완주군 화산면,한우,2025-01-23
705,완주군,천호농장,전북특별자치도 완주군 비봉면,한우,2025-01-23
706,완주군,이해수농장2,전북특별자치도 완주군 화산면,한우,2025-01-23
707,완주군,이두현농장2,전북특별자치도 완주군 고산면,한우,2025-01-23
708,완주군,연옥농장,전북특별자치도 완주군 고산면,한우,2025-01-23
709,완주군,전북미경산한우협동조합,전북특별자치도 완주군 고산면,한우,2025-01-23
710,완주군,장미현농장,전북특별자치도 완주군 화산면,한우,2025-01-23
711,완주군,필립보농장,전북특별자치도 완주군 비봉면,한우,2025-01-23
712,완주군,최대운남봉농장,전북특별자치도 완주군 고산면,한우,2025-01-23
713,완주군,만덕농장,전북특별자치도 완주군 상관면,한우,2025-01-23
714,완주군,김한곤농장,전북특별자치도 완주군 상관면,한우,2025-01-23
715,완주군,금섭농장,전북특별자치도 완주군 고산면,한우,2025-01-23
716,완주군,송정운농장,전북특별자치도 완주군 경천면,한우,2025-01-23
717,완주군,산마루 농장,전북특별자치도 완주군 비봉면,한우,2025-01-23
718,완주군,필농장,전북특별자치도 완주군 용진읍,한우,2025-01-23
719,완주군,옥자농장,전북특별자치도 완주군 화산면,한우,2025-01-23
720,완주군,락근농장,전북특별자치도 완주군 고산면,한우,2025-01-23
721,완주군,삼복농장,전북특별자치도 완주군 화산면,한우,2025-01-23
722,완주군,양소학농장,전북특별자치도 완주군 화산면,한우,2025-01-23
723,완주군,삼복농장,전북특별자치도 완주군 화산면,한우,2025-01-23
724,완주군,호남선 농장,전북특별자치도 완주군 고산면,한우,2025-01-23
725,완주군,수양산 한우농장,전북특별자치도 완주군 용진읍,한우,2025-01-23
726,완주군,구암농장,전북특별자치도 완주군 봉동읍,한우,2025-01-23
727,완주군,제일축산,전북특별자치도 완주군 이서면,한우,2025-01-23
728,완주군,동례농장,전북특별자치도 완주군 비봉면,한우,2025-01-23
729,완주군,지희축사,전북특별자치도 완주군 화산면,한우,2025-01-23
730,완주군,천명희 농장,전북특별자치도 완주군 삼례읍,한우,2025-01-23
731,완주군,대호축산,전북특별자치도 완주군 상관면,한우,2025-01-23
732,완주군,소망축산,전북특별자치도 완주군 고산면,한우,2025-01-23
733,완주군,덕산농장,전북특별자치도 완주군 화산면,한우,2025-01-23
734,완주군,장균덕 농장,전북특별자치도 완주군 화산면,한우,2025-01-23
735,완주군,쑤니네 농장,전북특별자치도 완주군 비봉면,한우,2025-01-23
736,완주군,국민수농장,전북특별자치도 완주군 화산면,한우,2025-01-23
737,완주군,예림농장,전북특별자치도 완주군 고산면,한우,2025-01-23
738,완주군,도담농장,전북특별자치도 완주군 고산면,한우,2025-01-23
739,완주군,태양농장,전북특별자치도 완주군 비봉면,한우,2025-01-23
740,완주군,박종석 농장 2,전북특별자치도 완주군 화산면,한우,2025-01-23
741,완주군,미서농장,전북특별자치도 완주군 화산면,한우,2025-01-23
742,완주군,배남농장 2,전북특별자치도 완주군 비봉면,한우,2025-01-23
743,완주군,지윤농장,전북특별자치도 완주군 화산면,한우,2025-01-23
744,완주군,종혁농장,전북특별자치도 완주군 화산면,한우,2025-01-23
745,완주군,진희네 농장,전북특별자치도 완주군 화산면,한우,2025-01-23
746,완주군,뚝심농장,전북특별자치도 완주군 화산면,한우,2025-01-23
747,완주군,조종환농장,전북특별자치도 완주군 이서면,한우,2025-01-23
748,완주군,곤동농장 2,전북특별자치도 완주군 비봉면,한우,2025-01-23
749,완주군,아침농장,전북특별자치도 완주군 고산면,한우,2025-01-23
750,완주군,김중배 농장,전북특별자치도 완주군 화산면,한우,2025-01-23
751,완주군,국일호 농장,전북특별자치도 완주군 비봉면,한우,2025-01-23
752,완주군,이현숙 농장,전북특별자치도 완주군 화산면,한우,2025-01-23
753,완주군,최장열 농장,전북특별자치도 완주군 고산면,한우,2025-01-23
754,완주군,주엘 농장,전북특별자치도 완주군 고산면,한우,2025-01-23
755,완주군,원호농장,전북특별자치도 완주군 화산면,한우,2025-01-23
756,완주군,동리 농장,전북특별자치도 완주군 비봉면,한우,2025-01-23
757,완주군,성지 농장,전북특별자치도 완주군 비봉면,한우,2025-01-23
758,완주군,김막동 농장,전북특별자치도 완주군 이서면,한우,2025-01-23
759,완주군,산시농장,전북특별자치도 완주군 비봉면,한우,2025-01-23
760,완주군,푸른농장,전북특별자치도 완주군 소양면,한우,2025-01-23
761,완주군,반석농장,전북특별자치도 완주군 화산면,한우,2025-01-23
762,완주군,이정수농장 2,전북특별자치도 완주군 화산면,한우,2025-01-23
763,완주군,남승민 농장 2,전북특별자치도 완주군 화산면,한우,2025-01-23
764,완주군,청정농장 2,전북특별자치도 완주군 비봉면,한우,2025-01-23
765,완주군,김태선농장 2,전북특별자치도 완주군 화산면,한우,2025-01-23
766,완주군,행복농장 3,전북특별자치도 완주군 화산면,한우,2025-01-23
767,완주군,문석권 농장 2,전북특별자치도 완주군 용진읍,한우,2025-01-23
768,완주군,국중오 농장,전북특별자치도 완주군 화산면,한우,2025-01-23
769,완주군,시은이네 농장,전북특별자치도 완주군 고산면,한우,2025-01-23
770,완주군,행복농장 5,전북특별자치도 완주군 고산면,한우,2025-01-23
771,완주군,삼형제농장,전북특별자치도 완주군 비봉면,한우,2025-01-23
772,완주군,제일농장,전북특별자치도 완주군 고산면,한우,2025-01-23
773,완주군,동지농장 1,전북특별자치도 완주군 고산면,한우,2025-01-23
774,완주군,송수농장,전북특별자치도 완주군 비봉면,한우,2025-01-23
775,완주군,안동식농장,전북특별자치도 완주군 구이면,한우,2025-01-23
776,완주군,강복농장,전북특별자치도 완주군 고산면,한우,2025-01-23
777,완주군,원우농장,전북특별자치도 완주군 화산면,한우,2025-01-23
778,완주군,예곡농장,전북특별자치도 완주군 화산면,한우,2025-01-23
779,완주군,최현숙농장 2,전북특별자치도 완주군 비봉면,한우,2025-01-23
780,완주군,조은희농장,전북특별자치도 완주군 비봉면,한우,2025-01-23
781,완주군,성준남농장 2,전북특별자치도 완주군 고산면,한우,2025-01-23
782,완주군,이정미농장 2,전북특별자치도 완주군 비봉면,한우,2025-01-23
783,완주군,창성농장,전북특별자치도 완주군 비봉면,한우,2025-01-23
784,완주군,이성수농장 2,전북특별자치도 완주군 화산면,한우,2025-01-23
785,완주군,지훈농장,전북특별자치도 완주군 비봉면,한우,2025-01-23
786,완주군,원종고농장,전북특별자치도 완주군 구이면,한우,2025-01-23
787,완주군,손웅농장,전북특별자치도 완주군 화산면,한우,2025-01-23
788,완주군,장관익농장,전북특별자치도 완주군 화산면,한우,2025-01-23
789,완주군,태산농장 2,전북특별자치도 완주군 고산면,한우,2025-01-23
790,완주군,강세환농장,전북특별자치도 완주군 고산면,한우,2025-01-23
791,완주군,덕우농장,전북특별자치도 완주군 구이면,한우,2025-01-23
792,완주군,지상농장,전북특별자치도 완주군 화산면,한우,2025-01-23
793,완주군,채규창농장,전북특별자치도 완주군 화산면,한우,2025-01-23
794,완주군,화성한우농장,전북특별자치도 완주군 화산면,한우,2025-01-23
795,완주군,예원농장,전북특별자치도 완주군 화산면,한우,2025-01-23
796,완주군,유성옥농장,전북특별자치도 완주군 삼례읍,한우,2025-01-23
797,완주군,화월농장,전북특별자치도 완주군 화산면,한우,2025-01-23
798,완주군,강신구농장,전북특별자치도 완주군 화산면,한우,2025-01-23
799,완주군,충만농장,전북특별자치도 완주군 화산면,한우,2025-01-23
800,완주군,노천호농장 2,전북특별자치도 완주군 화산면,한우,2025-01-23
801,완주군,은하농장,전북특별자치도 완주군 고산면,한우,2025-01-23
802,완주군,구라농장,전북특별자치도 완주군 화산면,한우,2025-01-23
803,완주군,김양수농장,전북특별자치도 완주군 화산면,한우,2025-01-23
804,완주군,지웅농장,전북특별자치도 완주군 고산면,한우,2025-01-23
805,완주군,사랑농장 2,전북특별자치도 완주군 비봉면,한우,2025-01-23
806,완주군,신상농장 2,전북특별자치도 완주군 고산면,한우,2025-01-23
807,완주군,이창농장,전북특별자치도 완주군 화산면,한우,2025-01-23
808,완주군,안골농장,전북특별자치도 완주군 화산면,한우,2025-01-23
809,완주군,농업회사법인 완주수정바이오 주식회사,전북특별자치도 완주군 비봉면,한우,2025-01-23
810,완주군,용호농장 2,전북특별자치도 완주군 고산면,한우,2025-01-23
811,완주군,김문태농장 2,전북특별자치도 완주군 화산면,한우,2025-01-23
812,완주군,턱골농장,전북특별자치도 완주군 화산면,한우,2025-01-23
813,완주군,우리들농장,전북특별자치도 완주군 비봉면,한우,2025-01-23
814,완주군,마하나임농장,전북특별자치도 완주군 비봉면,한우,2025-01-23
815,완주군,이주상농장,전북특별자치도 완주군 비봉면,한우,2025-01-23
816,완주군,하루농장,전북특별자치도 완주군 화산면,한우,2025-01-23
817,완주군,영성농장,전북특별자치도 완주군 비봉면,한우,2025-01-23
818,완주군,세화농장,전북특별자치도 완주군 비봉면,한우,2025-01-23
819,완주군,김재윤 농장2,전북특별자치도 완주군 고산면,한우,2025-01-23
820,완주군,송원근 농장,전북특별자치도 완주군 비봉면,한우,2025-01-23
821,완주군,고산농장,전북특별자치도 완주군 고산면,한우,2025-01-23
822,완주군,덕동농장,전북특별자치도 완주군 화산면,한우,2025-01-23
823,완주군,헌우목장,전북특별자치도 완주군 봉동읍,한우,2025-01-23
824,완주군,양충호농장,전북특별자치도 완주군 화산면,한우,2025-01-23
825,완주군,최학열 농장,전북특별자치도 완주군 비봉면,한우,2025-01-23
826,완주군,소병래 농장,전북특별자치도 완주군 비봉면,한우,2025-01-23
827,완주군,1004농장,전북특별자치도 완주군 화산면,한우,2025-01-23
828,완주군,미소농장,전북특별자치도 완주군 고산면,한우,2025-01-23
829,완주군,해인농장,전북특별자치도 완주군 화산면,한우,2025-01-23
830,완주군,백준기농장,전북특별자치도 완주군 화산면,한우,2025-01-23
831,완주군,배재문 농장,전북특별자치도 완주군 비봉면,한우,2025-01-23
832,완주군,대규농장,전북특별자치도 완주군 화산면,한우,2025-01-23
833,완주군,정이농장,전북특별자치도 완주군 화산면,한우,2025-01-23
834,완주군,다라니 2호,전북특별자치도 완주군 화산면,한우,2025-01-23
835,완주군,태리농장,전북특별자치도 완주군 화산면,한우,2025-01-23
836,완주군,유희래 농장2,전북특별자치도 완주군 비봉면,한우,2025-01-23
837,완주군,승민이 농장,전북특별자치도 완주군 화산면,한우,2025-01-23
838,완주군,현숙 농장,전북특별자치도 완주군 비봉면,한우,2025-01-23
839,완주군,오세화 농장 2,전북특별자치도 완주군 비봉면,한우,2025-01-23
840,완주군,수선농장,전북특별자치도 완주군 비봉면,한우,2025-01-23
841,완주군,권내현 농장,전북특별자치도 완주군 비봉면,한우,2025-01-23
842,완주군,임영순 농장2,전북특별자치도 완주군 고산면,한우,2025-01-23
843,완주군,대건축산,전북특별자치도 완주군 봉동읍,한우,2025-01-23
844,완주군,지은 농장,전북특별자치도 완주군 화산면,한우,2025-01-23
845,완주군,준성2농장,전북특별자치도 완주군 화산면,한우,2025-01-23
846,완주군,고려농장,전북특별자치도 완주군 이서면,한우,2025-01-23
847,완주군,박종호 농장,전북특별자치도 완주군 화산면,한우,2025-01-23
848,완주군,구권서 농장,전북특별자치도 완주군 고산면,한우,2025-01-23
849,완주군,보라농장,전북특별자치도 완주군 비봉면,한우,2025-01-23
850,완주군,김종규 농장,전북특별자치도 완주군 구이면,한우,2025-01-23
851,완주군,신영란 농장,전북특별자치도 완주군 비봉면,한우,2025-01-23
852,완주군,다은이 농장,전북특별자치도 완주군 삼례읍,한우,2025-01-23
853,완주군,박종호농장2,전북특별자치도 완주군 화산면,한우,2025-01-23
854,완주군,고산촌 농장,전북특별자치도 완주군 고산면,한우,2025-01-23
855,완주군,행복농장 2,전북특별자치도 완주군 화산면,한우,2025-01-23
856,완주군,순지농장,전북특별자치도 완주군 용진읍,한우,2025-01-23
857,완주군,대문안 농장,전북특별자치도 완주군 이서면,한우,2025-01-23
858,완주군,동지 농장2,전북특별자치도 완주군 고산면,한우,2025-01-23
859,완주군,경락농장,전북특별자치도 완주군 고산면,한우,2025-01-23
860,완주군,화산골 3농장,전북특별자치도 완주군 화산면,한우,2025-01-23
861,완주군,덕암농장,전북특별자치도 완주군 고산면,한우,2025-01-23
862,완주군,소두러니 농장2,전북특별자치도 완주군 화산면,한우,2025-01-23
863,완주군,김영범 3농장,전북특별자치도 완주군 고산면,한우,2025-01-23
864,완주군,고산촌2,전북특별자치도 완주군 고산면,한우,2025-01-23
865,완주군,고산촌3,전북특별자치도 완주군 고산면,한우,2025-01-23
866,완주군,천호농장,전북특별자치도 완주군 비봉면,한우,2025-01-23
867,완주군,김명곤농장 2,전북특별자치도 완주군 화산면,한우,2025-01-23
868,완주군,동양목장,전북특별자치도 완주군 삼례읍,한우,2025-01-23
869,완주군,김대용농장,전북특별자치도 완주군 화산면,한우,2025-01-23
870,완주군,대상농장 2,전북특별자치도 완주군 비봉면,한우,2025-01-23
871,완주군,봉산농장,전북특별자치도 완주군 비봉면,한우,2025-01-23
872,완주군,산마루2농장,전북특별자치도 완주군 비봉면,한우,2025-01-23
873,완주군,은수농장,전북특별자치도 완주군 화산면,"한우, 산양",2025-01-23
874,완주군,국석호농장,전북특별자치도 완주군 비봉면,"한우, 산양",2025-01-23
875,완주군,김종규 농장,전북특별자치도 완주군 상관면,"한우, 산양",2025-01-23
876,완주군,김복태농장,전북특별자치도 완주군 화산면,"한우, 염소",2025-01-23
877,완주군,동상농장,전북특별자치도 완주군 동상면,"한우, 염소",2025-01-23
878,완주군,오태주농장,전북특별자치도 완주군 소양면,"한우, 육우",2025-01-23
879,완주군,새동네농장,전북특별자치도 완주군 화산면,"한우, 육우",2025-01-23
880,완주군,김성태 농장,전북특별자치도 완주군 화산면,"한우, 육우",2025-01-23
881,완주군,서진농장,전북특별자치도 완주군 소양면,"한우, 육우",2025-01-23
882,완주군,이미자농장,전북특별자치도 완주군 비봉면,"한우, 젖소",2025-01-23
883,완주군,이중관 목장,전북특별자치도 완주군 비봉면,"한우, 젖소",2025-01-23
884,완주군,농촌진흥청 축산과학원,전북특별자치도 완주군 이서면,"한우, 젖소, 돼지, 종계/산란계",2025-01-23
