event_hour,reports,unique_grids,mean_intensity,event_id,event_latitude,event_longitude,asos_wind_direction,asos_wind_speed,asos_humidity,asos_temperature,asos_rainfall_hour,asos_station_ids,asos_station_names,aws_wind_from_sin,aws_wind_from_cos,aws_wind_speed,aws_wind_speed_max,aws_rainfall_15m,aws_rainfall_60m,aws_raining_fraction,aws_humidity,aws_temperature,aws_wind_direction,aws_downwind_east,aws_downwind_north,aws_station_count,aws_station_ids,aws_station_names
2020-06-16 01:00:00,17,7,4.235294117647059,EVT-0001,35.937215882352945,126.9628595882353,140.48675270506408,1.421817515605449,82.21817515605449,19.721817515605448,0.0,146:140,전주:군산,0.7651020174745528,-0.5148969833866325,0.7667013877747096,1.0957381446580439,0.0,0.0,0.0,96.8473720210792,19.460005796488762,123.93969425692643,-0.7651020174745528,0.5148969833866325,3,733:702:737,함라:익산:김제
2020-07-06 06:00:00,10,9,4.0,EVT-0002,35.9476092,126.9679571,84.23183317686909,0.3823098390222987,90.72305852266601,20.3915412216001,0.0,146:140,전주:군산,0.7042194865650324,-0.5959236255120529,0.4751457215843542,0.6629726170449496,0.0,0.0,0.0,97.26551217469743,20.320601278510548,130.2385202272626,-0.7042194865650324,0.5959236255120529,3,702:733:763,익산:함라:여산
2020-07-06 07:00:00,13,9,4.0,EVT-0003,35.95617453846154,126.98350884615385,85.36844483387847,0.7744146930457743,89.93032382893193,20.94882938609155,0.0,146:140,전주:군산,0.2843537884053637,0.9308682066121851,0.9796322991341707,1.1828625483809803,0.0,0.0,0.0,97.33670047205395,20.934117720165474,16.98642297043159,-0.2843537884053637,-0.9308682066121851,3,702:733:763,익산:함라:여산
2020-07-23 08:00:00,11,7,3.6363636363636362,EVT-0004,35.95374036363636,126.98519818181818,98.08413213005343,2.2672042743488974,96.4051459102492,21.737941635900313,4.498387176953307,146:140,전주:군산,0.9699656468611211,0.18909385010103882,2.0626439182385923,2.5638823139242923,1.8751898871833497,5.152355503059204,0.5347605363043888,97.36649771703166,21.7747755332456,78.96860508703713,-0.9699656468611211,-0.18909385010103882,3,733:702:763,함라:익산:여산
2020-08-01 20:00:00,13,6,3.3846153846153846,EVT-0005,35.957776307692306,126.98924907692307,140.0,2.123841525586226,90.60853672352495,24.218506073383132,0.0,146:140,전주:군산,0.490577407187743,-0.8461536023608045,1.2002762550205814,1.3736137981818117,0.0,0.0,0.005075258330261765,97.19412673517935,24.529392204481372,149.89598002812767,-0.490577407187743,0.8461536023608045,3,702:733:763,익산:함라:여산
2020-08-01 21:00:00,30,15,3.9,EVT-0006,35.95210403333333,126.9792658,122.62841965378237,2.09906562836039,89.69087019747752,24.792738940756742,0.0,146:140,전주:군산,0.4935098623716006,-0.8553591986403728,0.6734160124024513,0.893188862562254,0.006994902805156237,0.006994902805156237,0.0004663268536770824,97.18309488748106,24.556603314523546,150.01668199657126,-0.4935098623716006,0.8553591986403728,3,733:702:763,함라:익산:여산
2020-08-01 22:00:00,21,14,4.190476190476191,EVT-0007,35.951465047619045,126.97546009523809,151.30231540396767,2.401732005059349,86.48428523498903,24.977357214751645,0.0,146:140,전주:군산,0.13679739055083223,-0.9707708228237435,0.7720596283520197,0.9928686099269604,0.0,0.0,0.0,97.12002374267519,24.699918793154104,171.9789076236807,-0.13679739055083223,0.9707708228237435,3,763:702:733,여산:익산:함라
2020-08-02 20:00:00,29,10,4.0,EVT-0008,35.95730120689655,126.98546068965517,160.0,2.0878284375895197,76.73181891489773,27.785353453900253,0.0,146:140,전주:군산,0.03595266570758237,-0.9146641721794915,0.47474515965834796,1.0990283000410466,0.0,0.0,0.0,94.94081472325911,26.914675928997774,177.749036028835,-0.03595266570758237,0.9146641721794915,3,702:733:763,익산:함라:여산
2020-08-02 21:00:00,68,22,4.088235294117647,EVT-0009,35.95675117647059,126.97816641176472,160.0,2.757340851513333,77.08391081691389,27.191608918308614,0.0,146:140,전주:군산,0.39439960205310964,-0.9044159278562363,1.314371565225603,1.5620454604182399,0.0,0.0,0.0,94.42643708177371,26.44080593360285,156.43884555927775,-0.39439960205310964,0.9044159278562363,3,733:702:763,함라:익산:여산
2020-08-02 22:00:00,29,15,4.0,EVT-0010,35.95535593103448,126.98292344827587,171.64809167489182,2.7786638265535886,78.02093615173479,27.256065250228733,0.0,146:140,전주:군산,0.5066245609974026,-0.8499382661549018,1.781682920385167,2.0644220892987937,0.0,0.0,0.0,94.85875494594708,25.820995814377554,149.20200607001715,-0.5066245609974026,0.8499382661549018,3,763:702:733,여산:익산:함라
2020-08-03 22:00:00,26,10,3.576923076923077,EVT-0011,35.95813788461539,126.98959007692308,160.0,1.8421531758998422,81.0195743263622,27.298042567363776,0.0,146:140,전주:군산,0.5104609268371344,0.3544832617385932,0.0649564417512102,0.2118339477486092,0.0,0.0,0.0,97.15029239672172,25.228955446011234,55.222433141697934,-0.5104609268371344,-0.3544832617385932,3,702:733:763,익산:함라:여산
2020-08-04 02:00:00,17,15,3.8823529411764706,EVT-0012,35.95370076470588,126.97361435294118,148.97573780064988,2.398605123883442,87.79721024776688,25.865209231417484,0.0,146:140,전주:군산,0.38751698730310974,0.08275966479418703,0.04104124550786899,0.19474158997616553,0.0,0.0,0.0,97.02983739325656,24.082875591907914,77.94478637816178,-0.38751698730310974,-0.08275966479418703,3,733:702:763,함라:익산:여산
2020-08-04 19:00:00,17,11,3.764705882352941,EVT-0013,35.956493117647064,126.97593052941177,188.95795313171865,2.238106507786667,70.0357988084,30.16547337305333,0.0,146:140,전주:군산,0.4635657578373829,-0.8593219085488868,1.4170659921985185,1.8416195842955487,0.0,0.0,0.0,82.22531191608321,29.634930872288777,151.65512227839758,-0.4635657578373829,0.8593219085488868,3,702:733:763,익산:함라:여산
2020-08-04 20:00:00,11,8,4.2727272727272725,EVT-0014,35.948778272727274,126.96687909090907,149.2244459471757,2.2923229000726337,75.23130150254217,29.01535419985473,0.0,146:140,전주:군산,0.5869494757552983,-0.716078016883955,0.8464773956944328,1.148009415162427,0.0,0.0,0.0,88.98697942989675,28.093544843086,140.65946836369687,-0.5869494757552983,0.716078016883955,3,763:733:702,여산:함라:익산
2020-08-04 21:00:00,12,8,4.166666666666667,EVT-0015,35.941986916666664,126.97118041666666,140.0,2.5848539890703734,75.96988961746308,28.41815704918332,0.0,146:140,전주:군산,0.4720935741483584,-0.7239499700232969,0.26753434278893234,0.48713082951014997,0.0,0.0,0.0,92.28519463489006,26.900633345286206,146.8913073133287,-0.4720935741483584,0.7239499700232969,3,763:733:702,여산:함라:익산
2020-08-04 22:00:00,14,12,4.214285714285714,EVT-0016,35.95879278571429,126.9604525,140.0,1.558133111369991,78.13012978191986,27.783733777260014,0.0,140:146,군산:전주,0.02363659122516765,0.9160515114865716,0.009298316664412531,0.014681552628019786,0.0,0.0,0.0,96.11129566754622,25.933753244000883,1.4780571536934985,-0.02363659122516765,-0.9160515114865716,3,702:733:763,익산:함라:여산
2020-08-06 22:00:00,10,8,3.0,EVT-0017,35.9511088,126.97686060000001,48.6996832663844,0.4290458087919409,92.43236647033554,24.470622125053698,0.0,146:140,전주:군산,0.6592104620737109,-0.6851645026275468,0.9041514781547771,1.1673546701293762,0.0,0.0,0.0,97.28504161977372,24.284606813944322,136.10599521651557,-0.6592104620737109,0.6851645026275468,3,733:702:763,함라:익산:여산
2020-08-06 23:00:00,19,11,3.8947368421052633,EVT-0018,35.95006847368421,126.9732147368421,64.69173040384328,0.44783386159443983,93.6412460380417,24.219584653986104,0.0,146:140,전주:군산,0.6083648318118912,-0.7079062522310019,0.8366461861713199,0.9739347946636583,0.0,0.0,0.0,97.28254609401267,24.426036937472798,139.32469282488825,-0.6083648318118912,0.7079062522310019,3,702:733:763,익산:함라:여산
2020-08-08 22:00:00,21,7,3.8095238095238093,EVT-0019,35.959859571428574,126.98703019047619,148.30991419185614,2.2326624763250047,93.83266247632503,25.166532495265002,0.2918343809187489,146:140,전주:군산,0.33662473173910507,-0.8837352994445492,0.3879232480831268,1.17258152820054,0.2890631695111229,0.2890631695111229,0.2890631695111229,97.10852432028766,24.453783711418527,159.1475991549039,-0.33662473173910507,0.8837352994445492,3,763:702:733,여산:익산:함라
2020-08-09 19:00:00,24,8,3.7916666666666665,EVT-0020,35.95052454166667,126.98142858333334,168.17803492121925,2.363919291176059,72.68818405146132,28.967262303677806,0.0,146:140,전주:군산,0.3170124575629719,-0.9332253382737361,0.6098010606402008,1.1006857570320612,0.0,0.0,0.0,88.28476194590999,28.31879951571837,161.23760642450156,-0.3170124575629719,0.9332253382737361,3,702:733:763,익산:함라:여산
2020-08-09 20:00:00,22,16,3.6363636363636362,EVT-0021,35.94187409090909,126.96267159090908,169.1570773647386,2.0833118712232808,78.12451710252381,27.78754828974762,0.0,146:140,전주:군산,0.4919885683194485,-0.8183306415530204,1.254943709823369,1.448040338325258,0.0,0.0,0.0,91.73970973809614,26.687250202595198,148.98529411687434,-0.4919885683194485,0.8183306415530204,3,702:733:763,익산:함라:여산
2020-08-09 21:00:00,16,8,4.375,EVT-0022,35.9354483125,126.9622561875,151.19542430693673,2.2408283462671887,81.28994015520627,27.21508881910609,0.0,146:140,전주:군산,0.4355156347025074,-0.8336340074680073,1.423649364741936,1.6749201142993955,0.0,0.0,0.0,94.81392441193474,25.92682920358183,152.4160711035879,-0.4355156347025074,0.8336340074680073,3,702:737:733,익산:김제:함라
2020-08-09 22:00:00,16,9,3.625,EVT-0023,35.9404418125,126.9498400625,169.85377386647554,1.8608553992128452,82.08684319370278,26.689868294068013,0.0,140:146,군산:전주,0.6341087646136897,-0.6521424150693458,1.7299137906758055,1.8599528680666921,0.0,0.0,0.0,93.17716750123114,25.93304419183986,135.80325241503658,-0.6341087646136897,0.6521424150693458,3,702:733:737,익산:함라:김제
2020-08-10 19:00:00,22,11,3.5454545454545454,EVT-0024,35.955831545454544,126.98343981818181,168.34097683479615,1.7507219290643157,93.41786988177385,25.825360964532155,0.12536096453215792,146:140,전주:군산,0.39010825153247547,-0.8913457590486695,0.8322692525933879,1.1786291055777687,0.0,0.0,0.0,97.29399305691479,26.145878288595355,156.36282748159385,-0.39010825153247547,0.8913457590486695,3,733:702:763,함라:익산:여산
2020-08-13 00:00:00,43,18,4.232558139534884,EVT-0025,35.95567811627907,126.98034172093023,140.0,1.2291178372685712,89.00382486088,26.399617513912002,0.0,146:140,전주:군산,0.7544282014966373,-0.5293930606280641,0.13842170616943203,0.39142883642722714,0.0,0.0,0.0,97.1948023692023,25.791569528394906,125.05788819910674,-0.7544282014966373,0.5293930606280641,3,763:702:733,여산:익산:함라
2020-08-13 01:00:00,22,14,4.454545454545454,EVT-0026,35.948057272727276,126.96423645454546,124.0840744741418,1.8403346662310207,88.29117133180857,26.47684940019604,0.0,146:140,전주:군산,0.1995411190403803,-0.0657470647634737,0.05106451140884148,0.19443691417656736,0.0,0.0,0.0,96.94761759824992,25.238091806294836,108.23660246277962,-0.1995411190403803,0.0657470647634737,3,763:733:702,여산:함라:익산
2020-08-15 22:00:00,12,7,4.166666666666667,EVT-0027,35.93361375,126.9573335,106.69265751455174,1.1544326909000964,82.45567309099904,26.7,0.0,146:140,전주:군산,0.414977941579343,-0.749729152648902,0.8465152796762424,1.10467186435714,0.0,0.0,0.0,94.4733677872077,25.995665321797492,151.03530499573844,-0.414977941579343,0.749729152648902,3,702:733:737,익산:함라:김제
2020-08-15 23:00:00,60,30,4.133333333333334,EVT-0028,35.94671305,126.9597449,135.82575261703624,1.2391818526339147,82.87636403010188,26.61854539548472,0.0,146:140,전주:군산,0.5810364745129912,-0.6780921362476302,0.7225142541847307,0.9189239927725315,0.0,0.0,0.0,96.83586648544738,25.184665242660977,139.40773514583054,-0.5810364745129912,0.6780921362476302,3,702:733:763,익산:함라:여산
2020-08-16 23:00:00,13,9,3.769230769230769,EVT-0029,35.94225223076923,126.96983738461539,206.24104833960726,1.1734585808764002,88.44333513364656,26.74045804078244,0.0,146:140,전주:군산,0.38045427557282047,-0.3960063953615315,0.1180110659390451,0.7653156653547812,0.0,0.0,0.0,97.13395489364089,25.075053003748792,136.1474524444049,-0.38045427557282047,0.3960063953615315,3,702:733:763,익산:함라:여산
2020-08-17 00:00:00,18,14,4.055555555555555,EVT-0030,35.94989666666667,126.97051083333334,112.35086331166934,0.8152714331580206,90.05348985488884,26.369457133683955,0.0,146:140,전주:군산,-0.18270574515834107,0.2145746726991542,0.03692653210406467,0.0971750180180976,0.0,0.0,0.0,97.23285903614162,24.728386970027767,319.5863158984906,0.18270574515834107,-0.2145746726991542,3,702:733:763,익산:함라:여산
2020-08-17 01:00:00,10,9,3.9,EVT-0031,35.953324800000004,126.97355350000001,160.88731927215917,0.7690651194397076,92.13909306012994,26.16186976112058,0.0,146:140,전주:군산,-0.383890932214524,0.7837000878577708,0.02010001250419202,0.09741591114140784,0.0,0.0,0.0,97.26759208424093,24.441209559901484,333.9023454019409,0.383890932214524,-0.7837000878577708,3,702:763:733,익산:여산:함라
2020-08-17 05:00:00,17,12,4.411764705882353,EVT-0032,35.94189511764706,126.95892641176472,149.4691330995205,1.1789807767125675,93.89490388356282,25.21050961164371,0.0,146:140,전주:군산,0.4787551044547443,-0.7397824902548511,0.6785254131568298,0.8178654533586789,0.0,0.0,0.0,97.0867542982926,24.518603681789813,147.09080931045696,-0.4787551044547443,0.7397824902548511,3,763:702:733,여산:익산:함라
2020-08-19 06:00:00,14,13,3.7857142857142856,EVT-0033,35.947901,126.96742557142856,62.028296040904365,0.7604279995483075,93.19786000225845,23.197479142502242,0.0,146:140,전주:군산,0.5889554329023186,-0.6517499226318324,0.3764452426889212,0.4705565533611516,0.0,0.0,0.0,97.25240390435694,22.32076340704379,137.8973775943801,-0.5889554329023186,0.6517499226318324,3,702:733:763,익산:함라:여산
2020-08-19 07:00:00,11,10,3.727272727272727,EVT-0034,35.954432000000004,126.97396345454545,0.0,0.21997128886704073,90.85093311182118,24.03487797768492,0.0,146:140,전주:군산,0.9124320374032868,-0.054250095129412534,0.2943285147029787,0.7764638416119389,0.0,0.0,0.0,97.25637774433675,24.233958501136126,93.40260579081053,-0.9124320374032868,0.054250095129412534,3,702:733:763,익산:함라:여산
2020-08-20 01:00:00,34,13,3.7941176470588234,EVT-0035,35.960080911764706,126.98399035294118,240.84761024638527,0.5717824804403459,90.28217519559654,24.55767372066052,0.0,146:140,전주:군산,0.587722844702078,-0.7334247045660033,1.118300885474012,1.4404304213807313,0.0,0.0,0.0,97.29342662076722,23.889685256344123,141.29339360446488,-0.587722844702078,0.7334247045660033,3,702:733:763,익산:함라:여산
2020-08-22 20:00:00,13,10,4.153846153846154,EVT-0036,35.953656230769234,126.98631376923078,16.226221764281604,1.2801519025817425,89.99620243545645,24.921367123235683,0.0,146:140,전주:군산,0.742443063252039,-0.6476090335506802,0.3038516474061221,0.6937055111880036,0.0,0.0,0.0007965070257915579,97.35102774581293,24.090834931134605,131.09713689856835,-0.742443063252039,0.6476090335506802,3,702:733:763,익산:함라:여산
2020-08-22 22:00:00,10,9,3.4,EVT-0037,35.9454602,126.9686539,27.95271010971777,0.5553070304310932,90.33407890870672,25.155754375655125,0.0,146:140,전주:군산,0.058482169544506496,-0.8252585573044238,0.35820227372131236,0.8559790354423924,0.0,0.0,0.0,97.24887310870815,24.145110953792543,175.9464955300184,-0.058482169544506496,0.8252585573044238,3,733:702:763,함라:익산:여산
2020-08-25 01:00:00,13,9,4.0,EVT-0038,35.955153153846155,126.97951915384616,122.87359339959005,1.4722859063748939,85.30714765937235,26.269285234062764,0.0,146:140,전주:군산,0.9635001787080147,-0.2117765116000771,0.7855553479910007,1.090475936315511,0.0,0.0,0.0,97.19873234034017,25.70107394121219,102.39644098075564,-0.9635001787080147,0.2117765116000771,3,702:763:733,익산:여산:함라
2020-08-28 17:00:00,11,11,3.272727272727273,EVT-0039,35.95060881818182,126.97021627272728,195.91647257355643,3.089745349290876,80.64889623840594,28.67850599413557,0.0,146:140,전주:군산,0.6058313229991755,-0.7564424555942415,2.8236497018798787,3.351081790946433,0.0,0.0,0.013976631158162044,88.84014019936991,28.760532230358663,141.30892146485928,-0.6058313229991755,0.7564424555942415,3,763:733:702,여산:함라:익산
2020-08-29 17:00:00,10,9,3.7,EVT-0040,35.9418992,126.9579866,205.51601525068708,1.9731426042002973,94.4776188368336,26.12090448788366,1.326857395799703,146:140,전주:군산,0.8026882914118804,-0.49168610559497833,1.7133087737683919,2.102603726751751,0.0,0.20970711677284182,0.06024830315114434,97.0458670961821,25.85559719876028,121.4895210419296,-0.8026882914118804,0.49168610559497833,3,702:733:763,익산:함라:여산
2020-08-31 01:00:00,10,6,3.5,EVT-0041,35.9521694,126.97110339999999,160.17610929251646,0.8909413279794318,91.63765311917727,25.399822696113123,0.0,146:140,전주:군산,0.24921585196304005,0.619128232396963,0.026179837987050848,0.1940729018521787,0.0,0.0,0.0,97.24380304343907,24.631329283561932,21.926118263172498,-0.24921585196304005,-0.619128232396963,3,702:733:763,익산:함라:여산
2020-08-31 02:00:00,24,18,4.291666666666667,EVT-0042,35.95285345833333,126.97288516666667,0.0,0.16509461311699536,92.6981077376601,25.330189226233987,0.0,146:140,전주:군산,0.4321739485917714,-0.7924282175506908,0.7658540176507141,1.2403135610809843,0.0,0.0,0.0,97.2713192155472,24.77980332432235,151.39286300826063,-0.4321739485917714,0.7924282175506908,3,702:733:763,익산:함라:여산
2020-09-03 21:00:00,17,10,4.0,EVT-0043,35.958823411764705,126.99109458823531,192.04925580896037,2.177511979076954,79.59414583312224,22.539853645828057,0.0,146:140,전주:군산,0.004913751266852695,-0.9573220007761125,0.5129945424743478,0.7875472756638163,0.0,0.0,0.0,97.16050368814417,20.94072438760186,179.7059142727901,-0.004913751266852695,0.9573220007761125,3,763:702:733,여산:익산:함라
2020-09-03 23:00:00,16,10,3.9375,EVT-0044,35.9575778125,126.981675125,171.42182607512257,2.1873881174383842,83.15541088078788,21.82742066926111,0.0,146:140,전주:군산,-0.1013936123921587,-0.9371251561645864,0.6065515559098945,0.8845987390940282,0.0,0.0,0.0,97.10255292757026,20.397770934613014,186.17517802798127,0.1013936123921587,0.9371251561645864,3,733:763:702,함라:여산:익산
2020-09-04 22:00:00,23,11,3.9565217391304346,EVT-0045,35.95257417391304,126.97903756521738,119.00223988540347,1.2424978610838073,82.42497861083807,22.812489305419035,0.0,146:140,전주:군산,0.9222075126322673,0.3173760071057548,0.4380396633298692,0.9786659861772141,0.0,0.0,0.0,96.17176899924415,22.22310320101092,71.00919323511414,-0.9222075126322673,-0.3173760071057548,3,702:733:763,익산:함라:여산
2020-09-11 10:00:00,17,10,3.5294117647058822,EVT-0046,35.952207882352944,126.9819145882353,140.0,1.4587061194802233,78.65175522079107,22.847763283118663,0.0,146:140,전주:군산,0.6581701000738001,-0.7310202653334693,1.6023812368647947,2.1669104404714785,0.0,0.0,0.0,89.61093803809861,23.57637800026868,138.00188310764895,-0.6581701000738001,0.7310202653334693,3,733:702:763,함라:익산:여산
2020-09-17 08:00:00,11,8,3.909090909090909,EVT-0047,35.95285545454545,126.97599054545454,140.0,1.0687313368265419,95.62537326346916,20.73746267365308,0.0,146:140,전주:군산,0.5810649838562614,-0.8050088643491744,1.0247273252883782,1.2828396913352562,0.0,0.0,0.0,97.25542580388462,20.934463957914037,144.17780039066247,-0.5810649838562614,0.8050088643491744,3,702:763:733,익산:여산:함라
2020-09-18 21:00:00,35,18,3.857142857142857,EVT-0048,35.95707302857143,126.98397342857145,67.94706766484683,0.9868282669922952,80.35610227297742,18.56780511364887,0.0,146:140,전주:군산,0.33899938910971,-0.42326542382515137,0.0747654805573112,0.11014512804416751,0.0,0.0,0.0,97.11786837436877,16.104883003331206,141.30825877005418,-0.33899938910971,0.42326542382515137,3,763:733:702,여산:함라:익산
2020-09-18 22:00:00,13,9,4.230769230769231,EVT-0049,35.95516184615384,126.98668038461538,151.5782432527377,1.3769209594904934,80.80769760127376,18.42692784114639,0.0,146:140,전주:군산,0.8900169350453053,0.1775974366451024,0.2605641471372613,0.5932436864200092,0.0,0.0,0.0,97.20784267685396,15.58118083791445,78.71519807783363,-0.8900169350453053,-0.1775974366451024,3,733:702:763,함라:익산:여산
2020-09-19 22:00:00,11,6,3.909090909090909,EVT-0050,35.95795136363636,126.9870469090909,69.30986593412177,0.7071654442366563,90.87486824195284,18.412513175804715,0.0,146:140,전주:군산,0.8357957712394276,0.0566264564116722,0.1953773721374498,0.4886814493868816,0.0,0.0,0.0,97.29583856660797,16.239055087977263,86.12404562565251,-0.8357957712394276,-0.0566264564116722,3,702:733:763,익산:함라:여산
2020-09-21 22:00:00,10,5,4.0,EVT-0051,35.9464651,126.971228,157.39100574603913,1.1188569250637548,75.37402795396586,16.950077763682728,0.0,146:140,전주:군산,-0.34603329040135145,0.5591875378756495,0.05911185481324471,0.19573747405516495,0.0,0.0,0.0,93.29801660413165,14.265986466943357,328.2501820959224,0.34603329040135145,-0.5591875378756495,3,763:702:733,여산:익산:함라
2020-10-01 21:00:00,31,18,3.838709677419355,EVT-0052,35.94697029032258,126.96536161290322,159.29878319114448,0.9774492938962641,75.69932391861684,18.61389366729392,0.0,146:140,전주:군산,0.5532216367945056,-0.6909695216908945,0.6160737114219824,0.756309887999389,0.0,0.0,0.0,91.31757292247164,17.880756182337247,141.31764743668964,-0.5532216367945056,0.6909695216908945,3,702:733:763,익산:함라:여산
2020-10-02 00:00:00,24,17,4.291666666666667,EVT-0053,35.938019125000004,126.96101449999999,140.0,1.8896847818084828,80.62882942651375,18.064954850360095,0.0,146:140,전주:군산,0.6560320817869244,-0.6207453069268049,0.31099345201475626,0.45290398042489666,0.0,0.0,0.0,96.02154726572786,16.491070425522985,133.416898072246,-0.6560320817869244,0.6207453069268049,3,733:737:702,함라:김제:익산
2021-06-06 19:00:00,20,16,4.2,EVT-0054,35.95195325,126.97746345,303.0589433426479,2.07212546597237,54.712385092802634,24.31371552784079,0.0,146:140,전주:군산,-0.8573819843975167,-0.4651943522082716,1.3418025351439402,1.7508950407793444,0.0,0.0,0.0,56.24287447894093,23.89666055512372,241.51683226989098,0.8573819843975167,0.4651943522082716,3,702:733:763,익산:함라:여산
2021-06-09 19:00:00,12,12,3.9166666666666665,EVT-0055,35.95142333333333,126.9722115,238.95234227025708,4.407041260327212,64.37773170552131,27.376309350102286,0.0,146:140,전주:군산,-0.6505388304468407,-0.6781031536481253,2.9288486081093152,3.3631670215621567,0.0,0.0,0.0,62.65209497418901,28.025817617594786,223.81149859863797,0.6505388304468407,0.6781031536481253,3,702:733:763,익산:함라:여산
2021-06-09 20:00:00,13,11,4.615384615384615,EVT-0056,35.94851815384615,126.97159084615386,267.58407165549306,2.0210203556985036,69.09428497977906,25.239102292647182,0.0,146:140,전주:군산,-0.45038104385865685,-0.8193050780938171,2.072105419215475,2.341069677786645,0.0,0.0,0.0,70.30447170197708,25.95531805786852,208.7980809619645,0.45038104385865685,0.8193050780938171,3,763:733:702,여산:함라:익산
2021-06-09 21:00:00,12,9,4.666666666666667,EVT-0057,35.94960841666667,126.95979533333333,325.5795503912927,0.4449437953315795,73.43499165426317,24.366613243910525,0.0,146:140,전주:군산,-0.07370329735557254,-0.8794647387696642,0.9165638325423757,1.172856452086706,0.0,0.0,0.0,75.00044033471508,25.00060934295678,184.7904629195642,0.07370329735557254,0.8794647387696642,3,702:763:733,익산:여산:함라
2021-06-09 23:00:00,13,10,3.923076923076923,EVT-0058,35.946071076923076,126.97055515384615,87.4537136951601,0.9633456069902013,74.19454672491834,24.341635982524497,0.0,146:140,전주:군산,0.67691861771815,-0.52308447957328,0.1413282684257593,0.29610841901124885,0.0,0.0,0.0,92.55357224827111,22.34875904051628,127.69482354912856,-0.67691861771815,0.52308447957328,3,733:702:763,함라:익산:여산
2021-06-17 08:00:00,12,9,4.333333333333333,EVT-0059,35.93771708333333,126.96449466666667,72.56524383235251,1.0315361726112595,75.8769078174084,20.92461843651832,0.0,146:140,전주:군산,0.933647043191922,-0.07979821988487562,0.8779924047088893,1.2449681153694372,0.0,0.0,0.0,79.04018665494017,21.19528169163338,94.88516158570752,-0.933647043191922,0.07979821988487562,3,763:702:733,여산:익산:함라
2021-06-28 23:00:00,19,15,4.0,EVT-0060,35.94894815789474,126.97810342105262,140.0,1.0,94.92493917623592,21.391075773126005,0.0,146:140,전주:군산,0.7840522720634815,-0.4135763503641214,0.6666666666666666,1.2,0.0,0.0,0.0,97.40000000000003,21.363333333333337,117.81100525096576,-0.7840522720634815,0.4135763503641214,3,702:733:763,익산:함라:여산
2021-07-07 23:00:00,31,19,3.967741935483871,EVT-0061,35.95565316129032,126.97904812903226,188.76622026452426,1.0566021814344149,95.03784729959094,24.9,0.0,146:140,전주:군산,0.8824172591885623,-0.33746748014934097,0.45031280121461437,0.7779539639411227,0.027885235416309516,0.037617234345362974,0.02892068299934647,97.27991757635203,24.78644189227839,110.92861692553402,-0.8824172591885623,0.33746748014934097,3,733:702:763,함라:익산:여산
2021-07-08 00:00:00,33,21,4.212121212121212,EVT-0062,35.95806506060606,126.97489154545454,83.29472895705675,0.6715008907411643,95.74198931110602,24.59139964370354,0.4569982185176715,146:140,전주:군산,0.8851251358628195,-0.31296221669463264,0.8777666880426733,1.733046353965442,0.17125630660606783,0.267406267201443,0.2691297657891203,97.19690093142034,24.796584518252644,109.47255690795174,-0.8851251358628195,0.31296221669463264,3,733:763:702,함라:여산:익산
2021-07-14 21:00:00,50,21,4.16,EVT-0063,35.942301379999996,126.97026738000001,122.81628778561333,1.0569233782241074,77.57499510385827,28.271154222780133,0.0,146:140,전주:군산,-0.5415834393085737,-0.7722155623569296,0.4413884636627988,0.5884068155048913,0.0,0.0,0.0,92.8143979348728,26.189155852456697,215.04340494697556,0.5415834393085737,0.7722155623569296,3,702:733:763,익산:함라:여산
2021-07-14 22:00:00,20,14,4.25,EVT-0064,35.9482897,126.97267414999999,151.27105997191478,0.768875008254419,80.55624958727905,28.031791702435818,0.0,146:140,전주:군산,-0.020689094299665273,0.9853877671174004,0.010668626762103785,0.011036510443555638,0.0,0.0,0.0,95.64232014600067,25.64003306100757,358.79720077147834,0.020689094299665273,-0.9853877671174004,3,733:702:763,함라:익산:여산
2021-07-14 23:00:00,19,11,4.105263157894737,EVT-0065,35.95711615789474,126.97904036842105,180.0,0.7932064422004466,82.88897720055995,27.367274628829783,0.0,146:140,전주:군산,-0.02095452642821158,0.9818463813370041,0.002964105985723428,0.006669238467877713,0.0,0.0,0.0,96.9314196143986,25.271495408068688,358.77738135522316,0.02095452642821158,-0.9818463813370041,3,702:733:763,익산:함라:여산
2021-07-15 00:00:00,17,13,4.588235294117647,EVT-0066,35.95270952941176,126.98002752941177,127.40610812997454,1.0048862429315215,81.48068405984317,27.004886242931523,0.0,146:140,전주:군산,-0.013468965784365216,0.9879441921312779,0.003177547803393834,0.0040854186043635,0.0,0.0,0.0,97.1708043609466,24.933281584640817,359.2189163182855,0.013468965784365216,-0.9879441921312779,3,702:733:763,익산:함라:여산
2021-07-20 22:00:00,16,6,4.25,EVT-0067,35.9589550625,126.988178375,93.76964467653517,1.1181025264091127,80.27589894363551,27.350436104749885,0.0,146:140,전주:군산,0.4905346134293208,0.7462274440436193,0.6389519628575911,0.9952838328591604,0.0,0.0,0.0,94.22834027078339,25.59434935414099,33.319026371114205,-0.4905346134293208,-0.7462274440436193,3,702:733:763,익산:함라:여산
2021-07-20 23:00:00,26,15,4.5,EVT-0068,35.95615784615384,126.97974926923077,92.8015137254564,0.9567223412159725,84.32776587840277,26.68949892905625,0.0,146:140,전주:군산,0.8374013844819647,-0.4741254128420434,0.5049021803575181,0.9941168236593074,0.0,0.0,0.0,97.07898354294434,25.552875752951284,119.51795622738314,-0.8374013844819647,0.4741254128420434,3,702:733:763,익산:함라:여산
2021-07-21 00:00:00,11,7,4.363636363636363,EVT-0069,35.95762854545455,126.98317918181819,63.02996739065952,1.2303564459318146,89.20985104789789,25.56964355406819,0.0,146:140,전주:군산,0.9361095977109659,0.07966547264478487,0.16847654373556262,0.4,0.0,0.0,0.0,97.18555116300234,24.730013190812056,85.1356939468954,-0.9361095977109659,-0.07966547264478487,3,733:763:702,함라:여산:익산
2021-07-23 23:00:00,11,10,4.2727272727272725,EVT-0070,35.960390181818184,126.98786199999999,101.72038834308285,1.3170339604026655,72.1483019798667,27.351101881208,0.0,146:140,전주:군산,0.07884395875713156,0.6716933914522161,0.2491134679464611,0.6,0.0,0.0,0.0,90.05467659245423,24.62541369230167,6.69479340340547,-0.07884395875713156,-0.6716933914522161,3,702:733:763,익산:함라:여산
2021-07-25 21:00:00,14,10,4.071428571428571,EVT-0071,35.95494914285714,126.99304578571427,110.0,1.0900746344903773,58.280895613884525,29.133895511713472,0.0,146:140,전주:군산,0.9839230110653387,0.11493968958380103,1.1405766844780783,1.3967182751723155,0.0,0.0,0.0,66.40492312685852,27.511984739245833,83.33703391533123,-0.9839230110653387,-0.11493968958380103,3,763:702:733,여산:익산:함라
2021-07-25 22:00:00,10,7,4.3,EVT-0072,35.968107599999996,126.9852793,123.35531659235005,1.9124945329921794,60.67852456850439,28.453579238582595,0.0,146:140,전주:군산,0.8890205856203055,0.4428801052969984,0.8269740038780677,0.9763688046536815,0.0,0.0,0.0,72.11869583066022,26.023125860061317,63.5190605815942,-0.8890205856203055,-0.4428801052969984,3,702:733:763,익산:함라:여산
2021-07-26 21:00:00,15,12,3.6666666666666665,EVT-0073,35.96685420000001,126.98802186666667,117.28817125775447,0.8537070573977625,70.25452063457271,28.234267643494405,0.0,146:140,전주:군산,0.8644209270179805,-0.25414518985430207,0.39033882115732954,0.6078126597089502,0.0,0.0,0.0,76.61613968986238,26.07614616339849,106.38366785868254,-0.8644209270179805,0.25414518985430207,3,702:733:763,익산:함라:여산
2021-08-04 23:00:00,19,9,4.315789473684211,EVT-0074,35.957228842105266,126.99156015789475,0.0,0.37452702712339797,74.0,26.96078185326808,1.397982625165978,146:140,전주:군산,0.4164126424160056,-0.8001036619340545,0.2995322796073462,0.4085780636982353,0.0,0.0,0.0,97.05425898578353,26.06476971076848,152.5053505776383,-0.4164126424160056,0.8001036619340545,3,702:763:733,익산:여산:함라
2021-08-05 00:00:00,27,15,4.222222222222222,EVT-0075,35.95629840740741,126.98444670370371,127.59351116538608,1.0507143717009353,80.67619162267914,26.466190418866045,0.0,146:140,전주:군산,-0.08965682719503998,0.968550128354762,0.039707390958379135,0.20407434074672373,0.0,0.0,0.0,97.12448625872416,25.198213041170916,354.71131124332294,0.08965682719503998,-0.968550128354762,3,733:702:763,함라:익산:여산
2021-08-05 01:00:00,10,6,4.3,EVT-0076,35.9586714,126.9736637,99.26282156674858,1.0317570448070468,82.07297182077181,26.353648591038592,0.0,146:140,전주:군산,-0.6837321390919516,0.693843465403078,0.4198331492896213,0.582048627490145,0.0,0.0,0.0,96.82171019035296,24.77927810604728,315.4205401993794,0.6837321390919516,-0.693843465403078,3,702:733:763,익산:함라:여산
2021-08-05 23:00:00,15,9,3.8666666666666667,EVT-0077,35.95051166666667,126.98220893333334,69.90624550448814,0.9931962761476375,78.44082234311418,26.937278510459056,0.0,146:140,전주:군산,0.7277246385224686,0.6215592862206946,0.9748200761408843,1.3926712926462765,0.0,0.0,0.0,86.94951931244208,26.381588969798017,49.49891980298764,-0.7277246385224686,-0.6215592862206946,3,733:702:763,함라:익산:여산
2021-08-12 21:00:00,11,9,3.272727272727273,EVT-0078,35.95814318181818,126.98182954545454,67.11136914932496,1.3707951943274332,91.70795194327434,23.78909229692036,0.0,146:140,전주:군산,0.8372942695570383,0.4883712153524469,1.3484756263175488,1.5686146129651817,0.0,0.0,0.0,80.5340560024362,24.529751453146744,59.74613828234527,-0.8372942695570383,-0.4883712153524469,3,733:702:763,함라:익산:여산
2021-08-14 22:00:00,15,9,3.8666666666666667,EVT-0079,35.950125400000005,126.97337859999999,81.21758000355493,1.3156238848605466,69.60268653671038,25.491516423392127,0.0,146:140,전주:군산,0.8283212979393372,0.4018485173696916,2.025646647664849,2.3414200890168155,0.0,0.0,0.0,69.0067960232748,25.784293634063342,64.12030473972675,-0.8283212979393372,-0.4018485173696916,3,702:733:763,익산:함라:여산
2021-08-15 22:00:00,12,7,4.083333333333333,EVT-0080,35.95555008333333,126.98678725,97.66473827512016,1.4167810483746786,72.21379550696565,26.13816059907125,0.0,146:140,전주:군산,0.6848996155747409,-0.6961639972287612,1.1668899431174495,1.478695650108314,0.0,0.0,0.0,86.93614441281794,24.948933989263935,135.46731172288366,-0.6848996155747409,0.6961639972287612,3,702:733:763,익산:함라:여산
2021-08-19 21:00:00,12,11,4.083333333333333,EVT-0081,35.954388,126.97332258333334,112.46085131793029,0.9190198632047243,83.07205307789371,23.635735102596456,0.0,146:140,전주:군산,0.7037518854741851,-0.6323834640437586,0.5520516274009337,0.8849247266443772,0.0,0.0,0.0,95.58217582380792,22.69694705715874,131.9425049974243,-0.7037518854741851,0.6323834640437586,3,702:733:763,익산:함라:여산
2021-08-20 20:00:00,10,9,4.6,EVT-0082,35.9411997,126.9706181,163.15987875031055,2.0,63.24161009242004,27.203087293530597,0.0,146:140,전주:군산,0.6192779608681998,-0.7415915818863561,0.9871243843257992,1.1824109714444266,0.0,0.0,0.0,73.49902080939964,25.81532245802085,140.13588854242323,-0.6192779608681998,0.7415915818863561,3,733:702:763,함라:익산:여산
2021-08-31 21:00:00,19,10,4.2105263157894735,EVT-0083,35.946881052631575,126.97530915789474,163.226434421705,1.63384042917122,92.07072343336976,25.735183685274436,0.326768085834244,146:140,전주:군산,0.49045287349751093,-0.8051871832440487,0.7531779747137022,1.2747314203660773,0.19408833872913267,0.49333051957509777,0.04207966375757479,97.23961683969351,25.189372754319024,148.65371251676504,-0.49045287349751093,0.8051871832440487,3,702:733:763,익산:함라:여산
2021-08-31 22:00:00,19,11,4.0,EVT-0084,35.95611194736842,126.98128457894738,148.5214937045879,2.040215898935505,95.56086359574203,25.1719568202129,0.15731894007096633,146:140,전주:군산,0.2091762933337485,-0.9542073243917455,0.5682717304829572,0.7967766446306289,0.0,0.0,0.008497830474689959,97.10338452428333,25.04711686411929,167.63550452005506,-0.2091762933337485,0.9542073243917455,3,702:733:763,익산:함라:여산
2021-08-31 23:00:00,15,11,4.266666666666667,EVT-0085,35.95273913333334,126.97429753333333,148.8649112605965,2.1550525326864105,93.43815665858013,24.88932903389939,0.044381566585801314,146:140,전주:군산,0.3170655933009543,-0.934787795540959,0.6610021350697395,0.9854097713272381,0.0,0.0,0.0015634405926257292,97.01434268280347,24.801755595585277,161.26385678957422,-0.3170655933009543,0.934787795540959,3,702:733:763,익산:함라:여산
2021-09-13 00:00:00,12,8,4.416666666666667,EVT-0086,35.958286083333334,126.97608116666667,0.0,0.26409004916855466,90.79549754157227,23.075146928898956,0.0,146:140,전주:군산,0.02516844810967127,0.983095904134746,0.006129117850935907,0.011514653293661302,0.0,0.0,0.0,97.08056357222547,21.663500144895373,1.4665211417948285,-0.02516844810967127,-0.983095904134746,3,763:702:733,여산:익산:함라
2021-09-21 22:00:00,16,7,4.1875,EVT-0087,35.9587883125,126.98277625,151.43428669960713,1.9867011454048407,87.00600697202945,21.242299352597264,0.0,146:140,전주:군산,-0.03714948201959515,-0.881832332442797,0.17269222142153715,0.31548516051827297,0.0,0.0,0.0,96.97130298657004,18.91892009847466,182.41230743331857,0.03714948201959515,0.881832332442797,3,733:702:763,함라:익산:여산
2021-09-28 21:00:00,14,7,4.285714285714286,EVT-0088,35.956027785714284,126.98797107142857,110.0,1.4393376611789392,93.61490262347385,21.098344152947345,0.0,146:140,전주:군산,0.9645177272337462,0.251036027919133,1.2618659386649358,1.4857718033652243,0.0,0.0,0.004752618205798243,97.33272937298592,20.75903143413116,75.41123885778637,-0.9645177272337462,-0.251036027919133,3,702:733:763,익산:함라:여산
2021-10-03 20:00:00,10,7,4.4,EVT-0089,35.938753500000004,126.9481006,1.7053025658242404e-13,0.9394809084086397,66.85382398989121,23.91461760101088,0.0,140:146,군산:전주,0.45624459938547895,-0.676899411861559,1.3877674709309733,1.6136535768828832,0.0,0.0,0.0,64.78103688244589,22.988644077157655,146.0191920177698,-0.45624459938547895,0.676899411861559,3,733:702:737,함라:익산:김제
2021-10-03 21:00:00,13,11,4.153846153846154,EVT-0090,35.94990292307693,126.9565076923077,125.21818082273847,2.4563952290428497,62.592375530618945,23.55071058100476,0.0,140:146,군산:전주,0.3165466492040548,-0.7929772862058736,1.1146574664464033,1.661758838598783,0.0,0.0,0.0,67.34923971238858,21.638032142080426,158.238731703329,-0.3165466492040548,0.7929772862058736,3,763:702:733,여산:익산:함라
2021-10-05 22:00:00,10,7,3.8,EVT-0091,35.9590856,126.9924455,128.23685434759585,1.1422124380329524,89.91703357376429,21.163318657049427,0.0,146:140,전주:군산,0.1688011072594644,-0.6802451616078835,0.03566410607472884,0.105459200074239,0.0,0.0,0.0,97.29545984692726,18.379888853241805,166.06369916913468,-0.1688011072594644,0.6802451616078835,3,702:733:763,익산:함라:여산
2022-06-25 21:00:00,13,12,4.076923076923077,EVT-0092,35.95282292307692,126.98272476923077,140.0,2.658715048260365,75.64678762065091,26.958830309483726,0.0,146:140,전주:군산,-0.1817539194483562,-0.972776788638855,1.574797507912417,1.8678235602975208,0.0,0.0,0.0,90.60005938637184,26.367181969729177,190.58313730536534,0.1817539194483562,0.972776788638855,3,733:702:763,함라:익산:여산
2022-06-26 23:00:00,12,9,3.9166666666666665,EVT-0093,35.952586000000004,126.9739875,160.0,2.722410769164737,72.66747472499173,27.577710439584028,0.0,146:140,전주:군산,0.3089412866251982,-0.8956796798303962,1.8129750833400846,2.3231208975505075,0.0,0.0,0.0,88.8835961886884,26.502188375263497,160.96946455562727,-0.3089412866251982,0.8956796798303962,3,702:733:763,익산:함라:여산
2022-06-29 21:00:00,12,7,4.5,EVT-0094,35.95712433333333,126.97848625,151.2036878700261,2.436796466160918,83.96377273444645,26.70362272655536,0.0,146:140,전주:군산,0.021014337628545314,-0.9941431768817466,2.620278339747965,3.370202090599741,0.0,0.0,0.0,89.23186637028097,26.976535461350025,178.78905412983204,-0.021014337628545314,0.9941431768817466,3,702:733:763,익산:함라:여산
2022-06-30 23:00:00,19,12,4.315789473684211,EVT-0095,35.95702447368421,126.98936878947367,140.0,1.7994907051488642,82.99490705148864,25.760560224336245,0.0,146:140,전주:군산,-0.2547065661005599,-0.9145923278919141,0.5139697492875095,0.69739649766274,0.0,0.0,0.0,95.8177636286214,24.63320704565025,195.56208986585324,0.2547065661005599,0.9145923278919141,3,733:763:702,함라:여산:익산
2022-07-01 00:00:00,11,8,4.7272727272727275,EVT-0096,35.95894272727273,126.98817654545455,148.17116701463783,2.159861760691968,80.22837394384567,25.63621680748724,0.0,146:140,전주:군산,0.18950460485711257,-0.9599197423824696,0.7436552163105867,0.9722605008302863,0.0,0.0,0.0,95.99024351992564,24.205506247411943,168.83243342219657,-0.18950460485711257,0.9599197423824696,3,763:702:733,여산:익산:함라
2022-07-03 23:00:00,13,10,4.153846153846154,EVT-0097,35.95405261538462,126.97641576923077,101.22377804661363,0.7636546748178237,84.99999999999999,25.84394244580297,0.0,146:140,전주:군산,0.34075555518965234,-0.786755508662763,1.1067359493062336,1.347208471302161,0.0,0.0,0.0,96.54387171271169,25.746345090089434,156.58184344039626,-0.34075555518965234,0.786755508662763,3,702:733:763,익산:함라:여산
2022-07-04 23:00:00,15,6,4.4,EVT-0098,35.95999893333333,126.99552993333333,227.77790582435708,0.6682501399119518,87.0899981345073,25.868250139911954,0.0,146:140,전주:군산,0.08532342082586086,-0.8889960714674562,0.96785194044483,1.228943594577978,0.0,0.0,0.0,96.50057207724525,25.72972893484832,174.51769968924134,-0.08532342082586086,0.8889960714674562,3,763:702:733,여산:익산:함라
2022-07-13 21:00:00,20,8,4.65,EVT-0099,35.95861445,126.98963380000001,160.0,3.1467115742155185,75.41917592633006,26.700000000000003,0.0,146:140,전주:군산,0.0805995415761868,-0.9681691815310198,2.002090961821446,2.2120894906381445,0.0,0.0,0.0,87.1133553005691,25.780671128413267,175.2411319623866,-0.0805995415761868,0.9681691815310198,3,702:733:763,익산:함라:여산
2022-07-13 22:00:00,11,8,4.090909090909091,EVT-0100,35.959911181818185,127.00112318181819,160.0,3.086822277058371,75.93411138529186,26.6266472153677,0.0,146:140,전주:군산,-0.20682023845768618,-0.9652678110722127,1.782349910737727,2.341973850164289,0.0,0.0,0.0,88.92740168311636,25.72126028430502,192.0934595102215,0.20682023845768618,0.9652678110722127,3,702:763:733,익산:여산:함라
2022-07-14 00:00:00,17,9,4.117647058823529,EVT-0101,35.96049188235294,126.98306729411765,160.0,2.705995575423843,80.4628318595648,26.4835730087772,0.04328539824456023,146:140,전주:군산,0.8447049588980906,-0.3000945662942806,0.8794202208926024,1.2566438694110258,0.0,0.0,0.006743317787026884,93.42929231784073,25.484289421712813,109.55837290248763,-0.8447049588980906,0.3000945662942806,3,702:733:763,익산:함라:여산
2022-07-17 00:00:00,11,7,4.181818181818182,EVT-0102,35.953828,126.992211,267.72918950289477,0.8442271362779363,85.27886431861032,24.082208208254777,0.0,146:140,전주:군산,0.5075628497553297,-0.7954635864225227,1.181790998667911,1.2754318032848866,0.0,0.0,0.0,96.68754031609011,23.30573097621994,147.45920245493414,-0.5075628497553297,0.7954635864225227,3,702:733:763,익산:함라:여산
2022-07-17 23:00:00,10,7,3.8,EVT-0103,35.9564909,126.99432970000001,141.52076473114653,0.933893421778666,83.42137029141715,25.533893421778664,0.0,146:140,전주:군산,0.6599060006201379,-0.31510341921138474,0.8229671287635335,1.5519324027353065,0.0,0.0,0.0,96.49862700939246,24.776393877527337,115.52435543730599,-0.6599060006201379,0.31510341921138474,3,702:733:763,익산:함라:여산
2022-07-20 00:00:00,12,7,3.9166666666666665,EVT-0104,35.967002083333334,126.9879475,37.43050282302056,1.0069793287425466,89.6013399803252,24.269933000983738,0.0,146:140,전주:군산,0.49216510542429076,-0.09943355385124088,0.1112068151824588,0.2552430224809981,0.0,0.0,0.0,96.55056957261219,23.559886417623243,101.4218864404125,-0.49216510542429076,0.09943355385124088,3,763:702:733,여산:익산:함라
2022-07-23 01:00:00,16,11,4.0625,EVT-0105,35.954714375,126.9835686875,95.26738206759569,0.4101280772706758,89.7269247208056,22.368717802595057,0.0,146:140,전주:군산,0.13189212762264763,0.8363394389565434,0.013764899303127683,0.10431565969794349,0.0,0.0,0.0,96.7486597481428,22.089847578329337,8.961833546811022,-0.13189212762264763,-0.8363394389565434,3,702:733:763,익산:함라:여산
2022-07-26 00:00:00,10,7,4.1,EVT-0106,35.9685481,126.9849621,282.6202538661908,0.6062933771510252,90.59059362071983,24.596058217669025,0.0,146:140,전주:군산,0.06257342862970226,0.8943255149920399,0.015529985010904458,0.03697615478786775,0.0,0.0,0.0,96.42362067680936,23.321910530948777,4.002301297598478,-0.06257342862970226,-0.8943255149920399,3,702:733:763,익산:함라:여산
2022-07-26 01:00:00,15,11,4.133333333333334,EVT-0107,35.956456933333335,126.99246093333333,238.0910412979143,0.5613315242316788,89.86684757683211,24.597309815011826,0.0,146:140,전주:군산,0.020843954015501265,0.9641881392910583,0.0033998975917586857,0.004809611227365947,0.0,0.0,0.0,96.77411325331289,23.25112875417701,1.2384352720087008,-0.020843954015501265,-0.9641881392910583,3,763:702:733,여산:익산:함라
2022-08-01 21:00:00,10,8,4.5,EVT-0108,35.9480803,126.9705025,151.10982731499917,3.1681592779375647,84.23092912130247,28.0543739049661,0.35605309264585483,146:140,전주:군산,0.6081141943168875,-0.7924467532324704,2.2656640064608746,2.663346608623694,0.0,0.0,0.0,93.04771491214208,28.056849998688566,142.49779684917377,-0.6081141943168875,0.7924467532324704,3,702:733:763,익산:함라:여산
2022-08-14 23:00:00,20,12,3.8,EVT-0109,35.9573616,126.97384749999999,137.1883490225689,2.313123883881944,80.42637152705247,27.473752232236116,0.0,146:140,전주:군산,-0.6534659883511514,-0.7251822104664443,0.8946287209793612,1.0775544651752336,0.0,0.0,0.0,95.86279931821319,25.784718324297597,222.02220152516756,0.6534659883511514,0.7251822104664443,3,733:763:702,함라:여산:익산
2022-08-18 23:00:00,16,9,4.0,EVT-0110,35.9557405625,126.985528125,234.3506464929775,0.4721478899198825,83.14722706400221,23.857425183519666,0.0,146:140,전주:군산,0.9676816463545216,-0.19626008098751332,1.3757130146303778,1.672225377840603,0.0,0.0,0.0,96.51884630755741,22.86829044331797,101.46491696106187,-0.9676816463545216,0.19626008098751332,3,702:733:763,익산:함라:여산
2022-08-22 23:00:00,10,7,4.2,EVT-0111,35.9418704,126.9468386,110.0,1.109596962364711,85.14395443547066,26.133205315861755,0.0,140:146,군산:전주,0.05001237260354834,0.9005763647652999,0.11204262144004185,0.12472276969206887,0.0,0.0,0.0,95.51647778591735,25.530948243261065,3.1785839560910745,-0.05001237260354834,-0.9005763647652999,3,737:702:733,김제:익산:함라
2022-09-06 23:00:00,13,10,4.384615384615385,EVT-0112,35.95276176923077,126.96888961538463,60.67313210186785,0.5882571185246823,92.18698721207078,19.36043375959764,0.0,146:140,전주:군산,0.9213764375645899,0.06593734645842264,0.44519621506805457,0.8768385111951102,0.0,0.0,0.0,96.6287448842078,18.04054943932377,85.90666548119287,-0.9213764375645899,-0.06593734645842264,3,733:702:763,함라:익산:여산
2023-07-05 22:00:00,16,11,4.125,EVT-0113,35.9434471875,126.9684691875,182.52351968598825,1.127347527958076,84.75782509319359,23.248434981361285,0.0,146:140,전주:군산,0.8094266895385765,-0.4829924006746606,1.9583712489640257,2.1235976033965436,0.0,0.0,0.0,93.86354525004226,22.171000190389783,120.82491881850132,-0.8094266895385765,0.4829924006746606,3,702:733:763,익산:함라:여산
2023-09-20 00:00:00,14,13,4.071428571428571,EVT-0114,35.949014857142856,126.97981678571429,101.78835137157824,1.3817805843856343,87.05731732733064,22.847390187987266,0.0,146:140,전주:군산,0.9813587092506093,0.17528229069757442,1.6359762014341177,1.8629695397285237,0.0,0.0,0.0,95.94393821055738,21.86185169270708,79.87308417144101,-0.9813587092506093,-0.17528229069757442,3,733:702:763,함라:익산:여산
2024-07-17 21:00:00,11,6,4.363636363636363,EVT-0115,35.96169227272728,127.04133545454546,160.0,2.0616274824690715,77.82105683731099,28.069186258765466,0.0,146:140,전주:군산,0.0010844689088765507,-0.7265073627823186,2.396537996861184,2.7569996628686755,0.0,0.0,0.0,81.76181146832572,26.957819729616006,179.9144737568746,-0.0010844689088765507,0.7265073627823186,3,702:763:146,익산:여산:전주
2024-07-17 22:00:00,28,13,4.392857142857143,EVT-0116,35.95667110714286,126.99397614285714,160.0,2.429159646825775,79.055461957677,27.770840353174226,0.0,146:140,전주:군산,0.24690434180217183,-0.9090302151709716,1.4461954378713349,1.7771299924408628,0.0,0.0,0.0,84.55442246931001,26.203456895843274,164.80432611949016,-0.24690434180217183,0.9090302151709716,3,763:702:733,여산:익산:함라
2024-07-17 23:00:00,14,10,4.428571428571429,EVT-0117,35.93795492857143,126.9590625,150.77865293803393,2.738337767010188,79.61461104381368,27.53083111649491,0.0,146:140,전주:군산,0.4163758263334782,-0.8725944960595111,1.7313496101405574,1.9317743118546453,0.0,0.0,0.0,83.74376522815339,26.21695650963754,154.49092839406148,-0.4163758263334782,0.8725944960595111,3,737:733:702,김제:함라:익산
2024-07-28 22:00:00,13,8,4.461538461538462,EVT-0118,35.95910584615385,126.99655153846153,154.53432629928648,1.6361433569538852,73.5607819470212,28.47787619172165,0.0,146:140,전주:군산,0.4578069047040599,-0.760856309919678,1.4396855898127827,1.9046354472865072,0.0,0.0,0.0,81.90503873700908,26.570573274853118,148.96469608587455,-0.4578069047040599,0.760856309919678,3,702:733:763,익산:함라:여산
2024-07-28 23:00:00,14,8,4.571428571428571,EVT-0119,35.95768914285714,126.99206814285715,160.0,2.509230885811308,77.13372852806958,28.251597507587825,0.0,146:140,전주:군산,-0.2533469960857686,-0.9223663847735055,0.649020717010387,0.7869992062644295,0.0,0.0,0.0,83.49989625132328,25.992746614618607,195.3587073939576,0.2533469960857686,0.9223663847735055,3,702:763:733,익산:여산:함라
2024-09-02 02:00:00,12,11,4.333333333333333,EVT-0120,35.95185908333333,126.97329,149.39000510392282,1.2451803015672054,90.11626211097045,24.043193487335756,0.0,146:140,전주:군산,0.8466834740555884,0.07222611070145848,0.23326955826505455,0.7821185493702574,0.0,0.0,0.0,92.96696228595829,22.53669798059469,85.12420265316803,-0.8466834740555884,-0.07222611070145848,3,733:702:763,함라:익산:여산
2024-09-03 20:00:00,13,10,4.153846153846154,EVT-0121,35.95117376923077,126.97793746153846,100.3587900339462,1.3275228789051625,73.27522878905162,27.727522878905166,0.0,146:140,전주:군산,0.8558661079554832,-0.4081508911655915,2.229842386540448,2.423085416860593,0.0,0.0,0.0,81.93698259890226,25.73543529924734,115.49583857607035,-0.8558661079554832,0.4081508911655915,3,702:733:763,익산:함라:여산
2024-09-05 01:00:00,19,13,4.7368421052631575,EVT-0122,35.956428421052635,126.97508547368422,110.0,1.2000000000000002,82.70906015167564,24.758187969664878,0.0,146:140,전주:군산,0.6630572451741384,0.711403345002219,0.2794570843538575,0.8523178021696902,0.0,0.0,0.0,90.37538191810151,22.863744880219862,42.985474494167875,-0.6630572451741384,-0.711403345002219,3,702:733:763,익산:함라:여산
2024-09-07 23:00:00,11,6,4.636363636363637,EVT-0123,35.952783181818184,126.99934127272728,0.0,0.19446558139501072,84.8142511627997,24.961259069765074,0.0,146:140,전주:군산,0.8838447136349479,0.25284999320626717,0.23743205757970626,0.7838041258935415,0.0,0.0,0.0,90.30173088384807,23.064910081558924,74.03525163579002,-0.8838447136349479,-0.25284999320626717,3,763:733:702,여산:함라:익산
2024-09-09 01:00:00,10,7,4.5,EVT-0124,35.949316599999996,126.97386449999999,44.55118727605179,0.661261342248708,85.22522684497416,24.354954631005164,0.0,146:140,전주:군산,-0.42287438760051516,0.07937791807382474,0.3099457124774198,0.5802921196928402,0.0,0.0,0.0,86.26269755915386,23.177830669367047,280.6313001375212,0.42287438760051516,-0.07937791807382474,3,702:733:763,익산:함라:여산
2024-09-14 00:00:00,14,12,4.5,EVT-0125,35.94491421428571,126.96929828571429,45.35357863978487,0.7166895967461335,85.96443312193942,26.859507430895622,0.0,146:140,전주:군산,0.9011596143438406,-0.2551165228586322,0.7622764177074741,1.2533435692346435,0.0,0.0,0.0,90.23501605116992,25.25482833395529,105.8067138242472,-0.9011596143438406,0.2551165228586322,3,702:733:763,익산:함라:여산
2025-08-08 23:00:00,28,13,4.392857142857143,EVT-0126,35.943687857142855,126.97474557142857,140.0,1.1754215837345998,82.245784162654,24.635581779917867,0.0,146:140,전주:군산,0.9044720277566805,-0.23935526168568486,0.4567853609136923,0.9718837466248774,0.0,0.0,0.0,91.70181991875755,23.8229982979516,104.82270273180234,-0.9044720277566805,0.23935526168568486,3,733:763:702,함라:여산:익산
2025-08-28 22:00:00,11,8,4.454545454545454,EVT-0127,35.93488372727273,126.95870136363637,140.0,2.1361380638706327,85.90758709247089,27.17310322688228,0.0,146:140,전주:군산,-0.1567418089366008,0.6672247525300591,0.11913201085096133,0.1947517953549846,0.0,0.0,0.0,92.62350947715512,25.765628250175645,346.7800066877156,0.1567418089366008,-0.6672247525300591,3,702:737:733,익산:김제:함라
2025-09-05 21:00:00,13,9,4.230769230769231,EVT-0128,35.95780907692308,126.98550346153846,151.71112685115077,1.1743774940708498,81.75207501976384,26.941597499341203,0.0,146:140,전주:군산,0.1191771116621416,-0.8740289132150657,0.8670828720038587,1.3194739356580458,0.0,0.0,0.0,92.04896208494225,25.473540607852875,172.2353906201987,-0.1191771116621416,0.8740289132150657,3,733:702:763,함라:익산:여산
2025-09-15 00:00:00,13,11,4.153846153846154,EVT-0129,35.94282507692308,126.9730723076923,67.98452807592832,0.6968739005166901,89.09635874784713,23.59687390051669,0.0,146:140,전주:군산,0.744803271719988,0.5640934202458928,0.5918795047438428,0.9713345120219049,0.0,0.0,0.0,94.19352098497903,22.829486236651878,52.86071793100689,-0.744803271719988,-0.5640934202458928,3,702:733:763,익산:함라:여산
