gap_before_min,n_init_reports,n_init_locs,n_init_grids,n_future_reports,complete,n_candidates,n_positive_cells,n_future_cells,n_outside_cells,n_future_reports_outside,cov_cells_r1,cov_cells_r2,cov_cells_r3,cov_cells_r4,t0_override,t_pred_min,lead_gain_min,t0,event_id,has_positive,has_future,outside_only
9.0,7,7,5,2,True,36,1,1,0,0,1,1,1,1,26049639,26049669,7,2019-07-13 00:39:00,EV2-0001,True,True,False
20.0,7,7,4,10,True,33,7,7,0,0,6,7,7,7,26050075,26050105,11,2019-07-13 07:55:00,EV2-0002,True,True,False
33.0,10,9,4,18,True,34,7,8,1,1,6,7,8,8,26062449,26062479,17,2019-07-21 22:09:00,EV2-0003,True,True,False
9.0,7,7,7,5,True,42,4,4,0,0,4,4,4,4,26064331,26064361,16,2019-07-23 05:31:00,EV2-0004,True,True,False
29.0,9,7,6,13,True,47,6,6,0,0,4,6,6,6,26064404,26064434,14,2019-07-23 06:44:00,EV2-0005,True,True,False
3.0,13,11,9,2,True,64,2,2,0,0,2,2,2,2,26064465,26064495,0,2019-07-23 07:45:00,EV2-0006,True,True,False
2.0,9,8,6,37,True,44,14,14,0,0,11,14,14,14,26065375,26065405,5,2019-07-23 22:55:00,EV2-0007,True,True,False
138.0,7,7,5,4,True,35,3,3,0,0,2,3,3,3,26065829,26065859,0,2019-07-24 06:29:00,EV2-0008,True,True,False
17.0,7,7,7,7,True,56,6,6,0,0,6,6,6,6,26065914,26065944,6,2019-07-24 07:54:00,EV2-0009,True,True,False
203.0,7,7,4,0,True,28,0,0,0,0,0,0,0,0,26066374,26066404,10,2019-07-24 15:34:00,EV2-0010,False,False,False
5.0,7,7,6,6,True,38,4,4,0,0,3,4,4,4,26068799,26068829,7,2019-07-26 07:59:00,EV2-0011,True,True,False
76.0,7,7,4,7,True,24,6,7,1,1,4,6,6,6,26069675,26069705,0,2019-07-26 22:35:00,EV2-0012,True,True,False
125.0,7,7,4,22,True,34,6,9,3,3,5,6,8,9,26072602,26072632,1,2019-07-28 23:22:00,EV2-0013,True,True,False
2.0,16,16,10,6,True,51,4,4,0,0,4,4,4,4,26072665,26072695,0,2019-07-29 00:25:00,EV2-0014,True,True,False
56.0,8,8,3,11,True,31,5,5,0,0,4,5,5,5,26073896,26073926,19,2019-07-29 20:56:00,EV2-0015,True,True,False
6.0,7,7,5,2,True,39,1,1,0,0,1,1,1,1,26073956,26073986,0,2019-07-29 21:56:00,EV2-0016,True,True,False
3.0,8,8,4,8,True,26,5,5,0,0,4,5,5,5,26074126,26074156,1,2019-07-30 00:46:00,EV2-0017,True,True,False
17.0,11,10,7,5,True,43,2,2,0,0,1,2,2,2,26074188,26074218,1,2019-07-30 01:48:00,EV2-0018,True,True,False
12.0,10,9,4,13,True,26,8,9,1,1,7,8,8,8,26075341,26075371,4,2019-07-30 21:01:00,EV2-0019,True,True,False
42.0,7,7,5,4,True,29,2,2,0,0,2,2,2,2,26075770,26075800,4,2019-07-31 04:10:00,EV2-0020,True,True,False
31.0,7,7,6,3,True,37,2,2,0,0,1,2,2,2,26076857,26076887,10,2019-07-31 22:17:00,EV2-0021,True,True,False
4.0,7,7,6,21,True,46,9,10,1,1,7,9,10,10,26077313,26077343,7,2019-08-01 05:53:00,EV2-0022,True,True,False
27.0,7,7,4,10,True,34,7,8,1,1,5,7,8,8,26078733,26078763,12,2019-08-02 05:33:00,EV2-0023,True,True,False
393.0,7,7,4,6,True,26,3,3,0,0,3,3,3,3,26080908,26080938,4,2019-08-03 17:48:00,EV2-0024,True,True,False
32.0,7,7,5,12,True,37,4,5,1,2,4,4,4,4,26081091,26081121,1,2019-08-03 20:51:00,EV2-0025,True,True,False
2.0,29,26,6,18,True,30,6,6,0,0,6,6,6,6,26081151,26081181,1,2019-08-03 21:51:00,EV2-0026,True,True,False
4.0,22,20,10,10,True,52,4,4,0,0,4,4,4,4,26081212,26081242,0,2019-08-03 22:52:00,EV2-0027,True,True,False
1.0,10,9,7,19,True,35,5,5,0,0,5,5,5,5,26081277,26081307,0,2019-08-03 23:57:00,EV2-0028,True,True,False
8.0,8,7,5,8,True,29,4,6,2,2,3,4,5,5,26085859,26085889,2,2019-08-07 04:19:00,EV2-0029,True,True,False
25.0,7,7,5,2,True,27,2,2,0,0,2,2,2,2,26086061,26086091,3,2019-08-07 07:41:00,EV2-0030,True,True,False
81.0,7,7,5,4,True,27,4,4,0,0,4,4,4,4,26088038,26088068,12,2019-08-08 16:38:00,EV2-0031,True,True,False
1.0,8,8,7,6,True,44,3,4,1,1,2,3,3,4,26088098,26088128,0,2019-08-08 17:38:00,EV2-0032,True,True,False
83.0,8,7,4,5,True,40,4,4,0,0,2,4,4,4,26088371,26088401,2,2019-08-08 22:11:00,EV2-0033,True,True,False
11.0,13,12,7,5,True,44,4,4,0,0,4,4,4,4,26088432,26088462,5,2019-08-08 23:12:00,EV2-0034,True,True,False
15.0,7,7,6,0,True,54,0,0,0,0,0,0,0,0,26089685,26089715,14,2019-08-09 20:05:00,EV2-0035,False,False,False
10.0,7,7,2,9,True,18,3,4,1,1,2,3,3,4,26090256,26090286,20,2019-08-10 05:36:00,EV2-0036,True,True,False
4.0,7,7,6,7,True,40,5,5,0,0,5,5,5,5,26090321,26090351,3,2019-08-10 06:41:00,EV2-0037,True,True,False
6.0,10,7,4,4,True,24,3,3,0,0,3,3,3,3,26091233,26091263,10,2019-08-10 21:53:00,EV2-0038,True,True,False
17.0,7,7,4,4,True,34,3,3,0,0,2,3,3,3,26095926,26095956,0,2019-08-14 04:06:00,EV2-0039,True,True,False
8.0,7,7,5,7,True,37,3,3,0,0,2,3,3,3,26102865,26102895,9,2019-08-18 23:45:00,EV2-0040,True,True,False
15.0,7,7,6,1,True,42,1,1,0,0,1,1,1,1,26108807,26108837,13,2019-08-23 02:47:00,EV2-0041,True,True,False
9.0,7,7,5,16,True,37,8,8,0,0,6,8,8,8,26109087,26109117,2,2019-08-23 07:27:00,EV2-0042,True,True,False
19.0,10,7,5,0,True,39,0,0,0,0,0,0,0,0,26110009,26110039,0,2019-08-23 22:49:00,EV2-0043,False,False,False
15.0,7,7,6,6,True,38,3,3,0,0,3,3,3,3,26111412,26111442,1,2019-08-24 22:12:00,EV2-0044,True,True,False
1.0,12,12,6,2,True,34,2,2,0,0,2,2,2,2,26111476,26111506,0,2019-08-24 23:16:00,EV2-0045,True,True,False
2.0,9,9,9,7,True,40,6,6,0,0,5,6,6,6,26113021,26113051,0,2019-08-26 01:01:00,EV2-0046,True,True,False
3.0,9,7,4,44,True,33,13,13,0,0,9,13,13,13,26117193,26117223,11,2019-08-28 22:33:00,EV2-0047,True,True,False
2.0,10,10,6,11,True,36,7,8,1,1,7,7,8,8,26117254,26117284,3,2019-08-28 23:34:00,EV2-0048,True,True,False
42.0,7,7,3,2,True,28,1,1,0,0,1,1,1,1,26118670,26118700,15,2019-08-29 23:10:00,EV2-0049,True,True,False
4.0,7,7,4,49,True,36,8,10,2,2,7,8,10,10,26119998,26120028,4,2019-08-30 21:18:00,EV2-0050,True,True,False
208.0,7,7,5,6,True,39,5,5,0,0,4,5,5,5,26121476,26121506,10,2019-08-31 21:56:00,EV2-0051,True,True,False
6.0,15,14,6,4,True,39,3,3,0,0,3,3,3,3,26121540,26121570,1,2019-08-31 23:00:00,EV2-0052,True,True,False
9.0,8,8,5,12,True,34,7,7,0,0,6,7,7,7,26125775,26125805,13,2019-09-03 21:35:00,EV2-0053,True,True,False
17.0,9,7,4,4,True,30,3,4,1,1,2,3,4,4,26127012,26127042,8,2019-09-04 18:12:00,EV2-0054,True,True,False
6.0,11,11,5,3,True,34,3,3,0,0,3,3,3,3,26127072,26127102,2,2019-09-04 19:12:00,EV2-0055,True,True,False
17.0,7,7,5,0,True,34,0,0,0,0,0,0,0,0,26127326,26127356,9,2019-09-04 23:26:00,EV2-0056,False,False,False
11.0,8,8,7,4,True,44,4,4,0,0,4,4,4,4,26127900,26127930,17,2019-09-05 09:00:00,EV2-0057,True,True,False
3.0,8,8,4,2,True,28,2,2,0,0,2,2,2,2,26131715,26131745,0,2019-09-08 00:35:00,EV2-0058,True,True,False
688.0,8,7,4,2,True,30,1,1,0,0,1,1,1,1,26135750,26135780,17,2019-09-10 19:50:00,EV2-0059,True,True,False
1.0,7,7,5,10,True,41,8,9,1,1,7,8,9,9,26144604,26144634,13,2019-09-16 23:24:00,EV2-0060,True,True,False
22.0,7,7,5,6,True,27,4,4,0,0,4,4,4,4,26165769,26165799,7,2019-10-01 16:09:00,EV2-0061,True,True,False
155.0,7,7,4,2,True,35,1,1,0,0,1,1,1,1,26504590,26504620,13,2020-05-23 23:10:00,EV2-0062,True,True,False
1303.0,9,7,5,9,True,34,6,6,0,0,6,6,6,6,26537800,26537830,18,2020-06-16 00:40:00,EV2-0063,True,True,False
17.0,8,7,7,9,True,46,5,5,0,0,5,5,5,5,26566948,26566978,7,2020-07-06 06:28:00,EV2-0064,True,True,False
73.0,7,7,5,3,True,29,2,2,0,0,1,2,2,2,26591515,26591545,5,2020-07-23 07:55:00,EV2-0065,True,True,False
3.0,7,7,4,2,True,30,2,2,0,0,2,2,2,2,26596708,26596738,5,2020-07-26 22:28:00,EV2-0066,True,True,False
3.0,8,7,3,17,True,21,5,6,1,1,4,5,6,6,26605224,26605254,25,2020-08-01 20:24:00,EV2-0067,True,True,False
1.0,15,13,6,15,True,35,7,7,0,0,7,7,7,7,26605285,26605315,2,2020-08-01 21:25:00,EV2-0068,True,True,False
5.0,7,7,5,0,True,29,0,0,0,0,0,0,0,0,26605367,26605397,8,2020-08-01 22:47:00,EV2-0069,False,False,False
19.0,9,7,3,50,True,23,5,6,1,1,5,5,5,5,26606658,26606688,18,2020-08-02 20:18:00,EV2-0070,True,True,False
1.0,32,29,10,14,True,40,7,7,0,0,7,7,7,7,26606718,26606748,1,2020-08-02 21:18:00,EV2-0071,True,True,False
2.0,17,13,7,8,True,41,4,4,0,0,3,4,4,4,26606779,26606809,6,2020-08-02 22:19:00,EV2-0072,True,True,False
62.0,7,7,5,2,True,42,0,1,1,2,0,0,1,1,26607318,26607348,0,2020-08-03 07:18:00,EV2-0073,False,True,True
15.0,7,7,4,19,True,35,6,6,0,0,4,6,6,6,26608177,26608207,5,2020-08-03 21:37:00,EV2-0074,True,True,False
83.0,7,7,5,12,True,39,8,8,0,0,6,8,8,8,26608406,26608436,17,2020-08-04 01:26:00,EV2-0075,True,True,False
160.0,7,7,3,16,True,23,3,6,3,5,3,3,4,5,26609474,26609504,13,2020-08-04 19:14:00,EV2-0076,True,True,False
9.0,7,7,4,7,True,28,5,5,0,0,4,5,5,5,26609614,26609644,5,2020-08-04 21:34:00,EV2-0077,True,True,False
2.0,8,7,6,4,True,55,2,2,0,0,2,2,2,2,26609674,26609704,9,2020-08-04 22:34:00,EV2-0078,True,True,False
22.0,7,7,6,18,True,38,7,7,0,0,6,7,7,7,26612543,26612573,6,2020-08-06 22:23:00,EV2-0079,True,True,False
6.0,7,7,2,12,True,18,5,5,0,0,5,5,5,5,26615396,26615426,6,2020-08-08 21:56:00,EV2-0080,True,True,False
15.0,12,8,5,18,True,32,8,8,0,0,7,8,8,8,26616675,26616705,7,2020-08-09 19:15:00,EV2-0081,True,True,False
14.0,8,7,6,9,True,39,5,5,0,0,5,5,5,5,26616770,26616800,1,2020-08-09 20:50:00,EV2-0082,True,True,False
1.0,11,9,6,4,True,33,2,2,0,0,2,2,2,2,26616837,26616867,3,2020-08-09 21:57:00,EV2-0083,True,True,False
5.0,7,7,4,0,True,36,0,0,0,0,0,0,0,0,26617477,26617507,13,2020-08-10 08:37:00,EV2-0084,False,False,False
5.0,8,7,4,14,True,24,4,5,1,1,4,4,4,5,26618104,26618134,17,2020-08-10 19:04:00,EV2-0085,True,True,False
4.0,7,7,3,19,True,31,5,5,0,0,4,5,5,5,26621256,26621286,3,2020-08-12 23:36:00,EV2-0086,True,True,False
1.0,23,22,7,11,True,38,6,7,1,2,4,6,7,7,26621316,26621346,0,2020-08-13 00:36:00,EV2-0087,True,True,False
2.0,10,9,8,0,True,46,0,0,0,0,0,0,0,0,26621378,26621408,1,2020-08-13 01:38:00,EV2-0088,False,False,False
11.0,7,7,6,2,True,45,2,2,0,0,2,2,2,2,26622878,26622908,6,2020-08-14 02:38:00,EV2-0089,True,True,False
815.0,9,7,4,47,True,29,10,14,4,19,5,10,12,13,26625509,26625539,1,2020-08-15 22:29:00,EV2-0090,True,True,False
2.0,16,13,10,2,True,52,2,2,0,0,2,2,2,2,26625571,26625601,1,2020-08-15 23:31:00,EV2-0091,True,True,False
12.0,7,7,6,14,True,45,8,8,0,0,6,8,8,8,26627002,26627032,0,2020-08-16 23:22:00,EV2-0092,True,True,False
4.0,7,7,6,6,True,46,4,4,0,0,4,4,4,4,26627066,26627096,1,2020-08-17 00:26:00,EV2-0093,True,True,False
16.0,10,8,7,7,True,44,5,5,0,0,5,5,5,5,26627341,26627371,7,2020-08-17 05:01:00,EV2-0094,True,True,False
4.0,7,7,4,0,True,28,0,0,0,0,0,0,0,0,26627507,26627537,12,2020-08-17 07:47:00,EV2-0095,False,False,False
78.0,7,7,5,4,True,41,4,4,0,0,3,4,4,4,26630059,26630089,3,2020-08-19 02:19:00,EV2-0096,True,True,False
20.0,7,7,5,6,True,41,4,5,1,2,2,4,5,5,26630272,26630302,5,2020-08-19 05:52:00,EV2-0097,True,True,False
10.0,9,8,4,4,True,38,4,4,0,0,4,4,4,4,26630332,26630362,0,2020-08-19 06:52:00,EV2-0098,True,True,False
6.0,7,7,5,24,True,31,7,7,0,0,7,7,7,7,26631417,26631447,3,2020-08-20 00:57:00,EV2-0099,True,True,False
2.0,7,7,5,2,True,34,2,2,0,0,2,2,2,2,26635468,26635498,14,2020-08-22 20:28:00,EV2-0100,True,True,False
10.0,7,7,4,3,True,29,2,2,0,0,2,2,2,2,26635599,26635629,4,2020-08-22 22:39:00,EV2-0101,True,True,False
5.0,7,7,6,10,True,47,7,7,0,0,5,7,7,7,26638595,26638625,19,2020-08-25 00:35:00,EV2-0102,True,True,False
247.0,7,7,5,2,True,33,2,2,0,0,2,2,2,2,26643886,26643916,17,2020-08-28 16:46:00,EV2-0103,True,True,False
523.0,7,7,6,6,True,46,5,5,0,0,5,5,5,5,26645317,26645347,10,2020-08-29 16:37:00,EV2-0104,True,True,False
267.0,7,7,5,1,True,38,1,1,0,0,0,1,1,1,26646099,26646129,7,2020-08-30 05:39:00,EV2-0105,True,True,False
24.0,7,7,4,10,True,28,7,7,0,0,7,7,7,7,26647280,26647310,12,2020-08-31 01:20:00,EV2-0106,True,True,False
2.0,13,12,8,8,True,51,4,4,0,0,4,4,4,4,26647340,26647370,2,2020-08-31 02:20:00,EV2-0107,True,True,False
21.0,7,7,5,11,True,27,4,4,0,0,4,4,4,4,26652759,26652789,8,2020-09-03 20:39:00,EV2-0108,True,True,False
35.0,7,7,3,8,True,21,2,3,1,1,2,2,2,3,26652897,26652927,2,2020-09-03 22:57:00,EV2-0109,True,True,False
104.0,7,7,4,12,True,31,6,7,1,1,6,6,7,7,26654248,26654278,9,2020-09-04 21:28:00,EV2-0110,True,True,False
43.0,8,8,5,9,True,38,3,4,1,1,2,3,3,4,26663642,26663672,10,2020-09-11 10:02:00,EV2-0111,True,True,False
48.0,7,7,2,0,True,26,0,0,0,0,0,0,0,0,26668776,26668806,11,2020-09-14 23:36:00,EV2-0112,False,False,False
37.0,7,7,5,4,True,38,3,3,0,0,3,3,3,3,26672161,26672191,0,2020-09-17 08:01:00,EV2-0113,True,True,False
41.0,8,8,4,28,True,35,8,8,0,0,7,8,8,8,26674386,26674416,22,2020-09-18 21:06:00,EV2-0114,True,True,False
2.0,7,7,4,4,True,28,2,3,1,2,2,2,3,3,26674449,26674479,2,2020-09-18 22:09:00,EV2-0115,True,True,False
61.0,7,7,3,3,True,23,2,2,0,0,1,2,2,2,26675870,26675900,5,2020-09-19 21:50:00,EV2-0116,True,True,False
21.0,9,9,7,3,True,44,3,3,0,0,3,3,3,3,26675936,26675966,0,2020-09-19 22:56:00,EV2-0117,True,True,False
3.0,8,8,8,27,True,54,12,12,0,0,12,12,12,12,26693106,26693136,6,2020-10-01 21:06:00,EV2-0118,True,True,False
3.0,7,7,4,16,True,33,8,10,2,2,7,8,10,10,26693277,26693307,18,2020-10-01 23:57:00,EV2-0119,True,True,False
8.0,7,7,6,3,True,46,3,3,0,0,3,3,3,3,26694645,26694675,6,2020-10-02 22:45:00,EV2-0120,True,True,False
19.0,7,7,5,7,True,39,4,6,2,2,2,4,5,5,27044549,27044579,18,2021-06-02 22:29:00,EV2-0121,True,True,False
29.0,7,7,6,11,True,38,5,7,2,2,4,5,7,7,27050065,27050095,5,2021-06-06 18:25:00,EV2-0122,True,True,False
3.0,7,7,7,7,True,52,4,4,0,0,2,4,4,4,27054437,27054467,8,2021-06-09 19:17:00,EV2-0123,True,True,False
11.0,7,7,6,9,True,46,7,7,0,0,5,7,7,7,27054508,27054538,2,2021-06-09 20:28:00,EV2-0124,True,True,False
3.0,7,7,5,2,True,43,2,2,0,0,1,2,2,2,27054636,27054666,7,2021-06-09 22:36:00,EV2-0125,True,True,False
8.0,7,7,7,3,True,52,2,2,0,0,2,2,2,2,27055773,27055803,1,2021-06-10 17:33:00,EV2-0126,True,True,False
32.0,7,7,3,1,True,27,1,1,0,0,1,1,1,1,27061807,27061837,4,2021-06-14 22:07:00,EV2-0127,True,True,False
13.0,7,7,5,0,True,38,0,0,0,0,0,0,0,0,27065304,27065334,18,2021-06-17 08:24:00,EV2-0128,False,False,False
4.0,8,8,8,14,True,45,7,9,2,2,6,7,8,8,27081996,27082026,9,2021-06-28 22:36:00,EV2-0129,True,True,False
6.0,7,7,5,37,True,40,10,11,1,1,9,10,11,11,27094988,27095018,14,2021-07-07 23:08:00,EV2-0130,True,True,False
1.0,13,13,7,6,True,50,4,5,1,1,3,4,5,5,27095048,27095078,0,2021-07-08 00:08:00,EV2-0131,True,True,False
5.0,8,7,5,0,True,32,0,0,0,0,0,0,0,0,27100605,27100635,3,2021-07-11 20:45:00,EV2-0132,False,False,False
567.0,7,7,6,5,True,39,2,4,2,2,1,2,4,4,27103410,27103440,11,2021-07-13 19:30:00,EV2-0133,True,True,False
7.0,7,7,5,13,True,33,4,7,3,6,4,4,5,6,27104905,27104935,10,2021-07-14 20:25:00,EV2-0134,True,True,False
1.0,36,29,14,14,True,49,9,10,1,1,9,9,10,10,27104965,27104995,0,2021-07-14 21:25:00,EV2-0135,True,True,False
6.0,7,7,3,9,True,21,3,5,2,2,2,3,3,4,27105029,27105059,3,2021-07-14 22:29:00,EV2-0136,True,True,False
1.0,10,8,6,13,True,43,8,10,2,2,7,8,10,10,27105090,27105120,0,2021-07-14 23:30:00,EV2-0137,True,True,False
4.0,9,8,5,9,True,33,4,5,1,2,4,4,5,5,27113614,27113644,0,2021-07-20 21:34:00,EV2-0138,True,True,False
3.0,7,7,4,11,True,24,5,6,1,1,4,5,5,6,27113682,27113712,3,2021-07-20 22:42:00,EV2-0139,True,True,False
3.0,15,14,7,5,True,40,4,4,0,0,3,4,4,4,27113750,27113780,0,2021-07-20 23:50:00,EV2-0140,True,True,False
3.0,7,7,6,3,True,34,2,2,0,0,2,2,2,2,27118024,27118054,1,2021-07-23 23:04:00,EV2-0141,True,True,False
9.0,7,7,7,2,True,46,2,2,0,0,2,2,2,2,27119523,27119553,3,2021-07-25 00:03:00,EV2-0142,True,True,False
26.0,7,7,3,7,True,21,4,5,1,1,4,4,4,4,27120781,27120811,17,2021-07-25 21:01:00,EV2-0143,True,True,False
15.0,7,7,3,6,True,31,4,5,1,1,3,4,5,5,27122204,27122234,14,2021-07-26 20:44:00,EV2-0144,True,True,False
8.0,7,7,4,0,True,26,0,0,0,0,0,0,0,0,27130734,27130764,10,2021-08-01 18:54:00,EV2-0145,False,False,False
70.0,8,8,5,0,True,29,0,0,0,0,0,0,0,0,27132110,27132140,10,2021-08-02 17:50:00,EV2-0146,False,False,False
13.0,11,7,3,13,True,21,4,5,1,1,4,4,4,4,27135317,27135347,1,2021-08-04 23:17:00,EV2-0147,True,True,False
3.0,12,11,7,14,True,33,6,7,1,1,6,6,6,7,27135381,27135411,0,2021-08-05 00:21:00,EV2-0148,True,True,False
9.0,8,7,7,6,True,41,4,4,0,0,4,4,4,4,27136758,27136788,3,2021-08-05 23:18:00,EV2-0149,True,True,False
16.0,8,8,6,3,True,32,3,3,0,0,3,3,3,3,27146707,27146737,5,2021-08-12 21:07:00,EV2-0150,True,True,False
76.0,8,8,7,8,True,47,5,5,0,0,4,5,5,5,27149645,27149675,21,2021-08-14 22:05:00,EV2-0151,True,True,False
22.0,7,7,5,1,True,40,1,1,0,0,1,1,1,1,27151025,27151055,5,2021-08-15 21:05:00,EV2-0152,True,True,False
5.0,7,7,4,7,True,24,3,4,1,1,2,3,4,4,27151098,27151128,13,2021-08-15 22:18:00,EV2-0153,True,True,False
65.0,8,8,5,4,True,32,3,4,1,1,2,3,3,3,27156771,27156801,18,2021-08-19 20:51:00,EV2-0154,True,True,False
15.0,7,7,5,3,True,35,3,3,0,0,3,3,3,3,27158163,27158193,0,2021-08-20 20:03:00,EV2-0155,True,True,False
208.0,7,7,3,11,True,21,3,7,4,7,3,3,5,6,27174055,27174085,8,2021-08-31 20:55:00,EV2-0156,True,True,False
4.0,7,7,4,14,True,24,7,7,0,0,6,7,7,7,27174139,27174169,11,2021-08-31 22:19:00,EV2-0157,True,True,False
14.0,8,7,4,4,True,26,2,2,0,0,2,2,2,2,27191530,27191560,1,2021-09-13 00:10:00,EV2-0158,True,True,False
8.0,7,7,3,9,True,21,4,4,0,0,4,4,4,4,27204357,27204387,23,2021-09-21 21:57:00,EV2-0159,True,True,False
31.0,7,7,4,5,True,35,3,4,1,1,3,3,4,4,27208724,27208754,9,2021-09-24 22:44:00,EV2-0160,True,True,False
268.0,12,7,2,5,True,26,1,1,0,0,1,1,1,1,27211162,27211192,18,2021-09-26 15:22:00,EV2-0161,True,True,False
5.0,7,7,4,7,True,24,5,5,0,0,4,5,5,5,27214385,27214415,7,2021-09-28 21:05:00,EV2-0162,True,True,False
39.0,8,7,3,2,True,31,0,2,2,2,0,0,1,1,27220241,27220271,16,2021-10-02 22:41:00,EV2-0163,False,True,True
151.0,7,7,6,9,True,33,5,5,0,0,5,5,5,5,27221543,27221573,7,2021-10-03 20:23:00,EV2-0164,True,True,False
17.0,7,7,5,1,True,40,1,1,0,0,1,1,1,1,27223175,27223205,2,2021-10-04 23:35:00,EV2-0165,True,True,False
13.0,7,7,5,3,True,27,1,1,0,0,1,1,1,1,27224527,27224557,5,2021-10-05 22:07:00,EV2-0166,True,True,False
12.0,7,7,5,0,True,39,0,0,0,0,0,0,0,0,27227481,27227511,4,2021-10-07 23:21:00,EV2-0167,False,False,False
1440.0,7,7,3,2,True,21,1,2,1,1,1,1,1,1,27235926,27235956,6,2021-10-13 20:06:00,EV2-0168,True,True,False
1317.0,8,8,7,9,True,40,6,7,1,1,5,6,6,7,27603198,27603228,3,2022-06-25 21:18:00,EV2-0169,True,True,False
17.0,7,7,4,4,True,27,4,4,0,0,3,4,4,4,27604732,27604762,11,2022-06-26 22:52:00,EV2-0170,True,True,False
10.0,7,7,4,5,True,26,4,4,0,0,4,4,4,4,27608949,27608979,4,2022-06-29 21:09:00,EV2-0171,True,True,False
5.0,7,7,4,13,True,26,4,5,1,1,3,4,5,5,27610481,27610511,5,2022-06-30 22:41:00,EV2-0172,True,True,False
78.0,7,7,4,8,True,35,7,7,0,0,7,7,7,7,27614790,27614820,18,2022-07-03 22:30:00,EV2-0173,True,True,False
9.0,7,7,4,1,True,24,1,1,0,0,1,1,1,1,27614853,27614883,9,2022-07-03 23:33:00,EV2-0174,True,True,False
5.0,7,7,5,12,True,40,4,4,0,0,4,4,4,4,27616239,27616269,5,2022-07-04 22:39:00,EV2-0175,True,True,False
25.0,9,7,3,16,True,21,4,4,0,0,4,4,4,4,27629114,27629144,5,2022-07-13 21:14:00,EV2-0176,True,True,False
6.0,8,7,5,10,True,27,5,5,0,0,5,5,5,5,27629262,27629292,11,2022-07-13 23:42:00,EV2-0177,True,True,False
84.0,7,7,3,6,True,23,3,4,1,1,3,3,3,3,27633593,27633623,1,2022-07-16 23:53:00,EV2-0178,True,True,False
7.0,7,7,3,3,True,31,2,2,0,0,2,2,2,2,27634972,27635002,15,2022-07-17 22:52:00,EV2-0179,True,True,False
2.0,8,7,5,5,True,37,3,3,0,0,3,3,3,3,27637945,27637975,4,2022-07-20 00:25:00,EV2-0180,True,True,False
17.0,8,8,5,8,True,37,5,5,0,0,5,5,5,5,27642299,27642329,4,2022-07-23 00:59:00,EV2-0181,True,True,False
4.0,7,7,4,8,True,34,4,4,0,0,4,4,4,4,27646591,27646621,1,2022-07-26 00:31:00,EV2-0182,True,True,False
6.0,7,7,3,6,True,21,3,4,1,1,3,3,3,4,27649231,27649261,14,2022-07-27 20:31:00,EV2-0183,True,True,False
4.0,7,7,4,4,True,24,4,4,0,0,4,4,4,4,27656496,27656526,7,2022-08-01 21:36:00,EV2-0184,True,True,False
1056.0,7,7,5,8,True,29,3,5,2,2,3,3,3,4,27675262,27675292,4,2022-08-14 22:22:00,EV2-0185,True,True,False
5.0,11,11,7,3,True,39,3,3,0,0,3,3,3,3,27675328,27675358,3,2022-08-14 23:28:00,EV2-0186,True,True,False
140.0,9,8,5,9,True,44,5,6,1,1,4,5,5,5,27681069,27681099,11,2022-08-18 23:09:00,EV2-0187,True,True,False
74.0,7,7,5,1,True,27,1,1,0,0,1,1,1,1,27692717,27692747,5,2022-08-27 01:17:00,EV2-0188,True,True,False
1.0,10,7,2,0,True,26,0,0,0,0,0,0,0,0,27702559,27702589,0,2022-09-02 21:19:00,EV2-0189,False,False,False
8.0,8,8,7,8,True,44,6,7,1,1,6,6,6,6,27708394,27708424,0,2022-09-06 22:34:00,EV2-0190,True,True,False
2.0,7,7,5,2,True,32,2,2,0,0,2,2,2,2,27745717,27745747,8,2022-10-02 20:37:00,EV2-0191,True,True,False
12.0,8,7,5,9,True,41,6,7,1,1,5,6,7,7,28143247,28143277,10,2023-07-05 22:07:00,EV2-0192,True,True,False
16.0,7,7,6,2,True,35,1,2,1,1,1,1,1,2,28154730,28154760,1,2023-07-13 21:30:00,EV2-0193,True,True,False
798.0,7,7,5,0,True,33,0,0,0,0,0,0,0,0,28210772,28210802,22,2023-08-21 19:32:00,EV2-0194,False,False,False
27.0,7,7,4,2,True,33,0,2,2,2,0,0,1,1,28241284,28241314,3,2023-09-12 00:04:00,EV2-0195,False,True,True
56.0,7,7,5,0,True,37,0,0,0,0,0,0,0,0,28249904,28249934,2,2023-09-17 23:44:00,EV2-0196,False,False,False
6.0,7,7,6,7,True,41,4,6,2,2,3,4,6,6,28252811,28252841,14,2023-09-20 00:11:00,EV2-0197,True,True,False
137.0,8,7,1,3,True,13,1,1,0,0,1,1,1,1,28668699,28668729,5,2024-07-04 19:39:00,EV2-0198,True,True,False
9.0,7,7,5,19,True,49,6,7,1,1,5,6,7,7,28687531,28687561,7,2024-07-17 21:31:00,EV2-0199,True,True,False
1.0,8,8,5,5,True,36,3,3,0,0,3,3,3,3,28687593,28687623,4,2024-07-17 22:33:00,EV2-0200,True,True,False
16.0,8,7,7,2,True,43,2,2,0,0,2,2,2,2,28694682,28694712,0,2024-07-22 20:42:00,EV2-0201,True,True,False
5.0,9,7,6,6,True,30,4,4,0,0,4,4,4,4,28703414,28703444,5,2024-07-28 22:14:00,EV2-0202,True,True,False
5.0,8,7,4,4,True,24,2,2,0,0,2,2,2,2,28703476,28703506,4,2024-07-28 23:16:00,EV2-0203,True,True,False
45.0,7,7,1,5,True,13,1,1,0,0,1,1,1,1,28736490,28736520,14,2024-08-20 21:30:00,EV2-0204,True,True,False
737.0,7,7,1,1,True,13,1,1,0,0,1,1,1,1,28752254,28752284,4,2024-08-31 20:14:00,EV2-0205,True,True,False
17.0,7,7,4,5,True,26,3,5,2,2,2,3,4,5,28754024,28754054,14,2024-09-02 01:44:00,EV2-0206,True,True,False
98.0,7,7,5,5,True,34,3,3,0,0,3,3,3,3,28756558,28756588,19,2024-09-03 19:58:00,EV2-0207,True,True,False
53.0,7,7,5,12,True,39,5,7,2,2,4,5,6,6,28758300,28758330,15,2024-09-05 01:00:00,EV2-0208,True,True,False
27.0,8,7,4,4,True,31,3,4,1,1,3,3,3,3,28762518,28762548,16,2024-09-07 23:18:00,EV2-0209,True,True,False
101.0,7,7,5,5,True,37,2,2,0,0,2,2,2,2,28764035,28764065,16,2024-09-09 00:35:00,EV2-0210,True,True,False
19.0,7,7,5,7,True,37,5,5,0,0,4,5,5,5,28771199,28771229,14,2024-09-13 23:59:00,EV2-0211,True,True,False
72.0,8,7,2,5,True,18,1,1,0,0,1,1,1,1,28796940,28796970,9,2024-10-01 21:00:00,EV2-0212,True,True,False
34.0,7,7,2,13,True,18,2,2,0,0,2,2,2,2,29154071,29154101,23,2025-06-06 21:11:00,EV2-0213,True,True,False
14.0,8,7,4,15,True,31,5,5,0,0,5,5,5,5,29244892,29244922,9,2025-08-08 22:52:00,EV2-0214,True,True,False
1.0,9,9,5,0,True,48,0,0,0,0,0,0,0,0,29244953,29244983,0,2025-08-08 23:53:00,EV2-0215,False,False,False
16.0,8,7,6,3,True,37,2,2,0,0,2,2,2,2,29273628,29273658,9,2025-08-28 21:48:00,EV2-0216,True,True,False
8.0,8,7,5,6,True,37,4,4,0,0,4,4,4,4,29285089,29285119,9,2025-09-05 20:49:00,EV2-0217,True,True,False
108.0,7,7,6,1,True,36,1,1,0,0,0,1,1,1,29296829,29296859,10,2025-09-14 00:29:00,EV2-0218,True,True,False
12.0,8,8,6,6,True,40,5,5,0,0,5,5,5,5,29298226,29298256,7,2025-09-14 23:46:00,EV2-0219,True,True,False
1.0,7,7,4,1,True,26,1,1,0,0,1,1,1,1,29335594,29335624,6,2025-10-10 22:34:00,EV2-0220,True,True,False
143.0,7,7,1,1,True,13,1,1,0,0,1,1,1,1,29338479,29338509,16,2025-10-12 22:39:00,EV2-0221,True,True,False
197.0,8,8,6,2,True,41,1,2,1,1,1,1,1,1,29728732,29728762,3,2026-07-10 22:52:00,EV2-0222,True,True,False
