순위,발생시각,신고수,서로다른좌표수,지역별신고수,악취강도분포,악취종류분포,최초신고시각,마지막신고시각,평균강도,자료구분,Event순위,Event발생시각,10분구간시작,10분구간종료,서로다른위치수,평균위도,평균경도,평균악취강도
1.0,2020-08-02 21:00:00,68,64.0,"{""영등동"": 40, ""어양동"": 11, ""부송동"": 11, ""동산동"": 5, ""마동"": 1}","{""(4) 극심한취기"": 31, ""(5) 참기어려운취기"": 23, ""(3) 강한취기"": 11, ""(2) 보통취기"": 3}","{""기타"": 32, ""가축 분뇨 냄새(닭, 돼지, 소)"": 30, ""하수구 냄새"": 4, ""음식조리 냄새"": 1, ""공장 냄새(화학약품, 매캐함)"": 1}",2020-08-02 21:00:00,2020-08-02 21:59:00,4.088235294117647,Event요약,,,,,,,,
2.0,2020-08-15 23:00:00,60,55.0,"{""모현동1가"": 12, ""동산동"": 9, ""송학동"": 7, ""어양동"": 7, ""부송동"": 7, ""영등동"": 6, ""평화동"": 5, ""신동"": 3, ""마동"": 2, ""남중동"": 2}","{""(4) 극심한취기"": 26, ""(5) 참기어려운취기"": 22, ""(3) 강한취기"": 10, ""(2) 보통취기"": 2}","{""기타"": 28, ""가축 분뇨 냄새(닭, 돼지, 소)"": 26, ""하수구 냄새"": 6}",2020-08-15 23:00:00,2020-08-15 23:57:00,4.133333333333334,Event요약,,,,,,,,
3.0,2021-07-14 21:00:00,50,47.0,"{""동산동"": 20, ""어양동"": 10, ""부송동"": 5, ""영등동"": 4, ""신동"": 3, ""주현동"": 2, ""마동"": 2, ""평화동"": 1, ""신흥동"": 1, ""금강동"": 1, ""모현동1가"": 1}","{""(4) 극심한취기"": 25, ""(5) 참기어려운취기"": 17, ""(3) 강한취기"": 7, ""(2) 보통취기"": 1}","{""기타"": 21, ""가축 분뇨 냄새(닭, 돼지, 소)"": 21, ""하수구 냄새"": 8}",2021-07-14 21:01:00,2021-07-14 21:59:00,4.16,Event요약,,,,,,,,
4.0,2020-08-13 00:00:00,43,42.0,"{""영등동"": 15, ""어양동"": 14, ""부송동"": 10, ""동산동"": 2, ""금강동"": 1, ""모현동1가"": 1}","{""(5) 참기어려운취기"": 19, ""(4) 극심한취기"": 17, ""(3) 강한취기"": 5, ""(2) 보통취기"": 2}","{""기타"": 21, ""가축 분뇨 냄새(닭, 돼지, 소)"": 17, ""하수구 냄새"": 4, ""음식조리 냄새"": 1}",2020-08-13 00:00:00,2020-08-13 00:59:00,4.232558139534884,Event요약,,,,,,,,
5.0,2020-09-18 21:00:00,35,34.0,"{""영등동"": 10, ""어양동"": 10, ""팔봉동"": 5, ""부송동"": 5, ""신동"": 3, ""동산동"": 1, ""마동"": 1}","{""(4) 극심한취기"": 15, ""(3) 강한취기"": 11, ""(5) 참기어려운취기"": 8, ""(2) 보통취기"": 1}","{""기타"": 21, ""가축 분뇨 냄새(닭, 돼지, 소)"": 10, ""하수구 냄새"": 4}",2020-09-18 21:28:00,2020-09-18 21:59:00,3.857142857142857,Event요약,,,,,,,,
,,17,,,,,,,,10분상세,1.0,2020-08-02 21:00:00,2020-08-02 21:00:00,2020-08-02 21:10:00,17.0,35.959727882352944,126.9823494117647,4.235294117647059
,,14,,,,,,,,10분상세,1.0,2020-08-02 21:00:00,2020-08-02 21:10:00,2020-08-02 21:20:00,12.0,35.95872035714286,126.97655078571428,4.285714285714286
,,13,,,,,,,,10분상세,1.0,2020-08-02 21:00:00,2020-08-02 21:20:00,2020-08-02 21:30:00,12.0,35.955230307692304,126.97705523076921,3.8461538461538463
,,13,,,,,,,,10분상세,1.0,2020-08-02 21:00:00,2020-08-02 21:30:00,2020-08-02 21:40:00,13.0,35.95492561538461,126.97679576923078,4.153846153846154
,,5,,,,,,,,10분상세,1.0,2020-08-02 21:00:00,2020-08-02 21:40:00,2020-08-02 21:50:00,5.0,35.957678800000004,126.98115200000002,4.4
,,6,,,,,,,,10분상세,1.0,2020-08-02 21:00:00,2020-08-02 21:50:00,2020-08-02 22:00:00,6.0,35.9502,126.97297366666668,3.3333333333333335
,,19,,,,,,,,10분상세,2.0,2020-08-15 23:00:00,2020-08-15 23:00:00,2020-08-15 23:10:00,17.0,35.94295726315789,126.95046631578946,4.2105263157894735
,,18,,,,,,,,10분상세,2.0,2020-08-15 23:00:00,2020-08-15 23:10:00,2020-08-15 23:20:00,18.0,35.95386488888889,126.96635183333332,4.555555555555555
,,8,,,,,,,,10분상세,2.0,2020-08-15 23:00:00,2020-08-15 23:20:00,2020-08-15 23:30:00,8.0,35.946616125000006,126.970006125,3.875
,,6,,,,,,,,10분상세,2.0,2020-08-15 23:00:00,2020-08-15 23:30:00,2020-08-15 23:40:00,6.0,35.94252866666667,126.957095,3.6666666666666665
,,7,,,,,,,,10분상세,2.0,2020-08-15 23:00:00,2020-08-15 23:40:00,2020-08-15 23:50:00,7.0,35.946785,126.96093942857142,3.5714285714285716
,,2,,,,,,,,10분상세,2.0,2020-08-15 23:00:00,2020-08-15 23:50:00,2020-08-16 00:00:00,2.0,35.930715500000005,126.951153,4.0
,,4,,,,,,,,10분상세,3.0,2021-07-14 21:00:00,2021-07-14 21:00:00,2021-07-14 21:10:00,4.0,35.942127750000004,126.97498625,4.0
,,4,,,,,,,,10분상세,3.0,2021-07-14 21:00:00,2021-07-14 21:10:00,2021-07-14 21:20:00,4.0,35.956145,126.987526,3.25
,,13,,,,,,,,10분상세,3.0,2021-07-14 21:00:00,2021-07-14 21:20:00,2021-07-14 21:30:00,11.0,35.937998923076925,126.96766307692307,4.384615384615385
,,18,,,,,,,,10분상세,3.0,2021-07-14 21:00:00,2021-07-14 21:30:00,2021-07-14 21:40:00,18.0,35.94061455555555,126.96630661111112,4.166666666666667
,,4,,,,,,,,10분상세,3.0,2021-07-14 21:00:00,2021-07-14 21:40:00,2021-07-14 21:50:00,4.0,35.94811625,126.9765125,4.0
,,7,,,,,,,,10분상세,3.0,2021-07-14 21:00:00,2021-07-14 21:50:00,2021-07-14 22:00:00,7.0,35.943495000000006,126.96916157142857,4.428571428571429
,,6,,,,,,,,10분상세,4.0,2020-08-13 00:00:00,2020-08-13 00:00:00,2020-08-13 00:10:00,6.0,35.95090533333333,126.982889,4.5
,,4,,,,,,,,10분상세,4.0,2020-08-13 00:00:00,2020-08-13 00:10:00,2020-08-13 00:20:00,4.0,35.946485749999994,126.9822775,4.75
,,5,,,,,,,,10분상세,4.0,2020-08-13 00:00:00,2020-08-13 00:20:00,2020-08-13 00:30:00,5.0,35.9590874,126.983714,4.0
,,12,,,,,,,,10분상세,4.0,2020-08-13 00:00:00,2020-08-13 00:30:00,2020-08-13 00:40:00,11.0,35.95922341666667,126.98342025,4.166666666666667
,,9,,,,,,,,10분상세,4.0,2020-08-13 00:00:00,2020-08-13 00:40:00,2020-08-13 00:50:00,9.0,35.955773111111114,126.97953111111113,4.222222222222222
,,7,,,,,,,,10분상세,4.0,2020-08-13 00:00:00,2020-08-13 00:50:00,2020-08-13 01:00:00,7.0,35.95638685714285,126.97040814285715,4.0
,,2,,,,,,,,10분상세,5.0,2020-09-18 21:00:00,2020-09-18 21:20:00,2020-09-18 21:30:00,2.0,35.9522575,126.9803125,3.0
,,11,,,,,,,,10분상세,5.0,2020-09-18 21:00:00,2020-09-18 21:30:00,2020-09-18 21:40:00,11.0,35.95350172727273,126.98545190909091,3.727272727272727
,,16,,,,,,,,10분상세,5.0,2020-09-18 21:00:00,2020-09-18 21:40:00,2020-09-18 21:50:00,15.0,35.9599929375,126.9833225,3.9375
,,6,,,,,,,,10분상세,5.0,2020-09-18 21:00:00,2020-09-18 21:50:00,2020-09-18 22:00:00,6.0,35.95743916666667,126.984219,4.166666666666667
