event_hour,hour,grid_x,grid_y,risk_score,rank,train_end
2025-08-08 23:00:00,2025-08-08 22:00:00,9,1,0.18728577,1,2025-01-01
2025-08-08 23:00:00,2025-08-08 22:00:00,0,0,0.1713167,2,2025-01-01
2025-08-08 23:00:00,2025-08-08 22:00:00,-4,-3,0.16833617,3,2025-01-01
2025-08-08 23:00:00,2025-08-08 22:00:00,-1,0,0.13249786,4,2025-01-01
2025-08-08 23:00:00,2025-08-08 22:00:00,3,-1,0.076710515,5,2025-01-01
2025-08-08 23:00:00,2025-08-08 22:00:00,1,-1,0.06423714,6,2025-01-01
2025-08-08 23:00:00,2025-08-08 22:00:00,-2,-3,0.058359977,7,2025-01-01
2025-08-08 23:00:00,2025-08-08 22:00:00,-2,-2,0.054301187,8,2025-01-01
2025-08-08 23:00:00,2025-08-08 22:00:00,-12,-5,0.052068394,9,2025-01-01
2025-08-08 23:00:00,2025-08-08 22:00:00,0,-1,0.043390017,10,2025-01-01
2025-08-08 23:00:00,2025-08-08 22:00:00,1,0,0.038677726,11,2025-01-01
2025-08-08 23:00:00,2025-08-08 22:00:00,-11,-5,0.03774272,12,2025-01-01
2025-08-08 23:00:00,2025-08-08 22:00:00,3,-2,0.028655186,13,2025-01-01
2025-08-08 23:00:00,2025-08-08 22:00:00,-1,-3,0.01924008,14,2025-01-01
2025-08-08 23:00:00,2025-08-08 22:00:00,-1,-1,0.016745197,15,2025-01-01
2025-08-08 23:00:00,2025-08-08 22:00:00,-5,-2,0.0150246695,16,2025-01-01
2025-08-08 23:00:00,2025-08-08 22:00:00,2,0,0.013820064,17,2025-01-01
2025-08-08 23:00:00,2025-08-08 22:00:00,-3,-4,0.013231311,18,2025-01-01
2025-08-08 23:00:00,2025-08-08 22:00:00,-4,-2,0.011173427,19,2025-01-01
2025-08-08 23:00:00,2025-08-08 22:00:00,-2,0,0.010572858,20,2025-01-01
2025-08-08 23:00:00,2025-08-08 22:00:00,-2,-4,0.010237077,21,2025-01-01
2025-08-08 23:00:00,2025-08-08 22:00:00,-2,-1,0.008812184,22,2025-01-01
2025-08-08 23:00:00,2025-08-08 22:00:00,-3,-3,0.008286991,23,2025-01-01
2025-08-08 23:00:00,2025-08-08 22:00:00,-10,-3,0.007997251,24,2025-01-01
2025-08-08 23:00:00,2025-08-08 22:00:00,0,-2,0.006483493,25,2025-01-01
2025-08-08 23:00:00,2025-08-08 22:00:00,-4,4,0.006378336,26,2025-01-01
2025-08-08 23:00:00,2025-08-08 22:00:00,-3,-2,0.005995989,27,2025-01-01
2025-08-08 23:00:00,2025-08-08 22:00:00,7,-4,0.0031504773,28,2025-01-01
2025-08-08 23:00:00,2025-08-08 22:00:00,6,-3,0.0028967157,29,2025-01-01
2025-08-08 23:00:00,2025-08-08 22:00:00,-3,1,0.0028403427,30,2025-01-01
2025-08-08 23:00:00,2025-08-08 22:00:00,0,8,0.0026801128,31,2025-01-01
2025-08-08 23:00:00,2025-08-08 22:00:00,0,17,0.0025476161,32,2025-01-01
2025-08-08 23:00:00,2025-08-08 22:00:00,0,12,0.002056625,33,2025-01-01
2025-08-08 23:00:00,2025-08-08 22:00:00,-3,13,0.0016307668,34,2025-01-01
2025-08-08 23:00:00,2025-08-08 22:00:00,-6,4,0.0014106502,35,2025-01-01
2025-08-08 23:00:00,2025-08-08 22:00:00,6,-4,0.0013694424,36,2025-01-01
2025-08-08 23:00:00,2025-08-08 22:00:00,2,-1,0.00065839867,37,2025-01-01
2025-08-08 23:00:00,2025-08-08 22:00:00,-5,-1,0.0006456894,38,2025-01-01
2025-08-08 23:00:00,2025-08-08 22:00:00,3,0,0.0005702081,39,2025-01-01
2025-08-08 23:00:00,2025-08-08 22:00:00,9,3,0.00056671875,40,2025-01-01
2025-08-08 23:00:00,2025-08-08 22:00:00,-3,-1,0.00053319515,41,2025-01-01
2025-08-08 23:00:00,2025-08-08 22:00:00,9,2,0.00052118214,42,2025-01-01
2025-08-08 23:00:00,2025-08-08 22:00:00,0,1,0.00047163156,43,2025-01-01
2025-08-08 23:00:00,2025-08-08 22:00:00,-1,-2,0.00045615542,44,2025-01-01
2025-08-08 23:00:00,2025-08-08 22:00:00,-10,-4,0.00041134053,45,2025-01-01
2025-08-08 23:00:00,2025-08-08 22:00:00,-9,0,0.0004022432,46,2025-01-01
2025-08-08 23:00:00,2025-08-08 22:00:00,7,4,0.00037034624,47,2025-01-01
2025-08-08 23:00:00,2025-08-08 22:00:00,-1,16,0.00035767737,48,2025-01-01
2025-08-08 23:00:00,2025-08-08 22:00:00,-4,-1,0.00031784142,49,2025-01-01
2025-08-08 23:00:00,2025-08-08 22:00:00,-11,-6,0.00030241968,50,2025-01-01
2025-08-08 23:00:00,2025-08-08 22:00:00,8,0,0.00028716202,51,2025-01-01
2025-08-08 23:00:00,2025-08-08 22:00:00,8,1,0.00028357198,52,2025-01-01
2025-08-08 23:00:00,2025-08-08 22:00:00,-1,-4,0.0002214886,53,2025-01-01
2025-08-08 23:00:00,2025-08-08 22:00:00,1,-2,0.00021961173,54,2025-01-01
2025-08-08 23:00:00,2025-08-08 22:00:00,-2,16,0.00021594373,55,2025-01-01
2025-08-08 23:00:00,2025-08-08 22:00:00,-3,8,0.00021080668,56,2025-01-01
2025-08-08 23:00:00,2025-08-08 22:00:00,1,8,0.00020889899,57,2025-01-01
2025-08-08 23:00:00,2025-08-08 22:00:00,-1,7,0.0002087897,58,2025-01-01
2025-08-08 23:00:00,2025-08-08 22:00:00,-1,15,0.00020743946,59,2025-01-01
2025-08-08 23:00:00,2025-08-08 22:00:00,10,5,0.00020060164,60,2025-01-01
2025-08-08 23:00:00,2025-08-08 22:00:00,-9,6,0.00019960834,61,2025-01-01
2025-08-08 23:00:00,2025-08-08 22:00:00,0,13,0.00019742998,62,2025-01-01
2025-08-08 23:00:00,2025-08-08 22:00:00,-2,13,0.00019733747,63,2025-01-01
2025-08-08 23:00:00,2025-08-08 22:00:00,7,-5,0.00019630425,64,2025-01-01
2025-08-08 23:00:00,2025-08-08 22:00:00,4,-1,0.00019160571,65,2025-01-01
2025-08-08 23:00:00,2025-08-08 22:00:00,-3,11,0.00018623967,66,2025-01-01
2025-08-08 23:00:00,2025-08-08 22:00:00,-9,-4,0.00018416975,67,2025-01-01
2025-08-08 23:00:00,2025-08-08 22:00:00,-4,19,0.0001823404,68,2025-01-01
2025-08-08 23:00:00,2025-08-08 22:00:00,-10,8,0.00018194248,69,2025-01-01
2025-08-08 23:00:00,2025-08-08 22:00:00,6,6,0.00017976819,70,2025-01-01
2025-08-08 23:00:00,2025-08-08 22:00:00,-6,-2,0.0001794698,71,2025-01-01
2025-08-08 23:00:00,2025-08-08 22:00:00,-10,10,0.00017722619,72,2025-01-01
2025-08-08 23:00:00,2025-08-08 22:00:00,6,5,0.00017679257,73,2025-01-01
2025-08-08 23:00:00,2025-08-08 22:00:00,-9,-1,0.00017557955,74,2025-01-01
2025-08-08 23:00:00,2025-08-08 22:00:00,-6,-3,0.00017264108,75,2025-01-01
2025-08-08 23:00:00,2025-08-08 22:00:00,-8,6,0.0001713725,76,2025-01-01
2025-08-08 23:00:00,2025-08-08 22:00:00,-9,-5,0.00017025419,77,2025-01-01
2025-08-08 23:00:00,2025-08-08 22:00:00,-7,1,0.00016776372,78,2025-01-01
2025-08-08 23:00:00,2025-08-08 22:00:00,-5,1,0.00016502575,79,2025-01-01
2025-08-08 23:00:00,2025-08-08 22:00:00,10,3,0.00016466551,80,2025-01-01
2025-08-08 23:00:00,2025-08-08 22:00:00,3,1,0.00016244587,81,2025-01-01
2025-08-08 23:00:00,2025-08-08 22:00:00,-6,1,0.00016046078,82,2025-01-01
2025-08-08 23:00:00,2025-08-08 22:00:00,-7,-1,0.00016008918,83,2025-01-01
2025-08-08 23:00:00,2025-08-08 22:00:00,-4,2,0.00016005877,84,2025-01-01
2025-08-08 23:00:00,2025-08-08 22:00:00,-3,2,0.00016005877,85,2025-01-01
2025-08-08 23:00:00,2025-08-08 22:00:00,-1,3,0.00015947114,86,2025-01-01
2025-08-08 23:00:00,2025-08-08 22:00:00,-5,2,0.0001594509,87,2025-01-01
2025-08-08 23:00:00,2025-08-08 22:00:00,-2,3,0.00015900201,88,2025-01-01
2025-08-08 23:00:00,2025-08-08 22:00:00,-5,0,0.00015396345,89,2025-01-01
2025-08-08 23:00:00,2025-08-08 22:00:00,-4,3,0.00015396126,90,2025-01-01
2025-08-08 23:00:00,2025-08-08 22:00:00,-1,2,0.00015395116,91,2025-01-01
2025-08-08 23:00:00,2025-08-08 22:00:00,-4,0,0.00015391129,92,2025-01-01
2025-08-08 23:00:00,2025-08-08 22:00:00,1,2,0.00015213928,93,2025-01-01
2025-08-08 23:00:00,2025-08-08 22:00:00,6,3,0.00015164194,94,2025-01-01
2025-08-08 23:00:00,2025-08-08 22:00:00,8,-1,0.00014817642,95,2025-01-01
2025-08-08 23:00:00,2025-08-08 22:00:00,2,20,0.00014584638,96,2025-01-01
2025-08-08 23:00:00,2025-08-08 22:00:00,9,0,0.00014465296,97,2025-01-01
2025-08-08 23:00:00,2025-08-08 22:00:00,1,20,0.00014404922,98,2025-01-01
2025-08-08 23:00:00,2025-08-08 22:00:00,10,0,0.00014358328,99,2025-01-01
2025-08-08 23:00:00,2025-08-08 22:00:00,-5,4,0.00014116395,100,2025-01-01
2025-08-08 23:00:00,2025-08-08 22:00:00,9,-2,0.0001409345,101,2025-01-01
2025-08-08 23:00:00,2025-08-08 22:00:00,10,-1,0.00013844091,102,2025-01-01
2025-08-08 23:00:00,2025-08-08 22:00:00,5,3,0.00013777176,103,2025-01-01
2025-08-08 23:00:00,2025-08-08 22:00:00,-4,-4,0.00013475769,104,2025-01-01
2025-08-08 23:00:00,2025-08-08 22:00:00,7,-1,0.00013436715,105,2025-01-01
2025-08-08 23:00:00,2025-08-08 22:00:00,1,1,0.00013226707,106,2025-01-01
2025-08-08 23:00:00,2025-08-08 22:00:00,0,19,0.00013121292,107,2025-01-01
2025-08-08 23:00:00,2025-08-08 22:00:00,3,17,0.00013090977,108,2025-01-01
2025-08-08 23:00:00,2025-08-08 22:00:00,2,1,0.00013043544,109,2025-01-01
2025-08-08 23:00:00,2025-08-08 22:00:00,0,18,0.00013037116,110,2025-01-01
2025-08-08 23:00:00,2025-08-08 22:00:00,-1,18,0.00013024907,111,2025-01-01
2025-08-08 23:00:00,2025-08-08 22:00:00,1,19,0.00012958115,112,2025-01-01
2025-08-08 23:00:00,2025-08-08 22:00:00,-5,-4,0.00012733354,113,2025-01-01
2025-08-08 23:00:00,2025-08-08 22:00:00,-3,18,0.00012460977,114,2025-01-01
2025-08-08 23:00:00,2025-08-08 22:00:00,7,11,0.00012385235,115,2025-01-01
2025-08-08 23:00:00,2025-08-08 22:00:00,-5,10,0.0001203503,116,2025-01-01
2025-08-08 23:00:00,2025-08-08 22:00:00,-5,-5,0.000120064564,117,2025-01-01
2025-08-08 23:00:00,2025-08-08 22:00:00,-4,17,0.00011992065,118,2025-01-01
2025-08-08 23:00:00,2025-08-08 22:00:00,-6,8,0.00011905874,119,2025-01-01
2025-08-08 23:00:00,2025-08-08 22:00:00,-5,-3,0.000119010445,120,2025-01-01
2025-08-08 23:00:00,2025-08-08 22:00:00,-4,-5,0.00011855638,121,2025-01-01
2025-08-08 23:00:00,2025-08-08 22:00:00,2,8,0.00011775701,122,2025-01-01
2025-08-08 23:00:00,2025-08-08 22:00:00,-5,11,0.00011724601,123,2025-01-01
2025-08-08 23:00:00,2025-08-08 22:00:00,-2,1,0.000117089825,124,2025-01-01
2025-08-08 23:00:00,2025-08-08 22:00:00,-5,9,0.00011659282,125,2025-01-01
2025-08-08 23:00:00,2025-08-08 22:00:00,-6,15,0.00011508383,126,2025-01-01
2025-08-08 23:00:00,2025-08-08 22:00:00,-5,15,0.00011448292,127,2025-01-01
2025-08-08 23:00:00,2025-08-08 22:00:00,6,11,0.000113768794,128,2025-01-01
2025-08-08 23:00:00,2025-08-08 22:00:00,-1,1,0.00011285277,129,2025-01-01
2025-08-08 23:00:00,2025-08-08 22:00:00,-3,7,0.00011240804,130,2025-01-01
2025-08-08 23:00:00,2025-08-08 22:00:00,0,-3,0.00011236144,131,2025-01-01
2025-08-08 23:00:00,2025-08-08 22:00:00,7,1,0.00011189866,132,2025-01-01
2025-08-08 23:00:00,2025-08-08 22:00:00,-4,8,0.00011158368,133,2025-01-01
2025-08-08 23:00:00,2025-08-08 22:00:00,2,7,0.00011103358,134,2025-01-01
2025-08-08 23:00:00,2025-08-08 22:00:00,-3,15,0.0001108074,135,2025-01-01
2025-08-08 23:00:00,2025-08-08 22:00:00,1,5,0.00011017328,136,2025-01-01
2025-08-08 23:00:00,2025-08-08 22:00:00,-1,5,0.000109883054,137,2025-01-01
2025-08-08 23:00:00,2025-08-08 22:00:00,0,5,0.000109883054,138,2025-01-01
2025-08-08 23:00:00,2025-08-08 22:00:00,1,6,0.00010804785,139,2025-01-01
2025-08-08 23:00:00,2025-08-08 22:00:00,4,14,0.00010778103,140,2025-01-01
2025-08-08 23:00:00,2025-08-08 22:00:00,1,11,0.00010759818,141,2025-01-01
2025-08-08 23:00:00,2025-08-08 22:00:00,-4,10,0.00010731572,142,2025-01-01
2025-08-08 23:00:00,2025-08-08 22:00:00,-1,8,0.00010700594,143,2025-01-01
2025-08-08 23:00:00,2025-08-08 22:00:00,5,2,0.000106849744,144,2025-01-01
2025-08-08 23:00:00,2025-08-08 22:00:00,-3,0,0.000106682855,145,2025-01-01
2025-08-08 23:00:00,2025-08-08 22:00:00,2,9,0.00010662165,146,2025-01-01
2025-08-08 23:00:00,2025-08-08 22:00:00,-2,15,0.00010658067,147,2025-01-01
2025-08-08 23:00:00,2025-08-08 22:00:00,-4,12,0.00010543916,148,2025-01-01
2025-08-08 23:00:00,2025-08-08 22:00:00,4,1,0.00010524862,149,2025-01-01
2025-08-08 23:00:00,2025-08-08 22:00:00,-1,6,0.00010507336,150,2025-01-01
2025-08-08 23:00:00,2025-08-08 22:00:00,-4,5,0.000104886094,151,2025-01-01
2025-08-08 23:00:00,2025-08-08 22:00:00,0,9,0.00010437299,152,2025-01-01
2025-08-08 23:00:00,2025-08-08 22:00:00,-2,8,0.00010273075,153,2025-01-01
2025-08-08 23:00:00,2025-08-08 22:00:00,1,9,0.000102393504,154,2025-01-01
2025-08-08 23:00:00,2025-08-08 22:00:00,-1,13,0.0001005802,155,2025-01-01
2025-08-08 23:00:00,2025-08-08 22:00:00,0,14,9.993752e-05,156,2025-01-01
2025-08-08 23:00:00,2025-08-08 22:00:00,-1,9,9.958719e-05,157,2025-01-01
2025-08-08 23:00:00,2025-08-08 22:00:00,-3,14,9.919516e-05,158,2025-01-01
2025-08-08 23:00:00,2025-08-08 22:00:00,4,-6,9.8946504e-05,159,2025-01-01
2025-08-08 23:00:00,2025-08-08 22:00:00,4,-4,9.839571e-05,160,2025-01-01
2025-08-08 23:00:00,2025-08-08 22:00:00,0,11,9.759992e-05,161,2025-01-01
2025-08-08 23:00:00,2025-08-08 22:00:00,-3,12,9.698854e-05,162,2025-01-01
2025-08-08 23:00:00,2025-08-08 22:00:00,-2,11,9.698854e-05,163,2025-01-01
2025-08-08 23:00:00,2025-08-08 22:00:00,-1,11,9.698854e-05,164,2025-01-01
2025-08-08 23:00:00,2025-08-08 22:00:00,2,-2,9.672522e-05,165,2025-01-01
2025-08-08 23:00:00,2025-08-08 22:00:00,-2,10,9.577277e-05,166,2025-01-01
2025-08-08 23:00:00,2025-08-08 22:00:00,-3,9,9.5561474e-05,167,2025-01-01
2025-08-08 23:00:00,2025-08-08 22:00:00,8,-3,9.3717565e-05,168,2025-01-01
2025-08-08 23:00:00,2025-08-08 22:00:00,-2,9,9.326905e-05,169,2025-01-01
2025-08-08 23:00:00,2025-08-08 22:00:00,-2,-5,9.134734e-05,170,2025-01-01
2025-08-08 23:00:00,2025-08-08 22:00:00,1,-3,9.050538e-05,171,2025-01-01
2025-08-08 23:00:00,2025-08-08 22:00:00,5,-3,8.9823014e-05,172,2025-01-01
2025-08-08 23:00:00,2025-08-08 22:00:00,5,-1,8.935088e-05,173,2025-01-01
2025-08-08 23:00:00,2025-08-08 22:00:00,2,-3,8.891077e-05,174,2025-01-01
2025-08-08 23:00:00,2025-08-08 22:00:00,5,-2,8.754864e-05,175,2025-01-01
2025-08-08 23:00:00,2025-08-08 22:00:00,0,-5,8.5670814e-05,176,2025-01-01
2025-08-08 23:00:00,2025-08-08 22:00:00,3,-3,8.536777e-05,177,2025-01-01
2025-08-08 23:00:00,2025-08-08 22:00:00,1,-5,8.525019e-05,178,2025-01-01
2025-08-08 23:00:00,2025-08-08 22:00:00,5,-4,8.5128995e-05,179,2025-01-01
2025-08-08 23:00:00,2025-08-08 22:00:00,2,-6,8.144703e-05,180,2025-01-01
2025-08-08 23:00:00,2025-08-08 22:00:00,8,-4,7.651919e-05,181,2025-01-01
2025-08-08 23:00:00,2025-08-08 22:00:00,-1,-6,7.166181e-05,182,2025-01-01
2025-08-08 23:00:00,2025-08-08 22:00:00,-1,-7,6.963253e-05,183,2025-01-01
2025-08-08 23:00:00,2025-08-08 22:00:00,1,-7,6.7741705e-05,184,2025-01-01
2025-08-08 23:00:00,2025-08-08 22:00:00,2,-7,6.666114e-05,185,2025-01-01
2025-08-08 23:00:00,2025-08-08 22:00:00,0,-6,6.1150844e-05,186,2025-01-01
2025-08-28 22:00:00,2025-08-28 21:00:00,-2,-3,0.23904508,1,2025-01-01
2025-08-28 22:00:00,2025-08-28 21:00:00,9,1,0.15765251,2,2025-01-01
2025-08-28 22:00:00,2025-08-28 21:00:00,-4,-3,0.09138027,3,2025-01-01
2025-08-28 22:00:00,2025-08-28 21:00:00,-1,0,0.08718384,4,2025-01-01
2025-08-28 22:00:00,2025-08-28 21:00:00,-11,-5,0.076763384,5,2025-01-01
2025-08-28 22:00:00,2025-08-28 21:00:00,1,-1,0.04586357,6,2025-01-01
2025-08-28 22:00:00,2025-08-28 21:00:00,0,-1,0.04296252,7,2025-01-01
2025-08-28 22:00:00,2025-08-28 21:00:00,0,0,0.028687453,8,2025-01-01
2025-08-28 22:00:00,2025-08-28 21:00:00,-2,-2,0.01733347,9,2025-01-01
2025-08-28 22:00:00,2025-08-28 21:00:00,-12,-5,0.017265642,10,2025-01-01
2025-08-28 22:00:00,2025-08-28 21:00:00,-1,-1,0.01574372,11,2025-01-01
2025-08-28 22:00:00,2025-08-28 21:00:00,-5,-2,0.014406707,12,2025-01-01
2025-08-28 22:00:00,2025-08-28 21:00:00,-1,-3,0.012874786,13,2025-01-01
2025-08-28 22:00:00,2025-08-28 21:00:00,3,-1,0.01088696,14,2025-01-01
2025-08-28 22:00:00,2025-08-28 21:00:00,-3,-4,0.008768348,15,2025-01-01
2025-08-28 22:00:00,2025-08-28 21:00:00,1,0,0.008500297,16,2025-01-01
2025-08-28 22:00:00,2025-08-28 21:00:00,-2,-4,0.008205317,17,2025-01-01
2025-08-28 22:00:00,2025-08-28 21:00:00,6,-3,0.0062787696,18,2025-01-01
2025-08-28 22:00:00,2025-08-28 21:00:00,-3,-3,0.0061565544,19,2025-01-01
2025-08-28 22:00:00,2025-08-28 21:00:00,-2,0,0.005661219,20,2025-01-01
2025-08-28 22:00:00,2025-08-28 21:00:00,-4,-2,0.005456639,21,2025-01-01
2025-08-28 22:00:00,2025-08-28 21:00:00,0,-2,0.0054091183,22,2025-01-01
2025-08-28 22:00:00,2025-08-28 21:00:00,-3,-2,0.005128711,23,2025-01-01
2025-08-28 22:00:00,2025-08-28 21:00:00,-10,-3,0.004989187,24,2025-01-01
2025-08-28 22:00:00,2025-08-28 21:00:00,2,0,0.0037770101,25,2025-01-01
2025-08-28 22:00:00,2025-08-28 21:00:00,-6,-2,0.003692974,26,2025-01-01
2025-08-28 22:00:00,2025-08-28 21:00:00,-2,-1,0.0031216983,27,2025-01-01
2025-08-28 22:00:00,2025-08-28 21:00:00,-4,4,0.002952814,28,2025-01-01
2025-08-28 22:00:00,2025-08-28 21:00:00,0,17,0.0024861004,29,2025-01-01
2025-08-28 22:00:00,2025-08-28 21:00:00,9,3,0.0024860653,30,2025-01-01
2025-08-28 22:00:00,2025-08-28 21:00:00,-6,-3,0.002407456,31,2025-01-01
2025-08-28 22:00:00,2025-08-28 21:00:00,3,-2,0.002350659,32,2025-01-01
2025-08-28 22:00:00,2025-08-28 21:00:00,6,-4,0.0021518965,33,2025-01-01
2025-08-28 22:00:00,2025-08-28 21:00:00,-5,-1,0.0007655138,34,2025-01-01
2025-08-28 22:00:00,2025-08-28 21:00:00,-6,4,0.0007085683,35,2025-01-01
2025-08-28 22:00:00,2025-08-28 21:00:00,-1,-2,0.00061465247,36,2025-01-01
2025-08-28 22:00:00,2025-08-28 21:00:00,9,2,0.0005737447,37,2025-01-01
2025-08-28 22:00:00,2025-08-28 21:00:00,7,-4,0.0005615899,38,2025-01-01
2025-08-28 22:00:00,2025-08-28 21:00:00,-10,-4,0.00049240264,39,2025-01-01
2025-08-28 22:00:00,2025-08-28 21:00:00,0,8,0.000490759,40,2025-01-01
2025-08-28 22:00:00,2025-08-28 21:00:00,-11,-6,0.00044211015,41,2025-01-01
2025-08-28 22:00:00,2025-08-28 21:00:00,0,1,0.00043108614,42,2025-01-01
2025-08-28 22:00:00,2025-08-28 21:00:00,-3,-1,0.00042795044,43,2025-01-01
2025-08-28 22:00:00,2025-08-28 21:00:00,7,4,0.00042314988,44,2025-01-01
2025-08-28 22:00:00,2025-08-28 21:00:00,3,0,0.00040845157,45,2025-01-01
2025-08-28 22:00:00,2025-08-28 21:00:00,-4,-1,0.00040451498,46,2025-01-01
2025-08-28 22:00:00,2025-08-28 21:00:00,-3,1,0.0003883325,47,2025-01-01
2025-08-28 22:00:00,2025-08-28 21:00:00,1,-2,0.0003789674,48,2025-01-01
2025-08-28 22:00:00,2025-08-28 21:00:00,-9,0,0.00034694266,49,2025-01-01
2025-08-28 22:00:00,2025-08-28 21:00:00,8,0,0.00033496102,50,2025-01-01
2025-08-28 22:00:00,2025-08-28 21:00:00,2,-1,0.00032701413,51,2025-01-01
2025-08-28 22:00:00,2025-08-28 21:00:00,-1,-4,0.00032437392,52,2025-01-01
2025-08-28 22:00:00,2025-08-28 21:00:00,7,-5,0.00030824708,53,2025-01-01
2025-08-28 22:00:00,2025-08-28 21:00:00,0,12,0.00027483646,54,2025-01-01
2025-08-28 22:00:00,2025-08-28 21:00:00,-5,-3,0.00026656696,55,2025-01-01
2025-08-28 22:00:00,2025-08-28 21:00:00,-9,-4,0.00024905067,56,2025-01-01
2025-08-28 22:00:00,2025-08-28 21:00:00,10,5,0.000247272,57,2025-01-01
2025-08-28 22:00:00,2025-08-28 21:00:00,-4,-5,0.00023769033,58,2025-01-01
2025-08-28 22:00:00,2025-08-28 21:00:00,-4,-4,0.00023452146,59,2025-01-01
2025-08-28 22:00:00,2025-08-28 21:00:00,-9,-1,0.0002323927,60,2025-01-01
2025-08-28 22:00:00,2025-08-28 21:00:00,10,3,0.00022129319,61,2025-01-01
2025-08-28 22:00:00,2025-08-28 21:00:00,6,5,0.00022015402,62,2025-01-01
2025-08-28 22:00:00,2025-08-28 21:00:00,-4,0,0.00021684868,63,2025-01-01
2025-08-28 22:00:00,2025-08-28 21:00:00,-2,-5,0.00021658959,64,2025-01-01
2025-08-28 22:00:00,2025-08-28 21:00:00,6,6,0.00021430886,65,2025-01-01
2025-08-28 22:00:00,2025-08-28 21:00:00,-9,-5,0.00021343831,66,2025-01-01
2025-08-28 22:00:00,2025-08-28 21:00:00,0,-3,0.0002101919,67,2025-01-01
2025-08-28 22:00:00,2025-08-28 21:00:00,1,8,0.000202532,68,2025-01-01
2025-08-28 22:00:00,2025-08-28 21:00:00,-5,-4,0.00020052413,69,2025-01-01
2025-08-28 22:00:00,2025-08-28 21:00:00,6,3,0.00019922837,70,2025-01-01
2025-08-28 22:00:00,2025-08-28 21:00:00,-5,-5,0.00019807387,71,2025-01-01
2025-08-28 22:00:00,2025-08-28 21:00:00,-1,-6,0.00019438559,72,2025-01-01
2025-08-28 22:00:00,2025-08-28 21:00:00,-1,7,0.00019421281,73,2025-01-01
2025-08-28 22:00:00,2025-08-28 21:00:00,10,0,0.00019290856,74,2025-01-01
2025-08-28 22:00:00,2025-08-28 21:00:00,4,-6,0.00019214996,75,2025-01-01
2025-08-28 22:00:00,2025-08-28 21:00:00,9,0,0.00019178349,76,2025-01-01
2025-08-28 22:00:00,2025-08-28 21:00:00,-5,1,0.00019033223,77,2025-01-01
2025-08-28 22:00:00,2025-08-28 21:00:00,2,-6,0.00018599833,78,2025-01-01
2025-08-28 22:00:00,2025-08-28 21:00:00,1,-3,0.00018552749,79,2025-01-01
2025-08-28 22:00:00,2025-08-28 21:00:00,-5,0,0.00018514182,80,2025-01-01
2025-08-28 22:00:00,2025-08-28 21:00:00,-3,8,0.00018372417,81,2025-01-01
2025-08-28 22:00:00,2025-08-28 21:00:00,-6,1,0.0001820658,82,2025-01-01
2025-08-28 22:00:00,2025-08-28 21:00:00,0,13,0.00018077751,83,2025-01-01
2025-08-28 22:00:00,2025-08-28 21:00:00,-7,1,0.00018000761,84,2025-01-01
2025-08-28 22:00:00,2025-08-28 21:00:00,5,3,0.00017940307,85,2025-01-01
2025-08-28 22:00:00,2025-08-28 21:00:00,-7,-1,0.00017899073,86,2025-01-01
2025-08-28 22:00:00,2025-08-28 21:00:00,9,-2,0.00017818146,87,2025-01-01
2025-08-28 22:00:00,2025-08-28 21:00:00,10,-1,0.00017818146,88,2025-01-01
2025-08-28 22:00:00,2025-08-28 21:00:00,8,1,0.00017805821,89,2025-01-01
2025-08-28 22:00:00,2025-08-28 21:00:00,-2,16,0.00017709132,90,2025-01-01
2025-08-28 22:00:00,2025-08-28 21:00:00,0,-5,0.0001761436,91,2025-01-01
2025-08-28 22:00:00,2025-08-28 21:00:00,1,-5,0.00017471478,92,2025-01-01
2025-08-28 22:00:00,2025-08-28 21:00:00,-1,16,0.0001739961,93,2025-01-01
2025-08-28 22:00:00,2025-08-28 21:00:00,3,-3,0.00017286192,94,2025-01-01
2025-08-28 22:00:00,2025-08-28 21:00:00,8,-1,0.0001718944,95,2025-01-01
2025-08-28 22:00:00,2025-08-28 21:00:00,-3,13,0.00017175688,96,2025-01-01
2025-08-28 22:00:00,2025-08-28 21:00:00,-1,15,0.00017155898,97,2025-01-01
2025-08-28 22:00:00,2025-08-28 21:00:00,8,-3,0.00017063157,98,2025-01-01
2025-08-28 22:00:00,2025-08-28 21:00:00,7,-1,0.00017002801,99,2025-01-01
2025-08-28 22:00:00,2025-08-28 21:00:00,-3,0,0.0001695472,100,2025-01-01
2025-08-28 22:00:00,2025-08-28 21:00:00,-2,13,0.00016788767,101,2025-01-01
2025-08-28 22:00:00,2025-08-28 21:00:00,2,20,0.00016670155,102,2025-01-01
2025-08-28 22:00:00,2025-08-28 21:00:00,2,-3,0.00016413949,103,2025-01-01
2025-08-28 22:00:00,2025-08-28 21:00:00,-5,2,0.00016405043,104,2025-01-01
2025-08-28 22:00:00,2025-08-28 21:00:00,5,-4,0.00016339845,105,2025-01-01
2025-08-28 22:00:00,2025-08-28 21:00:00,1,20,0.00016215375,106,2025-01-01
2025-08-28 22:00:00,2025-08-28 21:00:00,-3,2,0.0001598146,107,2025-01-01
2025-08-28 22:00:00,2025-08-28 21:00:00,8,-4,0.00015964801,108,2025-01-01
2025-08-28 22:00:00,2025-08-28 21:00:00,2,-2,0.00015957591,109,2025-01-01
2025-08-28 22:00:00,2025-08-28 21:00:00,0,-6,0.00015844729,110,2025-01-01
2025-08-28 22:00:00,2025-08-28 21:00:00,-2,1,0.00015697426,111,2025-01-01
2025-08-28 22:00:00,2025-08-28 21:00:00,5,-3,0.00015452316,112,2025-01-01
2025-08-28 22:00:00,2025-08-28 21:00:00,7,1,0.00015424956,113,2025-01-01
2025-08-28 22:00:00,2025-08-28 21:00:00,1,-7,0.00015417532,114,2025-01-01
2025-08-28 22:00:00,2025-08-28 21:00:00,7,11,0.00015218862,115,2025-01-01
2025-08-28 22:00:00,2025-08-28 21:00:00,2,-7,0.00015081164,116,2025-01-01
2025-08-28 22:00:00,2025-08-28 21:00:00,1,1,0.00015069942,117,2025-01-01
2025-08-28 22:00:00,2025-08-28 21:00:00,-4,2,0.00015063757,118,2025-01-01
2025-08-28 22:00:00,2025-08-28 21:00:00,3,17,0.0001482705,119,2025-01-01
2025-08-28 22:00:00,2025-08-28 21:00:00,-1,-7,0.00014306199,120,2025-01-01
2025-08-28 22:00:00,2025-08-28 21:00:00,1,19,0.00014289991,121,2025-01-01
2025-08-28 22:00:00,2025-08-28 21:00:00,5,-2,0.000142485,122,2025-01-01
2025-08-28 22:00:00,2025-08-28 21:00:00,4,-4,0.00014126365,123,2025-01-01
2025-08-28 22:00:00,2025-08-28 21:00:00,5,2,0.00014067236,124,2025-01-01
2025-08-28 22:00:00,2025-08-28 21:00:00,3,1,0.0001405408,125,2025-01-01
2025-08-28 22:00:00,2025-08-28 21:00:00,2,1,0.00014021198,126,2025-01-01
2025-08-28 22:00:00,2025-08-28 21:00:00,1,2,0.00013976944,127,2025-01-01
2025-08-28 22:00:00,2025-08-28 21:00:00,-1,2,0.00013969622,128,2025-01-01
2025-08-28 22:00:00,2025-08-28 21:00:00,-2,3,0.000138304,129,2025-01-01
2025-08-28 22:00:00,2025-08-28 21:00:00,-1,1,0.00013785686,130,2025-01-01
2025-08-28 22:00:00,2025-08-28 21:00:00,-1,3,0.00013584367,131,2025-01-01
2025-08-28 22:00:00,2025-08-28 21:00:00,6,11,0.00013439318,132,2025-01-01
2025-08-28 22:00:00,2025-08-28 21:00:00,0,18,0.00013191476,133,2025-01-01
2025-08-28 22:00:00,2025-08-28 21:00:00,4,14,0.00012821489,134,2025-01-01
2025-08-28 22:00:00,2025-08-28 21:00:00,1,5,0.00012622225,135,2025-01-01
2025-08-28 22:00:00,2025-08-28 21:00:00,-4,3,0.00012516316,136,2025-01-01
2025-08-28 22:00:00,2025-08-28 21:00:00,-4,19,0.00012500853,137,2025-01-01
2025-08-28 22:00:00,2025-08-28 21:00:00,0,19,0.00012463369,138,2025-01-01
2025-08-28 22:00:00,2025-08-28 21:00:00,2,7,0.00012388239,139,2025-01-01
2025-08-28 22:00:00,2025-08-28 21:00:00,5,-1,0.00012388239,140,2025-01-01
2025-08-28 22:00:00,2025-08-28 21:00:00,-5,4,0.00012268536,141,2025-01-01
2025-08-28 22:00:00,2025-08-28 21:00:00,-10,10,0.00012255105,142,2025-01-01
2025-08-28 22:00:00,2025-08-28 21:00:00,1,6,0.00012252461,143,2025-01-01
2025-08-28 22:00:00,2025-08-28 21:00:00,-8,6,0.00012225987,144,2025-01-01
2025-08-28 22:00:00,2025-08-28 21:00:00,-10,8,0.0001221216,145,2025-01-01
2025-08-28 22:00:00,2025-08-28 21:00:00,2,8,0.00012106484,146,2025-01-01
2025-08-28 22:00:00,2025-08-28 21:00:00,-9,6,0.00012093951,147,2025-01-01
2025-08-28 22:00:00,2025-08-28 21:00:00,0,5,0.00012089478,148,2025-01-01
2025-08-28 22:00:00,2025-08-28 21:00:00,-1,5,0.00012076224,149,2025-01-01
2025-08-28 22:00:00,2025-08-28 21:00:00,4,1,0.00011915268,150,2025-01-01
2025-08-28 22:00:00,2025-08-28 21:00:00,4,-1,0.00011494464,151,2025-01-01
2025-08-28 22:00:00,2025-08-28 21:00:00,-1,18,0.00011408149,152,2025-01-01
2025-08-28 22:00:00,2025-08-28 21:00:00,-1,6,0.00011390052,153,2025-01-01
2025-08-28 22:00:00,2025-08-28 21:00:00,2,9,0.00011129782,154,2025-01-01
2025-08-28 22:00:00,2025-08-28 21:00:00,-5,11,0.0001066552,155,2025-01-01
2025-08-28 22:00:00,2025-08-28 21:00:00,-3,18,0.00010588722,156,2025-01-01
2025-08-28 22:00:00,2025-08-28 21:00:00,-1,8,0.00010473976,157,2025-01-01
2025-08-28 22:00:00,2025-08-28 21:00:00,-6,8,0.000104501436,158,2025-01-01
2025-08-28 22:00:00,2025-08-28 21:00:00,-5,9,0.000104501436,159,2025-01-01
2025-08-28 22:00:00,2025-08-28 21:00:00,-5,10,0.000104501436,160,2025-01-01
2025-08-28 22:00:00,2025-08-28 21:00:00,1,9,0.00010408609,161,2025-01-01
2025-08-28 22:00:00,2025-08-28 21:00:00,1,11,0.00010408609,162,2025-01-01
2025-08-28 22:00:00,2025-08-28 21:00:00,0,9,0.00010364483,163,2025-01-01
2025-08-28 22:00:00,2025-08-28 21:00:00,-4,5,0.00010353971,164,2025-01-01
2025-08-28 22:00:00,2025-08-28 21:00:00,-4,17,0.00010304133,165,2025-01-01
2025-08-28 22:00:00,2025-08-28 21:00:00,-3,7,0.00010304133,166,2025-01-01
2025-08-28 22:00:00,2025-08-28 21:00:00,-5,15,0.00010292528,167,2025-01-01
2025-08-28 22:00:00,2025-08-28 21:00:00,-6,15,0.00010261994,168,2025-01-01
2025-08-28 22:00:00,2025-08-28 21:00:00,-4,8,0.00010261994,169,2025-01-01
2025-08-28 22:00:00,2025-08-28 21:00:00,0,14,9.958792e-05,170,2025-01-01
2025-08-28 22:00:00,2025-08-28 21:00:00,-2,8,9.943573e-05,171,2025-01-01
2025-08-28 22:00:00,2025-08-28 21:00:00,-3,15,9.9125806e-05,172,2025-01-01
2025-08-28 22:00:00,2025-08-28 21:00:00,0,11,9.893743e-05,173,2025-01-01
2025-08-28 22:00:00,2025-08-28 21:00:00,-4,10,9.733194e-05,174,2025-01-01
2025-08-28 22:00:00,2025-08-28 21:00:00,-1,11,9.7102464e-05,175,2025-01-01
2025-08-28 22:00:00,2025-08-28 21:00:00,-1,13,9.7102464e-05,176,2025-01-01
2025-08-28 22:00:00,2025-08-28 21:00:00,-4,12,9.5711526e-05,177,2025-01-01
2025-08-28 22:00:00,2025-08-28 21:00:00,-1,9,9.3820774e-05,178,2025-01-01
2025-08-28 22:00:00,2025-08-28 21:00:00,-2,15,9.282987e-05,179,2025-01-01
2025-08-28 22:00:00,2025-08-28 21:00:00,-3,14,9.133474e-05,180,2025-01-01
2025-08-28 22:00:00,2025-08-28 21:00:00,-3,9,9.009626e-05,181,2025-01-01
2025-08-28 22:00:00,2025-08-28 21:00:00,-2,9,9.006963e-05,182,2025-01-01
2025-08-28 22:00:00,2025-08-28 21:00:00,-2,10,8.987551e-05,183,2025-01-01
2025-08-28 22:00:00,2025-08-28 21:00:00,-2,11,8.879057e-05,184,2025-01-01
2025-08-28 22:00:00,2025-08-28 21:00:00,-3,12,8.7797234e-05,185,2025-01-01
2025-08-28 22:00:00,2025-08-28 21:00:00,-3,11,8.7768065e-05,186,2025-01-01
2025-09-05 21:00:00,2025-09-05 20:00:00,9,1,0.3904694,1,2025-01-01
2025-09-05 21:00:00,2025-09-05 20:00:00,-2,-3,0.24389036,2,2025-01-01
2025-09-05 21:00:00,2025-09-05 20:00:00,-4,-3,0.15815338,3,2025-01-01
2025-09-05 21:00:00,2025-09-05 20:00:00,0,0,0.12768643,4,2025-01-01
2025-09-05 21:00:00,2025-09-05 20:00:00,-1,0,0.12684968,5,2025-01-01
2025-09-05 21:00:00,2025-09-05 20:00:00,-11,-5,0.117227316,6,2025-01-01
2025-09-05 21:00:00,2025-09-05 20:00:00,3,-1,0.08802825,7,2025-01-01
2025-09-05 21:00:00,2025-09-05 20:00:00,-2,0,0.07318837,8,2025-01-01
2025-09-05 21:00:00,2025-09-05 20:00:00,-2,-2,0.07025513,9,2025-01-01
2025-09-05 21:00:00,2025-09-05 20:00:00,1,-1,0.05266283,10,2025-01-01
2025-09-05 21:00:00,2025-09-05 20:00:00,-5,-2,0.047219545,11,2025-01-01
2025-09-05 21:00:00,2025-09-05 20:00:00,-3,-2,0.046385363,12,2025-01-01
2025-09-05 21:00:00,2025-09-05 20:00:00,0,-1,0.04305779,13,2025-01-01
2025-09-05 21:00:00,2025-09-05 20:00:00,-1,-3,0.042553812,14,2025-01-01
2025-09-05 21:00:00,2025-09-05 20:00:00,-2,-4,0.040442415,15,2025-01-01
2025-09-05 21:00:00,2025-09-05 20:00:00,-12,-5,0.038483933,16,2025-01-01
2025-09-05 21:00:00,2025-09-05 20:00:00,-2,-1,0.037222654,17,2025-01-01
2025-09-05 21:00:00,2025-09-05 20:00:00,-1,-1,0.036600377,18,2025-01-01
2025-09-05 21:00:00,2025-09-05 20:00:00,0,8,0.02424653,19,2025-01-01
2025-09-05 21:00:00,2025-09-05 20:00:00,1,0,0.023290956,20,2025-01-01
2025-09-05 21:00:00,2025-09-05 20:00:00,-4,-2,0.021878453,21,2025-01-01
2025-09-05 21:00:00,2025-09-05 20:00:00,3,-2,0.020370204,22,2025-01-01
2025-09-05 21:00:00,2025-09-05 20:00:00,-3,-3,0.019696662,23,2025-01-01
2025-09-05 21:00:00,2025-09-05 20:00:00,6,-3,0.018510792,24,2025-01-01
2025-09-05 21:00:00,2025-09-05 20:00:00,-3,-4,0.014575486,25,2025-01-01
2025-09-05 21:00:00,2025-09-05 20:00:00,0,-2,0.009866604,26,2025-01-01
2025-09-05 21:00:00,2025-09-05 20:00:00,-6,-2,0.008452341,27,2025-01-01
2025-09-05 21:00:00,2025-09-05 20:00:00,2,0,0.0075316164,28,2025-01-01
2025-09-05 21:00:00,2025-09-05 20:00:00,0,17,0.0070684007,29,2025-01-01
2025-09-05 21:00:00,2025-09-05 20:00:00,9,3,0.0042919144,30,2025-01-01
2025-09-05 21:00:00,2025-09-05 20:00:00,-4,4,0.0032209957,31,2025-01-01
2025-09-05 21:00:00,2025-09-05 20:00:00,-6,-3,0.0031987585,32,2025-01-01
2025-09-05 21:00:00,2025-09-05 20:00:00,-5,-3,0.002911417,33,2025-01-01
2025-09-05 21:00:00,2025-09-05 20:00:00,-6,4,0.0018200064,34,2025-01-01
2025-09-05 21:00:00,2025-09-05 20:00:00,-10,-3,0.0018114845,35,2025-01-01
2025-09-05 21:00:00,2025-09-05 20:00:00,6,-4,0.0012707716,36,2025-01-01
2025-09-05 21:00:00,2025-09-05 20:00:00,-3,-1,0.0007363505,37,2025-01-01
2025-09-05 21:00:00,2025-09-05 20:00:00,-5,-1,0.00072189287,38,2025-01-01
2025-09-05 21:00:00,2025-09-05 20:00:00,9,2,0.00064201135,39,2025-01-01
2025-09-05 21:00:00,2025-09-05 20:00:00,0,1,0.0005605895,40,2025-01-01
2025-09-05 21:00:00,2025-09-05 20:00:00,-9,0,0.00053923787,41,2025-01-01
2025-09-05 21:00:00,2025-09-05 20:00:00,-1,-2,0.0005336038,42,2025-01-01
2025-09-05 21:00:00,2025-09-05 20:00:00,-10,-4,0.0005029528,43,2025-01-01
2025-09-05 21:00:00,2025-09-05 20:00:00,-3,1,0.0004928216,44,2025-01-01
2025-09-05 21:00:00,2025-09-05 20:00:00,7,-4,0.0004900073,45,2025-01-01
2025-09-05 21:00:00,2025-09-05 20:00:00,3,0,0.0004846578,46,2025-01-01
2025-09-05 21:00:00,2025-09-05 20:00:00,7,4,0.00048341323,47,2025-01-01
2025-09-05 21:00:00,2025-09-05 20:00:00,0,12,0.0004786936,48,2025-01-01
2025-09-05 21:00:00,2025-09-05 20:00:00,-4,-1,0.0004487453,49,2025-01-01
2025-09-05 21:00:00,2025-09-05 20:00:00,2,-1,0.0004186613,50,2025-01-01
2025-09-05 21:00:00,2025-09-05 20:00:00,-11,-6,0.0004146713,51,2025-01-01
2025-09-05 21:00:00,2025-09-05 20:00:00,8,0,0.00037897806,52,2025-01-01
2025-09-05 21:00:00,2025-09-05 20:00:00,-1,7,0.00032472922,53,2025-01-01
2025-09-05 21:00:00,2025-09-05 20:00:00,-1,-4,0.00031511261,54,2025-01-01
2025-09-05 21:00:00,2025-09-05 20:00:00,-1,-7,0.00031368315,55,2025-01-01
2025-09-05 21:00:00,2025-09-05 20:00:00,-1,16,0.0002953113,56,2025-01-01
2025-09-05 21:00:00,2025-09-05 20:00:00,1,-2,0.00029191238,57,2025-01-01
2025-09-05 21:00:00,2025-09-05 20:00:00,0,13,0.00029048542,58,2025-01-01
2025-09-05 21:00:00,2025-09-05 20:00:00,1,8,0.0002883928,59,2025-01-01
2025-09-05 21:00:00,2025-09-05 20:00:00,-1,15,0.00028073613,60,2025-01-01
2025-09-05 21:00:00,2025-09-05 20:00:00,-2,16,0.00025627876,61,2025-01-01
2025-09-05 21:00:00,2025-09-05 20:00:00,-3,13,0.000252426,62,2025-01-01
2025-09-05 21:00:00,2025-09-05 20:00:00,7,-5,0.00024527637,63,2025-01-01
2025-09-05 21:00:00,2025-09-05 20:00:00,-3,8,0.00024438286,64,2025-01-01
2025-09-05 21:00:00,2025-09-05 20:00:00,10,5,0.00023253394,65,2025-01-01
2025-09-05 21:00:00,2025-09-05 20:00:00,10,3,0.00022805243,66,2025-01-01
2025-09-05 21:00:00,2025-09-05 20:00:00,-5,2,0.00022579353,67,2025-01-01
2025-09-05 21:00:00,2025-09-05 20:00:00,-9,-4,0.00022183142,68,2025-01-01
2025-09-05 21:00:00,2025-09-05 20:00:00,-6,1,0.00021973818,69,2025-01-01
2025-09-05 21:00:00,2025-09-05 20:00:00,-4,3,0.00021774041,70,2025-01-01
2025-09-05 21:00:00,2025-09-05 20:00:00,6,5,0.00021345269,71,2025-01-01
2025-09-05 21:00:00,2025-09-05 20:00:00,-7,1,0.00021019555,72,2025-01-01
2025-09-05 21:00:00,2025-09-05 20:00:00,-9,-1,0.00020956625,73,2025-01-01
2025-09-05 21:00:00,2025-09-05 20:00:00,-1,-6,0.00020901971,74,2025-01-01
2025-09-05 21:00:00,2025-09-05 20:00:00,-5,4,0.00020894466,75,2025-01-01
2025-09-05 21:00:00,2025-09-05 20:00:00,6,6,0.00019622575,76,2025-01-01
2025-09-05 21:00:00,2025-09-05 20:00:00,6,3,0.00019541064,77,2025-01-01
2025-09-05 21:00:00,2025-09-05 20:00:00,10,0,0.0001932343,78,2025-01-01
2025-09-05 21:00:00,2025-09-05 20:00:00,10,-1,0.00019319686,79,2025-01-01
2025-09-05 21:00:00,2025-09-05 20:00:00,9,0,0.00019211142,80,2025-01-01
2025-09-05 21:00:00,2025-09-05 20:00:00,5,3,0.0001917386,81,2025-01-01
2025-09-05 21:00:00,2025-09-05 20:00:00,-4,0,0.00018868608,82,2025-01-01
2025-09-05 21:00:00,2025-09-05 20:00:00,2,20,0.00018271354,83,2025-01-01
2025-09-05 21:00:00,2025-09-05 20:00:00,1,20,0.0001801456,84,2025-01-01
2025-09-05 21:00:00,2025-09-05 20:00:00,8,1,0.00017478068,85,2025-01-01
2025-09-05 21:00:00,2025-09-05 20:00:00,0,18,0.0001730548,86,2025-01-01
2025-09-05 21:00:00,2025-09-05 20:00:00,-4,19,0.00017245335,87,2025-01-01
2025-09-05 21:00:00,2025-09-05 20:00:00,3,17,0.00016916911,88,2025-01-01
2025-09-05 21:00:00,2025-09-05 20:00:00,-1,18,0.00016661004,89,2025-01-01
2025-09-05 21:00:00,2025-09-05 20:00:00,-4,5,0.00016419298,90,2025-01-01
2025-09-05 21:00:00,2025-09-05 20:00:00,1,19,0.00016322726,91,2025-01-01
2025-09-05 21:00:00,2025-09-05 20:00:00,-3,0,0.00016263932,92,2025-01-01
2025-09-05 21:00:00,2025-09-05 20:00:00,-1,5,0.00016053957,93,2025-01-01
2025-09-05 21:00:00,2025-09-05 20:00:00,1,5,0.00016002526,94,2025-01-01
2025-09-05 21:00:00,2025-09-05 20:00:00,0,5,0.00015984132,95,2025-01-01
2025-09-05 21:00:00,2025-09-05 20:00:00,-1,8,0.00015782942,96,2025-01-01
2025-09-05 21:00:00,2025-09-05 20:00:00,-7,-1,0.00015720962,97,2025-01-01
2025-09-05 21:00:00,2025-09-05 20:00:00,0,19,0.00015654387,98,2025-01-01
2025-09-05 21:00:00,2025-09-05 20:00:00,1,6,0.0001561343,99,2025-01-01
2025-09-05 21:00:00,2025-09-05 20:00:00,2,8,0.00015528801,100,2025-01-01
2025-09-05 21:00:00,2025-09-05 20:00:00,7,11,0.00015495677,101,2025-01-01
2025-09-05 21:00:00,2025-09-05 20:00:00,-5,0,0.00015448197,102,2025-01-01
2025-09-05 21:00:00,2025-09-05 20:00:00,-4,17,0.00015414634,103,2025-01-01
2025-09-05 21:00:00,2025-09-05 20:00:00,-1,6,0.00015406746,104,2025-01-01
2025-09-05 21:00:00,2025-09-05 20:00:00,5,2,0.00015310282,105,2025-01-01
2025-09-05 21:00:00,2025-09-05 20:00:00,4,14,0.00015192703,106,2025-01-01
2025-09-05 21:00:00,2025-09-05 20:00:00,-2,8,0.00015170548,107,2025-01-01
2025-09-05 21:00:00,2025-09-05 20:00:00,7,1,0.00015155008,108,2025-01-01
2025-09-05 21:00:00,2025-09-05 20:00:00,6,11,0.00015090418,109,2025-01-01
2025-09-05 21:00:00,2025-09-05 20:00:00,-3,15,0.00015059211,110,2025-01-01
2025-09-05 21:00:00,2025-09-05 20:00:00,0,-5,0.00015046219,111,2025-01-01
2025-09-05 21:00:00,2025-09-05 20:00:00,3,1,0.00014963197,112,2025-01-01
2025-09-05 21:00:00,2025-09-05 20:00:00,2,1,0.00014863013,113,2025-01-01
2025-09-05 21:00:00,2025-09-05 20:00:00,-8,6,0.0001484832,114,2025-01-01
2025-09-05 21:00:00,2025-09-05 20:00:00,2,7,0.00014787608,115,2025-01-01
2025-09-05 21:00:00,2025-09-05 20:00:00,-9,-5,0.00014771157,116,2025-01-01
2025-09-05 21:00:00,2025-09-05 20:00:00,0,-6,0.00014746004,117,2025-01-01
2025-09-05 21:00:00,2025-09-05 20:00:00,0,-3,0.00014682826,118,2025-01-01
2025-09-05 21:00:00,2025-09-05 20:00:00,1,2,0.00014610637,119,2025-01-01
2025-09-05 21:00:00,2025-09-05 20:00:00,2,9,0.00014600244,120,2025-01-01
2025-09-05 21:00:00,2025-09-05 20:00:00,1,1,0.00014533504,121,2025-01-01
2025-09-05 21:00:00,2025-09-05 20:00:00,-5,-5,0.0001440397,122,2025-01-01
2025-09-05 21:00:00,2025-09-05 20:00:00,0,14,0.00014388633,123,2025-01-01
2025-09-05 21:00:00,2025-09-05 20:00:00,-3,7,0.00014383029,124,2025-01-01
2025-09-05 21:00:00,2025-09-05 20:00:00,-1,9,0.00014323347,125,2025-01-01
2025-09-05 21:00:00,2025-09-05 20:00:00,-2,-5,0.00014252072,126,2025-01-01
2025-09-05 21:00:00,2025-09-05 20:00:00,0,11,0.00014227055,127,2025-01-01
2025-09-05 21:00:00,2025-09-05 20:00:00,-9,6,0.00014194059,128,2025-01-01
2025-09-05 21:00:00,2025-09-05 20:00:00,-5,11,0.00014183909,129,2025-01-01
2025-09-05 21:00:00,2025-09-05 20:00:00,-3,18,0.00013972336,130,2025-01-01
2025-09-05 21:00:00,2025-09-05 20:00:00,1,11,0.0001396005,131,2025-01-01
2025-09-05 21:00:00,2025-09-05 20:00:00,-5,9,0.0001393652,132,2025-01-01
2025-09-05 21:00:00,2025-09-05 20:00:00,-4,-4,0.00013872587,133,2025-01-01
2025-09-05 21:00:00,2025-09-05 20:00:00,1,9,0.00013785278,134,2025-01-01
2025-09-05 21:00:00,2025-09-05 20:00:00,-5,10,0.00013751544,135,2025-01-01
2025-09-05 21:00:00,2025-09-05 20:00:00,0,9,0.0001373375,136,2025-01-01
2025-09-05 21:00:00,2025-09-05 20:00:00,-1,2,0.00013727123,137,2025-01-01
2025-09-05 21:00:00,2025-09-05 20:00:00,-4,-5,0.00013718322,138,2025-01-01
2025-09-05 21:00:00,2025-09-05 20:00:00,-10,10,0.00013553999,139,2025-01-01
2025-09-05 21:00:00,2025-09-05 20:00:00,-10,8,0.00013509208,140,2025-01-01
2025-09-05 21:00:00,2025-09-05 20:00:00,4,1,0.00013495375,141,2025-01-01
2025-09-05 21:00:00,2025-09-05 20:00:00,-6,8,0.00013486846,142,2025-01-01
2025-09-05 21:00:00,2025-09-05 20:00:00,-5,15,0.00013443775,143,2025-01-01
2025-09-05 21:00:00,2025-09-05 20:00:00,-3,2,0.00013426179,144,2025-01-01
2025-09-05 21:00:00,2025-09-05 20:00:00,-4,8,0.0001339505,145,2025-01-01
2025-09-05 21:00:00,2025-09-05 20:00:00,-6,15,0.0001337772,146,2025-01-01
2025-09-05 21:00:00,2025-09-05 20:00:00,-1,3,0.0001327547,147,2025-01-01
2025-09-05 21:00:00,2025-09-05 20:00:00,1,-3,0.0001319124,148,2025-01-01
2025-09-05 21:00:00,2025-09-05 20:00:00,8,-1,0.00013178033,149,2025-01-01
2025-09-05 21:00:00,2025-09-05 20:00:00,-5,-4,0.00013166071,150,2025-01-01
2025-09-05 21:00:00,2025-09-05 20:00:00,9,-2,0.000131649,151,2025-01-01
2025-09-05 21:00:00,2025-09-05 20:00:00,-4,10,0.00013117389,152,2025-01-01
2025-09-05 21:00:00,2025-09-05 20:00:00,-4,12,0.00013030248,153,2025-01-01
2025-09-05 21:00:00,2025-09-05 20:00:00,-3,9,0.00013006644,154,2025-01-01
2025-09-05 21:00:00,2025-09-05 20:00:00,-1,11,0.00012964754,155,2025-01-01
2025-09-05 21:00:00,2025-09-05 20:00:00,-2,1,0.00012929832,156,2025-01-01
2025-09-05 21:00:00,2025-09-05 20:00:00,-5,1,0.00012830914,157,2025-01-01
2025-09-05 21:00:00,2025-09-05 20:00:00,8,-3,0.00012706763,158,2025-01-01
2025-09-05 21:00:00,2025-09-05 20:00:00,-3,11,0.00012564169,159,2025-01-01
2025-09-05 21:00:00,2025-09-05 20:00:00,-3,12,0.00012562065,160,2025-01-01
2025-09-05 21:00:00,2025-09-05 20:00:00,-3,14,0.00012296192,161,2025-01-01
2025-09-05 21:00:00,2025-09-05 20:00:00,-2,9,0.00012285828,162,2025-01-01
2025-09-05 21:00:00,2025-09-05 20:00:00,-1,1,0.00012280086,163,2025-01-01
2025-09-05 21:00:00,2025-09-05 20:00:00,-1,13,0.00012279839,164,2025-01-01
2025-09-05 21:00:00,2025-09-05 20:00:00,2,-3,0.00012230974,165,2025-01-01
2025-09-05 21:00:00,2025-09-05 20:00:00,7,-1,0.00012221445,166,2025-01-01
2025-09-05 21:00:00,2025-09-05 20:00:00,-4,2,0.00011744732,167,2025-01-01
2025-09-05 21:00:00,2025-09-05 20:00:00,-2,15,0.000115256174,168,2025-01-01
2025-09-05 21:00:00,2025-09-05 20:00:00,-2,10,0.000113676964,169,2025-01-01
2025-09-05 21:00:00,2025-09-05 20:00:00,-2,11,0.00011152213,170,2025-01-01
2025-09-05 21:00:00,2025-09-05 20:00:00,-2,13,0.00011089285,171,2025-01-01
2025-09-05 21:00:00,2025-09-05 20:00:00,2,-2,0.00011056053,172,2025-01-01
2025-09-05 21:00:00,2025-09-05 20:00:00,5,-2,0.00011018195,173,2025-01-01
2025-09-05 21:00:00,2025-09-05 20:00:00,2,-6,0.00010922974,174,2025-01-01
2025-09-05 21:00:00,2025-09-05 20:00:00,-2,3,0.000104753824,175,2025-01-01
2025-09-05 21:00:00,2025-09-05 20:00:00,5,-3,0.00010229525,176,2025-01-01
2025-09-05 21:00:00,2025-09-05 20:00:00,8,-4,0.00010220153,177,2025-01-01
2025-09-05 21:00:00,2025-09-05 20:00:00,5,-4,0.000101916936,178,2025-01-01
2025-09-05 21:00:00,2025-09-05 20:00:00,1,-5,9.930879e-05,179,2025-01-01
2025-09-05 21:00:00,2025-09-05 20:00:00,1,-7,9.9056284e-05,180,2025-01-01
2025-09-05 21:00:00,2025-09-05 20:00:00,4,-6,9.6232085e-05,181,2025-01-01
2025-09-05 21:00:00,2025-09-05 20:00:00,4,-4,9.0576104e-05,182,2025-01-01
2025-09-05 21:00:00,2025-09-05 20:00:00,3,-3,9.002877e-05,183,2025-01-01
2025-09-05 21:00:00,2025-09-05 20:00:00,5,-1,8.145812e-05,184,2025-01-01
2025-09-05 21:00:00,2025-09-05 20:00:00,2,-7,8.05272e-05,185,2025-01-01
2025-09-05 21:00:00,2025-09-05 20:00:00,4,-1,7.819433e-05,186,2025-01-01
2025-09-15 00:00:00,2025-09-14 23:00:00,-2,-3,0.22989611,1,2025-01-01
2025-09-15 00:00:00,2025-09-14 23:00:00,0,0,0.2202623,2,2025-01-01
2025-09-15 00:00:00,2025-09-14 23:00:00,9,1,0.19550186,3,2025-01-01
2025-09-15 00:00:00,2025-09-14 23:00:00,-4,-3,0.19218527,4,2025-01-01
2025-09-15 00:00:00,2025-09-14 23:00:00,0,-1,0.15191059,5,2025-01-01
2025-09-15 00:00:00,2025-09-14 23:00:00,-2,-2,0.12473855,6,2025-01-01
2025-09-15 00:00:00,2025-09-14 23:00:00,-1,0,0.10702389,7,2025-01-01
2025-09-15 00:00:00,2025-09-14 23:00:00,1,-1,0.106729366,8,2025-01-01
2025-09-15 00:00:00,2025-09-14 23:00:00,3,-1,0.08576825,9,2025-01-01
2025-09-15 00:00:00,2025-09-14 23:00:00,-1,-1,0.04454266,10,2025-01-01
2025-09-15 00:00:00,2025-09-14 23:00:00,-11,-5,0.041329328,11,2025-01-01
2025-09-15 00:00:00,2025-09-14 23:00:00,3,-2,0.04070312,12,2025-01-01
2025-09-15 00:00:00,2025-09-14 23:00:00,-5,-2,0.03649642,13,2025-01-01
2025-09-15 00:00:00,2025-09-14 23:00:00,-2,-4,0.03621455,14,2025-01-01
2025-09-15 00:00:00,2025-09-14 23:00:00,-12,-5,0.030550098,15,2025-01-01
2025-09-15 00:00:00,2025-09-14 23:00:00,-3,-2,0.02516543,16,2025-01-01
2025-09-15 00:00:00,2025-09-14 23:00:00,1,0,0.015311745,17,2025-01-01
2025-09-15 00:00:00,2025-09-14 23:00:00,0,8,0.0139792785,18,2025-01-01
2025-09-15 00:00:00,2025-09-14 23:00:00,-2,0,0.01316389,19,2025-01-01
2025-09-15 00:00:00,2025-09-14 23:00:00,-3,-4,0.008633087,20,2025-01-01
2025-09-15 00:00:00,2025-09-14 23:00:00,-1,-3,0.0064732027,21,2025-01-01
2025-09-15 00:00:00,2025-09-14 23:00:00,-3,-3,0.0057484875,22,2025-01-01
2025-09-15 00:00:00,2025-09-14 23:00:00,2,0,0.005164603,23,2025-01-01
2025-09-15 00:00:00,2025-09-14 23:00:00,-2,-1,0.0046745464,24,2025-01-01
2025-09-15 00:00:00,2025-09-14 23:00:00,6,-3,0.0038261048,25,2025-01-01
2025-09-15 00:00:00,2025-09-14 23:00:00,-4,-2,0.0032684023,26,2025-01-01
2025-09-15 00:00:00,2025-09-14 23:00:00,0,17,0.003103123,27,2025-01-01
2025-09-15 00:00:00,2025-09-14 23:00:00,0,-2,0.00297557,28,2025-01-01
2025-09-15 00:00:00,2025-09-14 23:00:00,-4,4,0.002139087,29,2025-01-01
2025-09-15 00:00:00,2025-09-14 23:00:00,6,-4,0.0020429224,30,2025-01-01
2025-09-15 00:00:00,2025-09-14 23:00:00,-5,-3,0.0017052017,31,2025-01-01
2025-09-15 00:00:00,2025-09-14 23:00:00,-6,-2,0.0010690179,32,2025-01-01
2025-09-15 00:00:00,2025-09-14 23:00:00,2,1,0.00092509406,33,2025-01-01
2025-09-15 00:00:00,2025-09-14 23:00:00,-6,4,0.0008635022,34,2025-01-01
2025-09-15 00:00:00,2025-09-14 23:00:00,-6,-3,0.0007807382,35,2025-01-01
2025-09-15 00:00:00,2025-09-14 23:00:00,9,0,0.0006979232,36,2025-01-01
2025-09-15 00:00:00,2025-09-14 23:00:00,-10,-3,0.00064944284,37,2025-01-01
2025-09-15 00:00:00,2025-09-14 23:00:00,3,0,0.00052072824,38,2025-01-01
2025-09-15 00:00:00,2025-09-14 23:00:00,9,3,0.00047228928,39,2025-01-01
2025-09-15 00:00:00,2025-09-14 23:00:00,-1,-2,0.0004553634,40,2025-01-01
2025-09-15 00:00:00,2025-09-14 23:00:00,-5,-1,0.0004418804,41,2025-01-01
2025-09-15 00:00:00,2025-09-14 23:00:00,-3,-1,0.0003540131,42,2025-01-01
2025-09-15 00:00:00,2025-09-14 23:00:00,7,-4,0.00035092325,43,2025-01-01
2025-09-15 00:00:00,2025-09-14 23:00:00,0,1,0.00032888757,44,2025-01-01
2025-09-15 00:00:00,2025-09-14 23:00:00,9,2,0.00027087398,45,2025-01-01
2025-09-15 00:00:00,2025-09-14 23:00:00,8,0,0.00026775387,46,2025-01-01
2025-09-15 00:00:00,2025-09-14 23:00:00,-4,-1,0.00022261152,47,2025-01-01
2025-09-15 00:00:00,2025-09-14 23:00:00,-9,0,0.00021781697,48,2025-01-01
2025-09-15 00:00:00,2025-09-14 23:00:00,2,-1,0.00020596839,49,2025-01-01
2025-09-15 00:00:00,2025-09-14 23:00:00,1,-2,0.00020404569,50,2025-01-01
2025-09-15 00:00:00,2025-09-14 23:00:00,0,12,0.00020181322,51,2025-01-01
2025-09-15 00:00:00,2025-09-14 23:00:00,-10,-4,0.00019241193,52,2025-01-01
2025-09-15 00:00:00,2025-09-14 23:00:00,-3,1,0.00017655104,53,2025-01-01
2025-09-15 00:00:00,2025-09-14 23:00:00,7,4,0.00016750267,54,2025-01-01
2025-09-15 00:00:00,2025-09-14 23:00:00,-11,-6,0.00015545537,55,2025-01-01
2025-09-15 00:00:00,2025-09-14 23:00:00,-1,-4,0.00014425731,56,2025-01-01
2025-09-15 00:00:00,2025-09-14 23:00:00,1,8,0.00013315456,57,2025-01-01
2025-09-15 00:00:00,2025-09-14 23:00:00,-1,7,0.0001330576,58,2025-01-01
2025-09-15 00:00:00,2025-09-14 23:00:00,4,-1,0.000117312324,59,2025-01-01
2025-09-15 00:00:00,2025-09-14 23:00:00,2,-2,0.00010890167,60,2025-01-01
2025-09-15 00:00:00,2025-09-14 23:00:00,-3,8,0.00010711804,61,2025-01-01
2025-09-15 00:00:00,2025-09-14 23:00:00,2,-3,0.000106580825,62,2025-01-01
2025-09-15 00:00:00,2025-09-14 23:00:00,-2,16,0.00010637505,63,2025-01-01
2025-09-15 00:00:00,2025-09-14 23:00:00,7,-5,0.00010576041,64,2025-01-01
2025-09-15 00:00:00,2025-09-14 23:00:00,-1,16,0.000105123705,65,2025-01-01
2025-09-15 00:00:00,2025-09-14 23:00:00,10,5,0.00010474251,66,2025-01-01
2025-09-15 00:00:00,2025-09-14 23:00:00,0,13,0.00010416784,67,2025-01-01
2025-09-15 00:00:00,2025-09-14 23:00:00,3,-3,0.00010185843,68,2025-01-01
2025-09-15 00:00:00,2025-09-14 23:00:00,-1,15,0.0001018331,69,2025-01-01
2025-09-15 00:00:00,2025-09-14 23:00:00,-1,1,0.00010120357,70,2025-01-01
2025-09-15 00:00:00,2025-09-14 23:00:00,-4,2,0.00010037401,71,2025-01-01
2025-09-15 00:00:00,2025-09-14 23:00:00,-5,2,0.00010024273,72,2025-01-01
2025-09-15 00:00:00,2025-09-14 23:00:00,-5,1,9.956389e-05,73,2025-01-01
2025-09-15 00:00:00,2025-09-14 23:00:00,-6,1,9.934957e-05,74,2025-01-01
2025-09-15 00:00:00,2025-09-14 23:00:00,6,5,9.833669e-05,75,2025-01-01
2025-09-15 00:00:00,2025-09-14 23:00:00,3,1,9.763956e-05,76,2025-01-01
2025-09-15 00:00:00,2025-09-14 23:00:00,10,3,9.6650016e-05,77,2025-01-01
2025-09-15 00:00:00,2025-09-14 23:00:00,-3,13,9.641592e-05,78,2025-01-01
2025-09-15 00:00:00,2025-09-14 23:00:00,-4,3,9.585819e-05,79,2025-01-01
2025-09-15 00:00:00,2025-09-14 23:00:00,-5,4,9.578411e-05,80,2025-01-01
2025-09-15 00:00:00,2025-09-14 23:00:00,-7,1,9.545628e-05,81,2025-01-01
2025-09-15 00:00:00,2025-09-14 23:00:00,0,-3,9.392492e-05,82,2025-01-01
2025-09-15 00:00:00,2025-09-14 23:00:00,-9,-1,9.348686e-05,83,2025-01-01
2025-09-15 00:00:00,2025-09-14 23:00:00,-1,3,9.343873e-05,84,2025-01-01
2025-09-15 00:00:00,2025-09-14 23:00:00,1,2,9.284192e-05,85,2025-01-01
2025-09-15 00:00:00,2025-09-14 23:00:00,-7,-1,9.280306e-05,86,2025-01-01
2025-09-15 00:00:00,2025-09-14 23:00:00,5,-2,9.2618044e-05,87,2025-01-01
2025-09-15 00:00:00,2025-09-14 23:00:00,-2,3,9.168108e-05,88,2025-01-01
2025-09-15 00:00:00,2025-09-14 23:00:00,6,6,9.063249e-05,89,2025-01-01
2025-09-15 00:00:00,2025-09-14 23:00:00,1,-3,9.045445e-05,90,2025-01-01
2025-09-15 00:00:00,2025-09-14 23:00:00,1,1,8.7032204e-05,91,2025-01-01
2025-09-15 00:00:00,2025-09-14 23:00:00,-4,19,8.669741e-05,92,2025-01-01
2025-09-15 00:00:00,2025-09-14 23:00:00,6,3,8.495169e-05,93,2025-01-01
2025-09-15 00:00:00,2025-09-14 23:00:00,9,-2,8.48445e-05,94,2025-01-01
2025-09-15 00:00:00,2025-09-14 23:00:00,5,3,8.473508e-05,95,2025-01-01
2025-09-15 00:00:00,2025-09-14 23:00:00,10,-1,8.4631814e-05,96,2025-01-01
2025-09-15 00:00:00,2025-09-14 23:00:00,8,-1,8.4481464e-05,97,2025-01-01
2025-09-15 00:00:00,2025-09-14 23:00:00,10,0,8.424854e-05,98,2025-01-01
2025-09-15 00:00:00,2025-09-14 23:00:00,-5,-4,8.299357e-05,99,2025-01-01
2025-09-15 00:00:00,2025-09-14 23:00:00,-3,0,8.036193e-05,100,2025-01-01
2025-09-15 00:00:00,2025-09-14 23:00:00,-4,-4,8.020321e-05,101,2025-01-01
2025-09-15 00:00:00,2025-09-14 23:00:00,-2,1,7.9942714e-05,102,2025-01-01
2025-09-15 00:00:00,2025-09-14 23:00:00,-4,0,7.979845e-05,103,2025-01-01
2025-09-15 00:00:00,2025-09-14 23:00:00,8,1,7.973091e-05,104,2025-01-01
2025-09-15 00:00:00,2025-09-14 23:00:00,-10,10,7.847677e-05,105,2025-01-01
2025-09-15 00:00:00,2025-09-14 23:00:00,-9,6,7.721011e-05,106,2025-01-01
2025-09-15 00:00:00,2025-09-14 23:00:00,2,20,7.7028926e-05,107,2025-01-01
2025-09-15 00:00:00,2025-09-14 23:00:00,1,20,7.700647e-05,108,2025-01-01
2025-09-15 00:00:00,2025-09-14 23:00:00,-5,0,7.681276e-05,109,2025-01-01
2025-09-15 00:00:00,2025-09-14 23:00:00,-10,8,7.517794e-05,110,2025-01-01
2025-09-15 00:00:00,2025-09-14 23:00:00,-8,6,7.485856e-05,111,2025-01-01
2025-09-15 00:00:00,2025-09-14 23:00:00,3,17,7.460062e-05,112,2025-01-01
2025-09-15 00:00:00,2025-09-14 23:00:00,5,-4,7.392103e-05,113,2025-01-01
2025-09-15 00:00:00,2025-09-14 23:00:00,-9,-4,7.345595e-05,114,2025-01-01
2025-09-15 00:00:00,2025-09-14 23:00:00,-5,-5,7.31003e-05,115,2025-01-01
2025-09-15 00:00:00,2025-09-14 23:00:00,0,19,7.298881e-05,116,2025-01-01
2025-09-15 00:00:00,2025-09-14 23:00:00,1,19,7.2949486e-05,117,2025-01-01
2025-09-15 00:00:00,2025-09-14 23:00:00,0,18,7.288778e-05,118,2025-01-01
2025-09-15 00:00:00,2025-09-14 23:00:00,-3,2,7.246003e-05,119,2025-01-01
2025-09-15 00:00:00,2025-09-14 23:00:00,-4,-5,7.118246e-05,120,2025-01-01
2025-09-15 00:00:00,2025-09-14 23:00:00,-1,2,7.1088194e-05,121,2025-01-01
2025-09-15 00:00:00,2025-09-14 23:00:00,5,-3,7.101033e-05,122,2025-01-01
2025-09-15 00:00:00,2025-09-14 23:00:00,-1,18,7.0968534e-05,123,2025-01-01
2025-09-15 00:00:00,2025-09-14 23:00:00,-1,6,7.026572e-05,124,2025-01-01
2025-09-15 00:00:00,2025-09-14 23:00:00,-4,5,6.986402e-05,125,2025-01-01
2025-09-15 00:00:00,2025-09-14 23:00:00,4,14,6.934562e-05,126,2025-01-01
2025-09-15 00:00:00,2025-09-14 23:00:00,5,-1,6.9268026e-05,127,2025-01-01
2025-09-15 00:00:00,2025-09-14 23:00:00,7,11,6.891659e-05,128,2025-01-01
2025-09-15 00:00:00,2025-09-14 23:00:00,-1,5,6.8568384e-05,129,2025-01-01
2025-09-15 00:00:00,2025-09-14 23:00:00,2,8,6.81172e-05,130,2025-01-01
2025-09-15 00:00:00,2025-09-14 23:00:00,-1,8,6.776021e-05,131,2025-01-01
2025-09-15 00:00:00,2025-09-14 23:00:00,6,11,6.6907094e-05,132,2025-01-01
2025-09-15 00:00:00,2025-09-14 23:00:00,2,9,6.685995e-05,133,2025-01-01
2025-09-15 00:00:00,2025-09-14 23:00:00,1,11,6.6076136e-05,134,2025-01-01
2025-09-15 00:00:00,2025-09-14 23:00:00,0,5,6.5401306e-05,135,2025-01-01
2025-09-15 00:00:00,2025-09-14 23:00:00,-4,17,6.497305e-05,136,2025-01-01
2025-09-15 00:00:00,2025-09-14 23:00:00,2,7,6.493218e-05,137,2025-01-01
2025-09-15 00:00:00,2025-09-14 23:00:00,0,9,6.491247e-05,138,2025-01-01
2025-09-15 00:00:00,2025-09-14 23:00:00,-3,18,6.4564345e-05,139,2025-01-01
2025-09-15 00:00:00,2025-09-14 23:00:00,7,-1,6.447923e-05,140,2025-01-01
2025-09-15 00:00:00,2025-09-14 23:00:00,1,6,6.433815e-05,141,2025-01-01
2025-09-15 00:00:00,2025-09-14 23:00:00,1,5,6.405569e-05,142,2025-01-01
2025-09-15 00:00:00,2025-09-14 23:00:00,1,9,6.3869134e-05,143,2025-01-01
2025-09-15 00:00:00,2025-09-14 23:00:00,-3,7,6.301607e-05,144,2025-01-01
2025-09-15 00:00:00,2025-09-14 23:00:00,7,1,6.299513e-05,145,2025-01-01
2025-09-15 00:00:00,2025-09-14 23:00:00,5,2,6.284887e-05,146,2025-01-01
2025-09-15 00:00:00,2025-09-14 23:00:00,-3,15,6.179614e-05,147,2025-01-01
2025-09-15 00:00:00,2025-09-14 23:00:00,-1,9,6.138337e-05,148,2025-01-01
2025-09-15 00:00:00,2025-09-14 23:00:00,4,-4,6.105078e-05,149,2025-01-01
2025-09-15 00:00:00,2025-09-14 23:00:00,0,-5,6.0886017e-05,150,2025-01-01
2025-09-15 00:00:00,2025-09-14 23:00:00,-2,8,6.008318e-05,151,2025-01-01
2025-09-15 00:00:00,2025-09-14 23:00:00,-2,-5,5.9590122e-05,152,2025-01-01
2025-09-15 00:00:00,2025-09-14 23:00:00,-6,15,5.933869e-05,153,2025-01-01
2025-09-15 00:00:00,2025-09-14 23:00:00,-9,-5,5.9028232e-05,154,2025-01-01
2025-09-15 00:00:00,2025-09-14 23:00:00,1,-5,5.9001333e-05,155,2025-01-01
2025-09-15 00:00:00,2025-09-14 23:00:00,-5,15,5.895301e-05,156,2025-01-01
2025-09-15 00:00:00,2025-09-14 23:00:00,-6,8,5.8152204e-05,157,2025-01-01
2025-09-15 00:00:00,2025-09-14 23:00:00,-5,10,5.787867e-05,158,2025-01-01
2025-09-15 00:00:00,2025-09-14 23:00:00,0,14,5.7836976e-05,159,2025-01-01
2025-09-15 00:00:00,2025-09-14 23:00:00,-4,8,5.7337824e-05,160,2025-01-01
2025-09-15 00:00:00,2025-09-14 23:00:00,-2,15,5.67742e-05,161,2025-01-01
2025-09-15 00:00:00,2025-09-14 23:00:00,0,11,5.677043e-05,162,2025-01-01
2025-09-15 00:00:00,2025-09-14 23:00:00,-4,10,5.6712044e-05,163,2025-01-01
2025-09-15 00:00:00,2025-09-14 23:00:00,-5,11,5.645014e-05,164,2025-01-01
2025-09-15 00:00:00,2025-09-14 23:00:00,8,-3,5.6363177e-05,165,2025-01-01
2025-09-15 00:00:00,2025-09-14 23:00:00,-2,13,5.5845205e-05,166,2025-01-01
2025-09-15 00:00:00,2025-09-14 23:00:00,-5,9,5.552961e-05,167,2025-01-01
2025-09-15 00:00:00,2025-09-14 23:00:00,-2,10,5.537627e-05,168,2025-01-01
2025-09-15 00:00:00,2025-09-14 23:00:00,-4,12,5.5019333e-05,169,2025-01-01
2025-09-15 00:00:00,2025-09-14 23:00:00,-1,-6,5.4701988e-05,170,2025-01-01
2025-09-15 00:00:00,2025-09-14 23:00:00,-2,11,5.427325e-05,171,2025-01-01
2025-09-15 00:00:00,2025-09-14 23:00:00,-1,11,5.412246e-05,172,2025-01-01
2025-09-15 00:00:00,2025-09-14 23:00:00,-1,13,5.395831e-05,173,2025-01-01
2025-09-15 00:00:00,2025-09-14 23:00:00,-3,14,5.3323576e-05,174,2025-01-01
2025-09-15 00:00:00,2025-09-14 23:00:00,-2,9,5.2745043e-05,175,2025-01-01
2025-09-15 00:00:00,2025-09-14 23:00:00,4,1,5.229618e-05,176,2025-01-01
2025-09-15 00:00:00,2025-09-14 23:00:00,-3,9,5.2271393e-05,177,2025-01-01
2025-09-15 00:00:00,2025-09-14 23:00:00,-3,11,5.0961728e-05,178,2025-01-01
2025-09-15 00:00:00,2025-09-14 23:00:00,-3,12,5.0793864e-05,179,2025-01-01
2025-09-15 00:00:00,2025-09-14 23:00:00,2,-6,4.8263868e-05,180,2025-01-01
2025-09-15 00:00:00,2025-09-14 23:00:00,8,-4,4.8038313e-05,181,2025-01-01
2025-09-15 00:00:00,2025-09-14 23:00:00,4,-6,4.5586745e-05,182,2025-01-01
2025-09-15 00:00:00,2025-09-14 23:00:00,0,-6,4.471855e-05,183,2025-01-01
2025-09-15 00:00:00,2025-09-14 23:00:00,-1,-7,3.988827e-05,184,2025-01-01
2025-09-15 00:00:00,2025-09-14 23:00:00,2,-7,3.938089e-05,185,2025-01-01
2025-09-15 00:00:00,2025-09-14 23:00:00,1,-7,3.9178438e-05,186,2025-01-01
