grid_x,grid_y,center_latitude,center_longitude,building_count,residential_count,commercial_count,total_floor_area_m2,mean_ground_floors,pages,grid_m,lat0,lon0
-14,-7,35.89781025646825,126.83400193717674,91,31,1,3619.3,0.5494505494505495,1,1000,35.9566125,126.98382
-14,-6,35.90685675547313,126.83400193717674,249,85,10,11040.0,0.6224899598393574,1,1000,35.9566125,126.98382
-14,-5,35.91590325447802,126.83400193717674,155,33,2,4587.8,0.5096774193548387,1,1000,35.9566125,126.98382
-14,-4,35.9249497534829,126.83400193717674,88,6,2,9974.6,0.4659090909090909,1,1000,35.9566125,126.98382
-14,-3,35.93399625248779,126.83400193717674,219,37,3,4696.8,0.3470319634703196,1,1000,35.9566125,126.98382
-13,-8,35.88876375746336,126.84509957145994,275,69,17,11068.2,0.5381818181818182,1,1000,35.9566125,126.98382
-13,-7,35.89781025646825,126.84509957145994,64,22,2,4789.1,0.578125,1,1000,35.9566125,126.98382
-13,-6,35.90685675547313,126.84509957145994,274,59,33,19042.2,0.6824817518248175,1,1000,35.9566125,126.98382
-13,-5,35.91590325447802,126.84509957145994,19,0,1,836.1,0.631578947368421,1,1000,35.9566125,126.98382
-13,-4,35.9249497534829,126.84509957145994,46,3,0,1119.6,0.45652173913043476,1,1000,35.9566125,126.98382
-13,-3,35.93399625248779,126.84509957145994,105,11,2,2230.7,0.44761904761904764,1,1000,35.9566125,126.98382
-12,-8,35.88876375746336,126.85619720574316,255,63,0,20945.9,0.5411764705882353,1,1000,35.9566125,126.98382
-12,-7,35.89781025646825,126.85619720574316,148,35,4,7090.3,0.5337837837837838,1,1000,35.9566125,126.98382
-12,-6,35.90685675547313,126.85619720574316,307,93,10,11145.4,0.501628664495114,1,1000,35.9566125,126.98382
-12,-5,35.91590325447802,126.85619720574316,46,10,0,1244.8,0.45652173913043476,1,1000,35.9566125,126.98382
-12,-4,35.9249497534829,126.85619720574316,278,42,3,6138.9,0.45323741007194246,1,1000,35.9566125,126.98382
-12,-3,35.93399625248779,126.85619720574316,112,19,5,11243.8,0.7410714285714286,1,1000,35.9566125,126.98382
-12,-2,35.94304275149267,126.85619720574316,507,106,7,13276.9,0.45956607495069035,1,1000,35.9566125,126.98382
-12,-1,35.95208925049756,126.85619720574316,118,17,1,2079.4,0.3305084745762712,1,1000,35.9566125,126.98382
-12,6,36.01541474353175,126.85619720574316,101,10,7,2655.9,0.45544554455445546,1,1000,35.9566125,126.98382
-12,7,36.02446124253664,126.85619720574316,156,21,5,9247.5,0.532051282051282,1,1000,35.9566125,126.98382
-12,8,36.03350774154152,126.85619720574316,121,13,0,9743.3,0.48760330578512395,1,1000,35.9566125,126.98382
-12,9,36.04255424054641,126.85619720574316,184,41,6,8294.7,0.5271739130434783,1,1000,35.9566125,126.98382
-12,10,36.05160073955129,126.85619720574316,195,36,2,9128.7,0.3435897435897436,1,1000,35.9566125,126.98382
-12,11,36.06064723855618,126.85619720574316,32,0,1,1076.5,0.28125,1,1000,35.9566125,126.98382
-12,12,36.06969373756106,126.85619720574316,138,10,5,3092.2,0.2753623188405797,1,1000,35.9566125,126.98382
-11,-8,35.88876375746336,126.86729484002636,90,8,0,13477.4,0.5444444444444444,1,1000,35.9566125,126.98382
-11,-7,35.89781025646825,126.86729484002636,47,14,1,3853.8,0.7659574468085106,1,1000,35.9566125,126.98382
-11,-6,35.90685675547313,126.86729484002636,0,0,0,0.0,0.0,1,1000,35.9566125,126.98382
-11,-5,35.91590325447802,126.86729484002636,168,41,5,6500.9,0.5773809523809523,1,1000,35.9566125,126.98382
-11,-4,35.9249497534829,126.86729484002636,312,66,4,8569.0,0.5673076923076923,1,1000,35.9566125,126.98382
-11,-3,35.93399625248779,126.86729484002636,199,50,5,8484.8,0.7035175879396985,1,1000,35.9566125,126.98382
-11,-2,35.94304275149267,126.86729484002636,41,7,0,2002.3,0.6341463414634146,1,1000,35.9566125,126.98382
-11,-1,35.95208925049756,126.86729484002636,493,108,16,20035.5,0.5679513184584178,1,1000,35.9566125,126.98382
-11,0,35.96113574950244,126.86729484002636,674,154,38,85045.6,0.7626112759643917,1,1000,35.9566125,126.98382
-11,1,35.97018224850733,126.86729484002636,146,13,2,68244.3,0.7808219178082192,1,1000,35.9566125,126.98382
-11,2,35.97922874751221,126.86729484002636,355,88,8,23251.8,0.6112676056338028,1,1000,35.9566125,126.98382
-11,4,35.99732174552198,126.86729484002636,331,33,8,23250.3,0.4078549848942598,1,1000,35.9566125,126.98382
-11,5,36.00636824452687,126.86729484002636,283,33,1,28458.9,0.45936395759717313,1,1000,35.9566125,126.98382
-11,6,36.01541474353175,126.86729484002636,98,11,0,3640.0,0.42857142857142855,1,1000,35.9566125,126.98382
-11,7,36.02446124253664,126.86729484002636,193,24,1,11742.3,0.39378238341968913,1,1000,35.9566125,126.98382
-11,8,36.03350774154152,126.86729484002636,18,0,0,895.2,0.4444444444444444,1,1000,35.9566125,126.98382
-11,9,36.04255424054641,126.86729484002636,99,18,0,3095.0,0.41414141414141414,1,1000,35.9566125,126.98382
-11,10,36.05160073955129,126.86729484002636,39,4,1,3634.0,0.38461538461538464,1,1000,35.9566125,126.98382
-11,11,36.06064723855618,126.86729484002636,10,2,0,357.3,0.4,1,1000,35.9566125,126.98382
-11,12,36.06969373756106,126.86729484002636,18,0,1,255.7,0.2777777777777778,1,1000,35.9566125,126.98382
-10,-8,35.88876375746336,126.87839247430956,427,49,10,27375.7,0.4262295081967213,1,1000,35.9566125,126.98382
-10,-7,35.89781025646825,126.87839247430956,235,53,4,12104.0,0.4553191489361702,1,1000,35.9566125,126.98382
-10,-6,35.90685675547313,126.87839247430956,54,7,1,522.9,0.25925925925925924,1,1000,35.9566125,126.98382
-10,-5,35.91590325447802,126.87839247430956,159,30,1,10119.3,0.5220125786163522,1,1000,35.9566125,126.98382
-10,-4,35.9249497534829,126.87839247430956,206,95,4,13998.7,0.7572815533980582,1,1000,35.9566125,126.98382
-10,-3,35.93399625248779,126.87839247430956,282,68,10,16969.7,0.6170212765957447,1,1000,35.9566125,126.98382
-10,-2,35.94304275149267,126.87839247430956,196,37,0,14819.3,0.5714285714285714,1,1000,35.9566125,126.98382
-10,-1,35.95208925049756,126.87839247430956,34,0,0,277.8,0.8529411764705882,1,1000,35.9566125,126.98382
-10,0,35.96113574950244,126.87839247430956,106,15,2,16321.2,0.6037735849056604,1,1000,35.9566125,126.98382
-10,1,35.97018224850733,126.87839247430956,406,90,7,14932.3,0.541871921182266,1,1000,35.9566125,126.98382
-10,2,35.97922874751221,126.87839247430956,840,180,57,43607.6,0.5261904761904762,1,1000,35.9566125,126.98382
-10,4,35.99732174552198,126.87839247430956,216,41,3,5780.9,0.3888888888888889,1,1000,35.9566125,126.98382
-10,5,36.00636824452687,126.87839247430956,530,70,5,69044.3,0.5169811320754717,1,1000,35.9566125,126.98382
-10,6,36.01541474353175,126.87839247430956,406,17,11,108733.8,0.6403940886699507,1,1000,35.9566125,126.98382
-10,7,36.02446124253664,126.87839247430956,167,3,5,19439.6,0.4491017964071856,1,1000,35.9566125,126.98382
-10,8,36.03350774154152,126.87839247430956,171,40,6,5320.2,0.49122807017543857,1,1000,35.9566125,126.98382
-10,9,36.04255424054641,126.87839247430956,53,5,9,3141.9,0.7547169811320755,1,1000,35.9566125,126.98382
-10,10,36.05160073955129,126.87839247430956,172,43,6,6400.5,0.5581395348837209,1,1000,35.9566125,126.98382
-10,11,36.06064723855618,126.87839247430956,325,82,23,15086.6,0.7107692307692308,1,1000,35.9566125,126.98382
-10,12,36.06969373756106,126.87839247430956,126,35,5,15103.7,0.6746031746031746,1,1000,35.9566125,126.98382
-9,-8,35.88876375746336,126.88949010859277,325,39,5,9793.6,0.30153846153846153,1,1000,35.9566125,126.98382
-9,-7,35.89781025646825,126.88949010859277,249,37,6,7178.0,0.3895582329317269,1,1000,35.9566125,126.98382
-9,-6,35.90685675547313,126.88949010859277,129,26,1,2774.5,0.35658914728682173,1,1000,35.9566125,126.98382
-9,-5,35.91590325447802,126.88949010859277,128,40,1,4872.6,0.5859375,1,1000,35.9566125,126.98382
-9,-4,35.9249497534829,126.88949010859277,200,44,2,9958.7,0.465,1,1000,35.9566125,126.98382
-9,-3,35.93399625248779,126.88949010859277,137,35,4,5742.3,0.49635036496350365,1,1000,35.9566125,126.98382
-9,-2,35.94304275149267,126.88949010859277,165,52,3,8737.3,0.6424242424242425,1,1000,35.9566125,126.98382
-9,-1,35.95208925049756,126.88949010859277,148,30,1,4297.9,0.5540540540540541,1,1000,35.9566125,126.98382
-9,0,35.96113574950244,126.88949010859277,159,25,3,2973.8,0.3522012578616352,1,1000,35.9566125,126.98382
-9,1,35.97018224850733,126.88949010859277,66,7,0,5702.9,0.5909090909090909,1,1000,35.9566125,126.98382
-9,2,35.97922874751221,126.88949010859277,73,4,4,3798.5,0.5616438356164384,1,1000,35.9566125,126.98382
-9,3,35.9882752465171,126.88949010859277,66,0,0,35877.3,1.0,1,1000,35.9566125,126.98382
-9,4,35.99732174552198,126.88949010859277,244,36,0,8035.8,0.44672131147540983,1,1000,35.9566125,126.98382
-9,5,36.00636824452687,126.88949010859277,393,45,4,16656.8,0.37150127226463103,1,1000,35.9566125,126.98382
-9,6,36.01541474353175,126.88949010859277,249,34,0,42958.0,0.570281124497992,1,1000,35.9566125,126.98382
-9,7,36.02446124253664,126.88949010859277,223,34,4,19552.0,0.40358744394618834,1,1000,35.9566125,126.98382
-9,8,36.03350774154152,126.88949010859277,316,67,9,30942.1,0.41455696202531644,1,1000,35.9566125,126.98382
-9,9,36.04255424054641,126.88949010859277,156,21,1,6832.1,0.3333333333333333,1,1000,35.9566125,126.98382
-9,10,36.05160073955129,126.88949010859277,40,6,0,545.2,0.225,1,1000,35.9566125,126.98382
-9,11,36.06064723855618,126.88949010859277,69,12,6,3028.3,0.6086956521739131,1,1000,35.9566125,126.98382
-9,12,36.06969373756106,126.88949010859277,32,5,0,10099.9,0.40625,1,1000,35.9566125,126.98382
-8,-7,35.89781025646825,126.90058774287597,229,37,7,12511.3,0.4890829694323144,1,1000,35.9566125,126.98382
-8,-6,35.90685675547313,126.90058774287597,91,16,2,1408.3,0.27472527472527475,1,1000,35.9566125,126.98382
-8,-5,35.91590325447802,126.90058774287597,269,68,4,9542.9,0.5724907063197026,1,1000,35.9566125,126.98382
-8,-4,35.9249497534829,126.90058774287597,128,18,3,4317.6,0.46875,1,1000,35.9566125,126.98382
-8,-3,35.93399625248779,126.90058774287597,57,10,0,7393.7,0.7192982456140351,1,1000,35.9566125,126.98382
-8,-2,35.94304275149267,126.90058774287597,197,55,4,9194.7,0.5736040609137056,1,1000,35.9566125,126.98382
-8,-1,35.95208925049756,126.90058774287597,41,7,0,639.2,0.5853658536585366,1,1000,35.9566125,126.98382
-8,0,35.96113574950244,126.90058774287597,196,43,5,8791.3,0.6581632653061225,1,1000,35.9566125,126.98382
-8,1,35.97018224850733,126.90058774287597,86,11,1,3279.7,0.4883720930232558,1,1000,35.9566125,126.98382
-8,2,35.97922874751221,126.90058774287597,96,5,1,1161.3,0.2604166666666667,1,1000,35.9566125,126.98382
-8,3,35.9882752465171,126.90058774287597,48,0,0,11392.1,1.0,1,1000,35.9566125,126.98382
-8,4,35.99732174552198,126.90058774287597,457,43,2,28548.6,0.5886214442013129,1,1000,35.9566125,126.98382
-8,5,36.00636824452687,126.90058774287597,582,85,9,18863.2,0.4742268041237113,1,1000,35.9566125,126.98382
-8,6,36.01541474353175,126.90058774287597,395,100,10,13784.6,0.4607594936708861,1,1000,35.9566125,126.98382
-8,7,36.02446124253664,126.90058774287597,147,27,4,18565.7,0.43537414965986393,1,1000,35.9566125,126.98382
-8,8,36.03350774154152,126.90058774287597,252,49,4,15493.2,0.5595238095238095,1,1000,35.9566125,126.98382
-8,9,36.04255424054641,126.90058774287597,206,42,8,12781.8,0.6213592233009708,1,1000,35.9566125,126.98382
-8,10,36.05160073955129,126.90058774287597,218,50,3,12804.5,0.6192660550458715,1,1000,35.9566125,126.98382
-8,11,36.06064723855618,126.90058774287597,78,11,7,7019.6,0.8076923076923077,1,1000,35.9566125,126.98382
-8,12,36.06969373756106,126.90058774287597,22,2,0,472.5,0.3181818181818182,1,1000,35.9566125,126.98382
-8,13,36.07874023656595,126.90058774287597,210,27,8,9125.3,0.49523809523809526,1,1000,35.9566125,126.98382
-8,14,36.08778673557083,126.90058774287597,126,28,0,4600.8,0.4523809523809524,1,1000,35.9566125,126.98382
-8,15,36.09683323457572,126.90058774287597,10,0,0,0.0,0.5,1,1000,35.9566125,126.98382
-8,16,36.1058797335806,126.90058774287597,72,0,1,1671.2,0.3194444444444444,1,1000,35.9566125,126.98382
-8,17,36.11492623258549,126.90058774287597,207,47,4,15104.8,0.4927536231884058,1,1000,35.9566125,126.98382
-7,-7,35.89781025646825,126.91168537715917,181,25,3,7347.0,0.3756906077348066,1,1000,35.9566125,126.98382
-7,-6,35.90685675547313,126.91168537715917,62,10,5,4935.0,0.43548387096774194,1,1000,35.9566125,126.98382
-7,-5,35.91590325447802,126.91168537715917,226,61,3,31460.0,0.6238938053097345,1,1000,35.9566125,126.98382
-7,-4,35.9249497534829,126.91168537715917,307,51,9,27924.2,0.46905537459283386,1,1000,35.9566125,126.98382
-7,-3,35.93399625248779,126.91168537715917,285,56,14,13514.5,0.5859649122807018,1,1000,35.9566125,126.98382
-7,-2,35.94304275149267,126.91168537715917,851,201,19,43259.0,0.5699177438307873,1,1000,35.9566125,126.98382
-7,-1,35.95208925049756,126.91168537715917,689,138,27,37887.8,0.6066763425253991,1,1000,35.9566125,126.98382
-7,0,35.96113574950244,126.91168537715917,200,42,0,12615.8,0.56,1,1000,35.9566125,126.98382
-7,1,35.97018224850733,126.91168537715917,353,74,9,18503.8,0.5354107648725213,1,1000,35.9566125,126.98382
-7,2,35.97922874751221,126.91168537715917,58,10,0,1176.1,0.5517241379310345,1,1000,35.9566125,126.98382
-7,3,35.9882752465171,126.91168537715917,129,21,2,3078.1,0.35658914728682173,1,1000,35.9566125,126.98382
-7,4,35.99732174552198,126.91168537715917,8,0,2,1163.1,0.875,1,1000,35.9566125,126.98382
-7,5,36.00636824452687,126.91168537715917,266,65,7,10617.7,0.5526315789473685,1,1000,35.9566125,126.98382
-7,6,36.01541474353175,126.91168537715917,153,35,2,9824.9,0.47058823529411764,1,1000,35.9566125,126.98382
-7,7,36.02446124253664,126.91168537715917,378,75,9,17937.7,0.48148148148148145,1,1000,35.9566125,126.98382
-7,8,36.03350774154152,126.91168537715917,241,47,4,11919.0,0.4190871369294606,1,1000,35.9566125,126.98382
-7,9,36.04255424054641,126.91168537715917,162,17,0,6738.1,0.5246913580246914,1,1000,35.9566125,126.98382
-7,10,36.05160073955129,126.91168537715917,102,13,5,22849.0,0.7941176470588235,1,1000,35.9566125,126.98382
-7,11,36.06064723855618,126.91168537715917,676,178,43,47802.2,0.6094674556213018,1,1000,35.9566125,126.98382
-7,12,36.06969373756106,126.91168537715917,159,27,9,10213.0,0.5157232704402516,1,1000,35.9566125,126.98382
-7,13,36.07874023656595,126.91168537715917,26,2,6,3317.7,0.6538461538461539,1,1000,35.9566125,126.98382
-7,14,36.08778673557083,126.91168537715917,12,0,0,715.0,0.4166666666666667,1,1000,35.9566125,126.98382
-7,15,36.09683323457572,126.91168537715917,5,0,3,308.6,1.0,1,1000,35.9566125,126.98382
-7,16,36.1058797335806,126.91168537715917,36,1,0,1833.1,0.4166666666666667,1,1000,35.9566125,126.98382
-7,17,36.11492623258549,126.91168537715917,47,9,1,1310.8,0.5106382978723404,1,1000,35.9566125,126.98382
-6,-7,35.89781025646825,126.92278301144238,28,3,0,198.3,0.75,1,1000,35.9566125,126.98382
-6,-6,35.90685675547313,126.92278301144238,82,17,1,3723.7,0.47560975609756095,1,1000,35.9566125,126.98382
-6,-5,35.91590325447802,126.92278301144238,199,34,5,21592.5,0.6432160804020101,1,1000,35.9566125,126.98382
-6,-4,35.9249497534829,126.92278301144238,167,43,5,6454.6,0.592814371257485,1,1000,35.9566125,126.98382
-6,-3,35.93399625248779,126.92278301144238,158,17,7,18169.0,1.3354430379746836,1,1000,35.9566125,126.98382
-6,-2,35.94304275149267,126.92278301144238,590,127,17,40150.7,0.964406779661017,1,1000,35.9566125,126.98382
-6,-1,35.95208925049756,126.92278301144238,441,81,24,23349.5,0.7074829931972789,1,1000,35.9566125,126.98382
-6,0,35.96113574950244,126.92278301144238,152,38,1,7073.1,0.6710526315789473,1,1000,35.9566125,126.98382
-6,1,35.97018224850733,126.92278301144238,217,29,5,13285.8,0.6451612903225806,1,1000,35.9566125,126.98382
-6,2,35.97922874751221,126.92278301144238,53,4,0,2793.3,0.6792452830188679,1,1000,35.9566125,126.98382
-6,3,35.9882752465171,126.92278301144238,72,8,0,683.5,0.3611111111111111,1,1000,35.9566125,126.98382
-6,4,35.99732174552198,126.92278301144238,321,67,2,10706.6,0.42990654205607476,1,1000,35.9566125,126.98382
-6,5,36.00636824452687,126.92278301144238,73,14,1,1959.6,0.5205479452054794,1,1000,35.9566125,126.98382
-6,6,36.01541474353175,126.92278301144238,107,24,0,10584.0,0.4766355140186916,1,1000,35.9566125,126.98382
-6,7,36.02446124253664,126.92278301144238,188,52,0,9530.3,0.4148936170212766,1,1000,35.9566125,126.98382
-6,8,36.03350774154152,126.92278301144238,343,78,5,12882.1,0.4314868804664723,1,1000,35.9566125,126.98382
-6,9,36.04255424054641,126.92278301144238,192,45,1,8716.2,0.40625,1,1000,35.9566125,126.98382
-6,10,36.05160073955129,126.92278301144238,212,32,3,14269.7,0.4716981132075472,1,1000,35.9566125,126.98382
-6,11,36.06064723855618,126.92278301144238,201,36,2,7479.0,0.3781094527363184,1,1000,35.9566125,126.98382
-6,12,36.06969373756106,126.92278301144238,224,42,2,21858.2,0.5089285714285714,1,1000,35.9566125,126.98382
-6,13,36.07874023656595,126.92278301144238,172,40,2,10292.2,0.5348837209302325,1,1000,35.9566125,126.98382
-6,14,36.08778673557083,126.92278301144238,126,25,1,2392.4,0.4603174603174603,1,1000,35.9566125,126.98382
-6,15,36.09683323457572,126.92278301144238,226,30,4,9043.6,0.4690265486725664,1,1000,35.9566125,126.98382
-6,16,36.1058797335806,126.92278301144238,313,82,12,13946.4,0.5431309904153354,1,1000,35.9566125,126.98382
-6,17,36.11492623258549,126.92278301144238,211,54,5,9331.5,0.5450236966824644,1,1000,35.9566125,126.98382
-6,18,36.12397273159037,126.92278301144238,356,86,16,13611.1,0.4943820224719101,1,1000,35.9566125,126.98382
-6,19,36.13301923059526,126.92278301144238,181,67,5,7183.3,0.6408839779005525,1,1000,35.9566125,126.98382
-6,20,36.14206572960014,126.92278301144238,42,12,0,1333.1,0.47619047619047616,1,1000,35.9566125,126.98382
-6,21,36.15111222860503,126.92278301144238,180,39,4,11022.9,0.4666666666666667,1,1000,35.9566125,126.98382
-5,-7,35.89781025646825,126.93388064572558,363,94,8,9231.9,0.43526170798898073,1,1000,35.9566125,126.98382
-5,-6,35.90685675547313,126.93388064572558,580,176,22,27265.2,0.5137931034482759,1,1000,35.9566125,126.98382
-5,-5,35.91590325447802,126.93388064572558,652,93,45,88683.6,0.5996932515337423,1,1000,35.9566125,126.98382
-5,-4,35.9249497534829,126.93388064572558,273,48,12,23870.2,0.6776556776556777,1,1000,35.9566125,126.98382
-5,-3,35.93399625248779,126.93388064572558,238,27,24,75428.6,1.3487394957983194,1,1000,35.9566125,126.98382
-5,-2,35.94304275149267,126.93388064572558,1803,514,139,354620.0,1.6161952301719356,2,1000,35.9566125,126.98382
-5,-1,35.95208925049756,126.93388064572558,576,81,53,111418.2,3.4131944444444446,1,1000,35.9566125,126.98382
-5,0,35.96113574950244,126.93388064572558,560,113,35,52355.6,1.0535714285714286,1,1000,35.9566125,126.98382
-5,1,35.97018224850733,126.93388064572558,354,59,14,12492.3,0.6045197740112994,1,1000,35.9566125,126.98382
-5,2,35.97922874751221,126.93388064572558,169,16,7,6145.1,0.6331360946745562,1,1000,35.9566125,126.98382
-5,3,35.9882752465171,126.93388064572558,54,0,0,8583.8,0.7407407407407407,1,1000,35.9566125,126.98382
-5,4,35.99732174552198,126.93388064572558,735,136,19,32685.3,0.4775510204081633,1,1000,35.9566125,126.98382
-5,5,36.00636824452687,126.93388064572558,531,123,7,27365.0,0.5536723163841808,1,1000,35.9566125,126.98382
-5,6,36.01541474353175,126.93388064572558,342,52,3,11849.9,0.5614035087719298,1,1000,35.9566125,126.98382
-5,7,36.02446124253664,126.93388064572558,447,96,2,8762.3,0.5033557046979866,1,1000,35.9566125,126.98382
-5,8,36.03350774154152,126.93388064572558,232,39,2,20728.0,0.41379310344827586,1,1000,35.9566125,126.98382
-5,9,36.04255424054641,126.93388064572558,280,20,4,26735.8,0.4035714285714286,1,1000,35.9566125,126.98382
-5,10,36.05160073955129,126.93388064572558,496,125,3,33172.2,0.49193548387096775,1,1000,35.9566125,126.98382
-5,11,36.06064723855618,126.93388064572558,318,52,5,17490.3,0.42138364779874216,1,1000,35.9566125,126.98382
-5,12,36.06969373756106,126.93388064572558,616,92,15,25925.5,0.46266233766233766,1,1000,35.9566125,126.98382
-5,13,36.07874023656595,126.93388064572558,411,81,7,16170.5,0.43552311435523117,1,1000,35.9566125,126.98382
-5,14,36.08778673557083,126.93388064572558,411,86,23,19143.0,0.49148418491484186,1,1000,35.9566125,126.98382
-5,15,36.09683323457572,126.93388064572558,348,94,7,10074.7,0.45689655172413796,1,1000,35.9566125,126.98382
-5,16,36.1058797335806,126.93388064572558,126,29,1,11739.8,0.6587301587301587,1,1000,35.9566125,126.98382
-5,17,36.11492623258549,126.93388064572558,197,52,2,4949.8,0.4619289340101523,1,1000,35.9566125,126.98382
-5,18,36.12397273159037,126.93388064572558,38,5,0,1187.5,0.7894736842105263,1,1000,35.9566125,126.98382
-5,19,36.13301923059526,126.93388064572558,95,22,3,4792.8,0.631578947368421,1,1000,35.9566125,126.98382
-5,20,36.14206572960014,126.93388064572558,0,0,0,0.0,0.0,1,1000,35.9566125,126.98382
-5,21,36.15111222860503,126.93388064572558,65,7,2,681.6,0.18461538461538463,1,1000,35.9566125,126.98382
-4,-7,35.89781025646825,126.94497828000878,286,78,4,12925.3,0.5384615384615384,1,1000,35.9566125,126.98382
-4,-6,35.90685675547313,126.94497828000878,100,24,2,3584.1,0.55,1,1000,35.9566125,126.98382
-4,-5,35.91590325447802,126.94497828000878,270,75,1,8386.7,0.5703703703703704,1,1000,35.9566125,126.98382
-4,-4,35.9249497534829,126.94497828000878,457,37,56,47172.0,0.6980306345733042,1,1000,35.9566125,126.98382
-4,-3,35.93399625248779,126.94497828000878,2791,729,403,484548.5,1.2221426012182013,3,1000,35.9566125,126.98382
-4,-2,35.94304275149267,126.94497828000878,2486,691,492,683810.9,1.7007240547063556,3,1000,35.9566125,126.98382
-4,-1,35.95208925049756,126.94497828000878,1997,650,196,583213.0,1.4506760140210315,2,1000,35.9566125,126.98382
-4,0,35.96113574950244,126.94497828000878,482,65,28,52635.8,0.6701244813278008,1,1000,35.9566125,126.98382
-4,1,35.97018224850733,126.94497828000878,573,117,9,25215.8,0.5078534031413613,1,1000,35.9566125,126.98382
-4,2,35.97922874751221,126.94497828000878,603,128,16,38491.2,0.593698175787728,1,1000,35.9566125,126.98382
-4,3,35.9882752465171,126.94497828000878,10,0,0,4858.0,1.0,1,1000,35.9566125,126.98382
-4,4,35.99732174552198,126.94497828000878,1219,271,74,113041.2,0.6505332239540607,2,1000,35.9566125,126.98382
-4,5,36.00636824452687,126.94497828000878,1558,414,103,84922.8,0.6534017971758665,2,1000,35.9566125,126.98382
-4,6,36.01541474353175,126.94497828000878,411,62,14,23806.3,0.51338199513382,1,1000,35.9566125,126.98382
-4,7,36.02446124253664,126.94497828000878,521,40,19,29011.9,0.3685220729366603,1,1000,35.9566125,126.98382
-4,8,36.03350774154152,126.94497828000878,345,52,5,17892.4,0.518840579710145,1,1000,35.9566125,126.98382
-4,9,36.04255424054641,126.94497828000878,269,32,0,6584.7,0.3382899628252788,1,1000,35.9566125,126.98382
-4,10,36.05160073955129,126.94497828000878,228,43,4,7158.2,0.4692982456140351,1,1000,35.9566125,126.98382
-4,11,36.06064723855618,126.94497828000878,38,0,0,2878.3,0.868421052631579,1,1000,35.9566125,126.98382
-4,12,36.06969373756106,126.94497828000878,170,26,5,11548.1,0.5235294117647059,1,1000,35.9566125,126.98382
-4,13,36.07874023656595,126.94497828000878,90,2,1,7377.7,0.4222222222222222,1,1000,35.9566125,126.98382
-4,14,36.08778673557083,126.94497828000878,41,9,1,1695.3,0.6341463414634146,1,1000,35.9566125,126.98382
-4,15,36.09683323457572,126.94497828000878,128,35,4,5206.1,0.484375,1,1000,35.9566125,126.98382
-4,16,36.1058797335806,126.94497828000878,153,35,5,5949.0,0.48366013071895425,1,1000,35.9566125,126.98382
-4,17,36.11492623258549,126.94497828000878,239,46,0,13229.5,0.5481171548117155,1,1000,35.9566125,126.98382
-4,18,36.12397273159037,126.94497828000878,52,2,2,843.9,0.36538461538461536,1,1000,35.9566125,126.98382
-4,19,36.13301923059526,126.94497828000878,587,163,14,25165.8,0.4991482112436116,1,1000,35.9566125,126.98382
-4,20,36.14206572960014,126.94497828000878,4,0,0,0.0,1.0,1,1000,35.9566125,126.98382
-4,21,36.15111222860503,126.94497828000878,0,0,0,0.0,0.0,1,1000,35.9566125,126.98382
-3,-9,35.87971725845848,126.95607591429199,268,29,17,11937.9,0.4253731343283582,1,1000,35.9566125,126.98382
-3,-8,35.88876375746336,126.95607591429199,456,104,5,8086.5,0.40789473684210525,1,1000,35.9566125,126.98382
-3,-7,35.89781025646825,126.95607591429199,494,128,12,46921.3,0.5809716599190283,1,1000,35.9566125,126.98382
-3,-6,35.90685675547313,126.95607591429199,260,69,2,14574.9,0.5615384615384615,1,1000,35.9566125,126.98382
-3,-5,35.91590325447802,126.95607591429199,576,152,14,25288.9,0.53125,1,1000,35.9566125,126.98382
-3,-4,35.9249497534829,126.95607591429199,895,178,136,280045.7,1.341899441340782,1,1000,35.9566125,126.98382
-3,-3,35.93399625248779,126.95607591429199,4494,1720,462,628046.2,1.2047174009790833,5,1000,35.9566125,126.98382
-3,-2,35.94304275149267,126.95607591429199,3042,1211,377,550164.5,1.3911900065746219,4,1000,35.9566125,126.98382
-3,-1,35.95208925049756,126.95607591429199,3610,1720,364,572942.5,1.2958448753462604,4,1000,35.9566125,126.98382
-3,0,35.96113574950244,126.95607591429199,2427,1106,311,549956.6,1.9283065512978987,3,1000,35.9566125,126.98382
-3,1,35.97018224850733,126.95607591429199,673,139,22,383382.2,1.1857355126300149,1,1000,35.9566125,126.98382
-3,2,35.97922874751221,126.95607591429199,292,58,24,49661.4,1.0273972602739727,1,1000,35.9566125,126.98382
-3,3,35.9882752465171,126.95607591429199,29,4,3,959.4,0.7586206896551724,1,1000,35.9566125,126.98382
-3,4,35.99732174552198,126.95607591429199,333,24,6,21447.5,0.43843843843843844,1,1000,35.9566125,126.98382
-3,5,36.00636824452687,126.95607591429199,86,6,6,7116.4,0.6162790697674418,1,1000,35.9566125,126.98382
-3,6,36.01541474353175,126.95607591429199,532,119,13,28953.1,0.5714285714285714,1,1000,35.9566125,126.98382
-3,7,36.02446124253664,126.95607591429199,484,56,2,48978.1,0.42768595041322316,1,1000,35.9566125,126.98382
-3,8,36.03350774154152,126.95607591429199,184,9,2,7919.6,0.7989130434782609,1,1000,35.9566125,126.98382
-3,9,36.04255424054641,126.95607591429199,400,45,13,18111.2,0.4525,1,1000,35.9566125,126.98382
-3,10,36.05160073955129,126.95607591429199,184,30,3,14133.6,0.43478260869565216,1,1000,35.9566125,126.98382
-3,11,36.06064723855618,126.95607591429199,311,64,11,19226.2,0.4630225080385852,1,1000,35.9566125,126.98382
-3,12,36.06969373756106,126.95607591429199,226,43,5,9926.4,0.6017699115044248,1,1000,35.9566125,126.98382
-3,13,36.07874023656595,126.95607591429199,1058,214,164,94049.0,0.9017013232514177,2,1000,35.9566125,126.98382
-3,14,36.08778673557083,126.95607591429199,570,132,13,15589.6,0.4824561403508772,1,1000,35.9566125,126.98382
-3,15,36.09683323457572,126.95607591429199,191,44,5,6572.6,0.5130890052356021,1,1000,35.9566125,126.98382
-3,16,36.1058797335806,126.95607591429199,19,0,1,170.4,0.8421052631578947,1,1000,35.9566125,126.98382
-3,17,36.11492623258549,126.95607591429199,596,122,50,30509.5,0.6476510067114094,1,1000,35.9566125,126.98382
-3,18,36.12397273159037,126.95607591429199,703,175,32,26789.6,0.534850640113798,1,1000,35.9566125,126.98382
-3,19,36.13301923059526,126.95607591429199,356,117,12,14116.6,0.5926966292134831,1,1000,35.9566125,126.98382
-3,20,36.14206572960014,126.95607591429199,189,48,6,6124.1,0.4444444444444444,1,1000,35.9566125,126.98382
-3,21,36.15111222860503,126.95607591429199,7,0,0,0.0,1.0,1,1000,35.9566125,126.98382
-2,-9,35.87971725845848,126.96717354857519,205,31,10,35998.8,0.6682926829268293,1,1000,35.9566125,126.98382
-2,-8,35.88876375746336,126.96717354857519,791,236,38,49263.4,0.5524652338811631,1,1000,35.9566125,126.98382
-2,-7,35.89781025646825,126.96717354857519,139,17,12,13281.9,0.6834532374100719,1,1000,35.9566125,126.98382
-2,-6,35.90685675547313,126.96717354857519,20,1,0,367.4,0.45,1,1000,35.9566125,126.98382
-2,-5,35.91590325447802,126.96717354857519,192,46,1,5036.7,0.5052083333333334,1,1000,35.9566125,126.98382
-2,-4,35.9249497534829,126.96717354857519,620,148,40,95421.9,1.0758064516129033,1,1000,35.9566125,126.98382
-2,-3,35.93399625248779,126.96717354857519,2155,719,170,576702.9,1.4682134570765661,3,1000,35.9566125,126.98382
-2,-2,35.94304275149267,126.96717354857519,1855,588,138,464941.1,1.4555256064690028,2,1000,35.9566125,126.98382
-2,-1,35.95208925049756,126.96717354857519,2329,810,254,581119.6,1.3482181193645342,3,1000,35.9566125,126.98382
-2,0,35.96113574950244,126.96717354857519,1247,510,208,524797.0,1.9510825982357658,2,1000,35.9566125,126.98382
-2,1,35.97018224850733,126.96717354857519,256,48,4,19218.8,0.8125,1,1000,35.9566125,126.98382
-2,2,35.97922874751221,126.96717354857519,90,18,1,3280.4,0.6,1,1000,35.9566125,126.98382
-2,3,35.9882752465171,126.96717354857519,145,34,0,6623.5,0.6137931034482759,1,1000,35.9566125,126.98382
-2,4,35.99732174552198,126.96717354857519,504,117,7,21652.5,0.48412698412698413,1,1000,35.9566125,126.98382
-2,5,36.00636824452687,126.96717354857519,62,11,1,4877.3,0.6451612903225806,1,1000,35.9566125,126.98382
-2,6,36.01541474353175,126.96717354857519,146,37,0,4500.2,0.5068493150684932,1,1000,35.9566125,126.98382
-2,7,36.02446124253664,126.96717354857519,250,36,3,7531.1,0.668,1,1000,35.9566125,126.98382
-2,8,36.03350774154152,126.96717354857519,201,29,1,5485.1,0.44776119402985076,1,1000,35.9566125,126.98382
-2,9,36.04255424054641,126.96717354857519,164,13,4,14499.9,0.5670731707317073,1,1000,35.9566125,126.98382
-2,10,36.05160073955129,126.96717354857519,153,12,3,10249.6,0.41830065359477125,1,1000,35.9566125,126.98382
-2,11,36.06064723855618,126.96717354857519,351,57,13,22242.3,0.4928774928774929,1,1000,35.9566125,126.98382
-2,12,36.06969373756106,126.96717354857519,513,46,28,32253.7,0.5477582846003899,1,1000,35.9566125,126.98382
-2,13,36.07874023656595,126.96717354857519,935,197,90,150733.7,0.9497326203208556,1,1000,35.9566125,126.98382
-2,14,36.08778673557083,126.96717354857519,176,24,7,13196.4,0.6420454545454546,1,1000,35.9566125,126.98382
-2,15,36.09683323457572,126.96717354857519,777,191,28,27237.3,0.4723294723294723,1,1000,35.9566125,126.98382
-2,16,36.1058797335806,126.96717354857519,145,30,4,9109.3,0.5724137931034483,1,1000,35.9566125,126.98382
-2,17,36.11492623258549,126.96717354857519,9,0,0,0.0,1.0,1,1000,35.9566125,126.98382
-2,18,36.12397273159037,126.96717354857519,148,38,2,3771.0,0.43243243243243246,1,1000,35.9566125,126.98382
-2,19,36.13301923059526,126.96717354857519,72,20,1,2063.4,0.5,1,1000,35.9566125,126.98382
-2,20,36.14206572960014,126.96717354857519,244,58,2,6361.0,0.4139344262295082,1,1000,35.9566125,126.98382
-2,21,36.15111222860503,126.96717354857519,11,2,1,517.8,0.7272727272727273,1,1000,35.9566125,126.98382
-1,-9,35.87971725845848,126.97827118285839,429,136,13,50623.6,0.668997668997669,1,1000,35.9566125,126.98382
-1,-8,35.88876375746336,126.97827118285839,6,0,1,537.7,0.6666666666666666,1,1000,35.9566125,126.98382
-1,-7,35.89781025646825,126.97827118285839,153,30,3,5049.7,0.45751633986928103,1,1000,35.9566125,126.98382
-1,-6,35.90685675547313,126.97827118285839,247,55,2,7474.9,0.43724696356275305,1,1000,35.9566125,126.98382
-1,-5,35.91590325447802,126.97827118285839,289,28,18,31338.6,0.6366782006920415,1,1000,35.9566125,126.98382
-1,-4,35.9249497534829,126.97827118285839,447,44,37,32195.4,0.6644295302013423,1,1000,35.9566125,126.98382
-1,-3,35.93399625248779,126.97827118285839,945,137,41,72244.8,0.7206349206349206,1,1000,35.9566125,126.98382
-1,-2,35.94304275149267,126.97827118285839,977,70,30,322667.1,0.8085977482088025,1,1000,35.9566125,126.98382
-1,-1,35.95208925049756,126.97827118285839,1168,519,82,862392.8,2.2919520547945207,2,1000,35.9566125,126.98382
-1,0,35.96113574950244,126.97827118285839,855,419,206,1277653.7,3.6538011695906434,1,1000,35.9566125,126.98382
-1,1,35.97018224850733,126.97827118285839,314,59,22,23256.8,0.8949044585987261,1,1000,35.9566125,126.98382
-1,2,35.97922874751221,126.97827118285839,254,73,14,18816.1,0.8188976377952756,1,1000,35.9566125,126.98382
-1,3,35.9882752465171,126.97827118285839,482,116,10,23809.4,0.5684647302904564,1,1000,35.9566125,126.98382
-1,4,35.99732174552198,126.97827118285839,188,52,1,8561.8,0.7074468085106383,1,1000,35.9566125,126.98382
-1,5,36.00636824452687,126.97827118285839,154,34,2,3479.8,0.6103896103896104,1,1000,35.9566125,126.98382
-1,6,36.01541474353175,126.97827118285839,580,187,9,22949.7,0.593103448275862,1,1000,35.9566125,126.98382
-1,7,36.02446124253664,126.97827118285839,298,58,20,22662.8,0.6711409395973155,1,1000,35.9566125,126.98382
-1,8,36.03350774154152,126.97827118285839,242,45,2,22364.9,0.6239669421487604,1,1000,35.9566125,126.98382
-1,9,36.04255424054641,126.97827118285839,360,28,2,29629.5,0.55,1,1000,35.9566125,126.98382
-1,10,36.05160073955129,126.97827118285839,313,53,6,13370.3,0.4185303514376997,1,1000,35.9566125,126.98382
-1,11,36.06064723855618,126.97827118285839,274,11,8,16407.0,0.46715328467153283,1,1000,35.9566125,126.98382
-1,12,36.06969373756106,126.97827118285839,215,30,3,7600.7,0.5069767441860465,1,1000,35.9566125,126.98382
-1,13,36.07874023656595,126.97827118285839,429,80,3,22669.1,0.4592074592074592,1,1000,35.9566125,126.98382
-1,14,36.08778673557083,126.97827118285839,340,74,5,8967.3,0.45294117647058824,1,1000,35.9566125,126.98382
-1,15,36.09683323457572,126.97827118285839,38,1,1,604.2,0.8947368421052632,1,1000,35.9566125,126.98382
-1,16,36.1058797335806,126.97827118285839,18,0,0,8338.6,0.7777777777777778,1,1000,35.9566125,126.98382
-1,17,36.11492623258549,126.97827118285839,40,8,1,3553.7,0.6,1,1000,35.9566125,126.98382
-1,18,36.12397273159037,126.97827118285839,159,50,6,8228.2,0.5157232704402516,1,1000,35.9566125,126.98382
-1,19,36.13301923059526,126.97827118285839,34,3,0,240.3,0.4117647058823529,1,1000,35.9566125,126.98382
-1,20,36.14206572960014,126.97827118285839,58,13,1,1453.6,0.5517241379310345,1,1000,35.9566125,126.98382
-1,21,36.15111222860503,126.97827118285839,41,0,1,339.4,0.9512195121951219,1,1000,35.9566125,126.98382
-1,22,36.16015872760991,126.97827118285839,929,143,21,21514.5,0.3369214208826695,1,1000,35.9566125,126.98382
0,-9,35.87971725845848,126.9893688171416,452,127,16,36614.9,0.6128318584070797,1,1000,35.9566125,126.98382
0,-8,35.88876375746336,126.9893688171416,234,82,5,7133.3,0.5085470085470085,1,1000,35.9566125,126.98382
0,-7,35.89781025646825,126.9893688171416,41,7,1,1038.2,0.43902439024390244,1,1000,35.9566125,126.98382
0,-6,35.90685675547313,126.9893688171416,14,0,2,2060.4,0.7857142857142857,1,1000,35.9566125,126.98382
0,-5,35.91590325447802,126.9893688171416,223,26,6,10504.3,0.6547085201793722,1,1000,35.9566125,126.98382
0,-4,35.9249497534829,126.9893688171416,18,0,0,452.1,0.7777777777777778,1,1000,35.9566125,126.98382
0,-3,35.93399625248779,126.9893688171416,51,0,2,3758.2,0.9411764705882353,1,1000,35.9566125,126.98382
0,-2,35.94304275149267,126.9893688171416,333,32,21,77582.4,0.7837837837837838,1,1000,35.9566125,126.98382
0,-1,35.95208925049756,126.9893688171416,757,172,99,410783.8,2.0409511228533685,1,1000,35.9566125,126.98382
0,0,35.96113574950244,126.9893688171416,709,218,221,992541.5,4.119887165021156,1,1000,35.9566125,126.98382
0,1,35.97018224850733,126.9893688171416,435,101,17,26243.1,1.0873563218390805,1,1000,35.9566125,126.98382
0,2,35.97922874751221,126.9893688171416,101,14,1,2970.8,0.5643564356435643,1,1000,35.9566125,126.98382
0,3,35.9882752465171,126.9893688171416,378,97,12,14284.2,0.5238095238095238,1,1000,35.9566125,126.98382
0,4,35.99732174552198,126.9893688171416,227,68,4,10445.4,0.6343612334801763,1,1000,35.9566125,126.98382
0,5,36.00636824452687,126.9893688171416,248,67,3,10599.3,0.6209677419354839,1,1000,35.9566125,126.98382
0,6,36.01541474353175,126.9893688171416,133,19,11,7538.9,0.5939849624060151,1,1000,35.9566125,126.98382
0,7,36.02446124253664,126.9893688171416,192,53,4,14259.4,0.609375,1,1000,35.9566125,126.98382
0,8,36.03350774154152,126.9893688171416,429,83,8,12553.6,0.6713286713286714,1,1000,35.9566125,126.98382
0,9,36.04255424054641,126.9893688171416,231,42,0,10289.9,0.7229437229437229,1,1000,35.9566125,126.98382
0,10,36.05160073955129,126.9893688171416,360,82,12,16148.8,0.5055555555555555,1,1000,35.9566125,126.98382
0,11,36.06064723855618,126.9893688171416,328,66,4,9921.4,0.4573170731707317,1,1000,35.9566125,126.98382
0,12,36.06969373756106,126.9893688171416,214,37,3,9431.6,0.411214953271028,1,1000,35.9566125,126.98382
0,13,36.07874023656595,126.9893688171416,171,42,8,9446.3,0.5497076023391813,1,1000,35.9566125,126.98382
0,14,36.08778673557083,126.9893688171416,116,24,3,4062.9,0.49137931034482757,1,1000,35.9566125,126.98382
0,15,36.09683323457572,126.9893688171416,223,55,2,6751.4,0.5381165919282511,1,1000,35.9566125,126.98382
0,16,36.1058797335806,126.9893688171416,296,80,18,10134.6,0.47635135135135137,1,1000,35.9566125,126.98382
0,17,36.11492623258549,126.9893688171416,443,127,9,13937.2,0.47404063205417607,1,1000,35.9566125,126.98382
0,18,36.12397273159037,126.9893688171416,125,45,1,5090.2,0.584,1,1000,35.9566125,126.98382
0,19,36.13301923059526,126.9893688171416,70,9,2,4129.2,0.5571428571428572,1,1000,35.9566125,126.98382
0,20,36.14206572960014,126.9893688171416,110,21,3,2541.4,0.4090909090909091,1,1000,35.9566125,126.98382
0,21,36.15111222860503,126.9893688171416,134,2,3,5023.5,0.7835820895522388,1,1000,35.9566125,126.98382
0,22,36.16015872760991,126.9893688171416,436,32,7,6730.3,0.6399082568807339,1,1000,35.9566125,126.98382
1,-9,35.87971725845848,127.0004664514248,251,61,21,44885.1,0.6932270916334662,1,1000,35.9566125,126.98382
1,-8,35.88876375746336,127.0004664514248,226,77,4,7078.9,0.49557522123893805,1,1000,35.9566125,126.98382
1,-7,35.89781025646825,127.0004664514248,527,155,22,33197.6,0.6432637571157496,1,1000,35.9566125,126.98382
1,-6,35.90685675547313,127.0004664514248,213,61,3,7766.2,0.4835680751173709,1,1000,35.9566125,126.98382
1,-5,35.91590325447802,127.0004664514248,207,48,2,7690.9,0.463768115942029,1,1000,35.9566125,126.98382
1,-4,35.9249497534829,127.0004664514248,43,8,0,889.8,0.4186046511627907,1,1000,35.9566125,126.98382
1,-3,35.93399625248779,127.0004664514248,73,6,4,3860.1,0.8356164383561644,1,1000,35.9566125,126.98382
1,-2,35.94304275149267,127.0004664514248,772,127,39,114387.0,0.7422279792746114,1,1000,35.9566125,126.98382
1,-1,35.95208925049756,127.0004664514248,621,60,14,374816.6,1.0933977455716586,1,1000,35.9566125,126.98382
1,0,35.96113574950244,127.0004664514248,470,107,59,485601.5,2.246808510638298,1,1000,35.9566125,126.98382
1,1,35.97018224850733,127.0004664514248,120,16,3,33765.6,0.925,1,1000,35.9566125,126.98382
1,2,35.97922874751221,127.0004664514248,180,53,1,6663.3,0.6888888888888889,1,1000,35.9566125,126.98382
1,3,35.9882752465171,127.0004664514248,117,21,1,4666.2,0.3333333333333333,1,1000,35.9566125,126.98382
1,4,35.99732174552198,127.0004664514248,277,48,3,6442.5,0.4693140794223827,1,1000,35.9566125,126.98382
1,5,36.00636824452687,127.0004664514248,156,13,1,14882.7,0.5064102564102564,1,1000,35.9566125,126.98382
1,6,36.01541474353175,127.0004664514248,184,45,2,7983.8,0.5869565217391305,1,1000,35.9566125,126.98382
1,7,36.02446124253664,127.0004664514248,238,54,5,9912.3,0.47058823529411764,1,1000,35.9566125,126.98382
1,8,36.03350774154152,127.0004664514248,128,7,1,14546.9,0.8828125,1,1000,35.9566125,126.98382
1,9,36.04255424054641,127.0004664514248,214,32,0,19395.8,0.9953271028037384,1,1000,35.9566125,126.98382
1,10,36.05160073955129,127.0004664514248,213,34,3,17821.9,0.5117370892018779,1,1000,35.9566125,126.98382
1,11,36.06064723855618,127.0004664514248,343,46,8,19647.3,0.5131195335276968,1,1000,35.9566125,126.98382
1,12,36.06969373756106,127.0004664514248,7,0,0,0.0,0.8571428571428571,1,1000,35.9566125,126.98382
1,13,36.07874023656595,127.0004664514248,492,104,9,21225.1,0.4329268292682927,1,1000,35.9566125,126.98382
1,14,36.08778673557083,127.0004664514248,199,31,6,15538.9,0.5678391959798995,1,1000,35.9566125,126.98382
1,15,36.09683323457572,127.0004664514248,180,36,10,6398.9,0.5833333333333334,1,1000,35.9566125,126.98382
1,16,36.1058797335806,127.0004664514248,344,81,5,15585.5,0.5261627906976745,1,1000,35.9566125,126.98382
1,17,36.11492623258549,127.0004664514248,378,119,8,13249.7,0.5185185185185185,1,1000,35.9566125,126.98382
1,18,36.12397273159037,127.0004664514248,271,69,3,11508.3,0.5313653136531366,1,1000,35.9566125,126.98382
1,19,36.13301923059526,127.0004664514248,517,107,13,17141.1,0.5203094777562862,1,1000,35.9566125,126.98382
1,20,36.14206572960014,127.0004664514248,158,29,2,4104.3,0.43670886075949367,1,1000,35.9566125,126.98382
1,21,36.15111222860503,127.0004664514248,22,1,0,83.8,0.13636363636363635,1,1000,35.9566125,126.98382
1,22,36.16015872760991,127.0004664514248,164,25,3,6287.9,0.4634146341463415,1,1000,35.9566125,126.98382
2,-9,35.87971725845848,127.011564085708,27,6,0,300.3,0.7407407407407407,1,1000,35.9566125,126.98382
2,-8,35.88876375746336,127.011564085708,23,3,0,5860.5,0.7391304347826086,1,1000,35.9566125,126.98382
2,-7,35.89781025646825,127.011564085708,354,87,12,18872.9,0.5310734463276836,1,1000,35.9566125,126.98382
2,-6,35.90685675547313,127.011564085708,157,40,3,12175.2,0.5796178343949044,1,1000,35.9566125,126.98382
2,-5,35.91590325447802,127.011564085708,124,30,0,5151.6,0.5483870967741935,1,1000,35.9566125,126.98382
2,-4,35.9249497534829,127.011564085708,5,0,0,195.0,1.0,1,1000,35.9566125,126.98382
2,-3,35.93399625248779,127.011564085708,494,140,12,17350.7,0.6012145748987854,1,1000,35.9566125,126.98382
2,-2,35.94304275149267,127.011564085708,206,4,17,77834.1,0.9271844660194175,1,1000,35.9566125,126.98382
2,-1,35.95208925049756,127.011564085708,545,25,6,310131.4,0.7706422018348624,1,1000,35.9566125,126.98382
2,0,35.96113574950244,127.011564085708,465,49,15,535751.0,1.0580645161290323,1,1000,35.9566125,126.98382
2,1,35.97018224850733,127.011564085708,210,40,23,117573.6,1.361904761904762,1,1000,35.9566125,126.98382
2,2,35.97922874751221,127.011564085708,236,44,1,6181.2,0.5211864406779662,1,1000,35.9566125,126.98382
2,3,35.9882752465171,127.011564085708,279,55,4,9977.8,0.5698924731182796,1,1000,35.9566125,126.98382
2,4,35.99732174552198,127.011564085708,104,16,1,4258.6,0.5096153846153846,1,1000,35.9566125,126.98382
2,5,36.00636824452687,127.011564085708,109,9,4,4954.6,0.46788990825688076,1,1000,35.9566125,126.98382
2,6,36.01541474353175,127.011564085708,234,63,3,6119.1,0.5897435897435898,1,1000,35.9566125,126.98382
2,7,36.02446124253664,127.011564085708,322,38,10,56039.5,0.5559006211180124,1,1000,35.9566125,126.98382
2,8,36.03350774154152,127.011564085708,308,63,21,12538.1,0.487012987012987,1,1000,35.9566125,126.98382
2,9,36.04255424054641,127.011564085708,209,39,2,7194.0,0.46411483253588515,1,1000,35.9566125,126.98382
2,10,36.05160073955129,127.011564085708,258,27,0,6940.9,0.3372093023255814,1,1000,35.9566125,126.98382
2,11,36.06064723855618,127.011564085708,87,11,1,2315.8,0.41379310344827586,1,1000,35.9566125,126.98382
2,12,36.06969373756106,127.011564085708,449,77,13,14108.0,0.37861915367483295,1,1000,35.9566125,126.98382
2,13,36.07874023656595,127.011564085708,316,42,19,17198.0,0.4525316455696203,1,1000,35.9566125,126.98382
2,14,36.08778673557083,127.011564085708,284,23,4,23108.6,0.5633802816901409,1,1000,35.9566125,126.98382
2,15,36.09683323457572,127.011564085708,289,42,2,18160.9,0.4671280276816609,1,1000,35.9566125,126.98382
2,16,36.1058797335806,127.011564085708,114,3,0,37753.3,0.6929824561403509,1,1000,35.9566125,126.98382
2,17,36.11492623258549,127.011564085708,161,36,2,10332.6,0.4782608695652174,1,1000,35.9566125,126.98382
2,18,36.12397273159037,127.011564085708,212,24,5,10305.0,0.37735849056603776,1,1000,35.9566125,126.98382
2,19,36.13301923059526,127.011564085708,192,31,2,5161.2,0.390625,1,1000,35.9566125,126.98382
2,20,36.14206572960014,127.011564085708,526,114,7,22713.7,0.4429657794676806,1,1000,35.9566125,126.98382
2,21,36.15111222860503,127.011564085708,2092,453,132,139656.5,0.5812619502868069,3,1000,35.9566125,126.98382
2,22,36.16015872760991,127.011564085708,2236,487,373,208573.2,0.7768336314847942,3,1000,35.9566125,126.98382
3,-9,35.87971725845848,127.0226617199912,71,25,0,2416.3,0.5633802816901409,1,1000,35.9566125,126.98382
3,-8,35.88876375746336,127.0226617199912,428,104,10,14072.6,0.4696261682242991,1,1000,35.9566125,126.98382
3,-7,35.89781025646825,127.0226617199912,270,76,2,8812.3,0.5370370370370371,1,1000,35.9566125,126.98382
3,-6,35.90685675547313,127.0226617199912,1,0,0,328.2,1.0,1,1000,35.9566125,126.98382
3,-5,35.91590325447802,127.0226617199912,44,9,0,674.9,0.5454545454545454,1,1000,35.9566125,126.98382
3,-4,35.9249497534829,127.0226617199912,33,0,0,8987.7,0.8787878787878788,1,1000,35.9566125,126.98382
3,-3,35.93399625248779,127.0226617199912,441,101,15,23297.1,0.5782312925170068,1,1000,35.9566125,126.98382
3,-2,35.94304275149267,127.0226617199912,298,63,2,15428.5,0.4865771812080537,1,1000,35.9566125,126.98382
3,-1,35.95208925049756,127.0226617199912,279,49,9,128551.8,0.6774193548387096,1,1000,35.9566125,126.98382
3,0,35.96113574950244,127.0226617199912,284,48,10,726571.6,1.0774647887323943,1,1000,35.9566125,126.98382
3,1,35.97018224850733,127.0226617199912,294,27,50,29497.8,0.9319727891156463,1,1000,35.9566125,126.98382
3,2,35.97922874751221,127.0226617199912,196,40,4,6969.5,0.6836734693877551,1,1000,35.9566125,126.98382
3,3,35.9882752465171,127.0226617199912,180,35,4,10195.4,0.6888888888888889,1,1000,35.9566125,126.98382
3,4,35.99732174552198,127.0226617199912,166,32,0,4006.9,0.6144578313253012,1,1000,35.9566125,126.98382
3,5,36.00636824452687,127.0226617199912,385,81,17,16116.0,0.5012987012987012,1,1000,35.9566125,126.98382
3,6,36.01541474353175,127.0226617199912,245,46,12,7153.9,0.5265306122448979,1,1000,35.9566125,126.98382
3,7,36.02446124253664,127.0226617199912,155,43,8,6272.7,0.7096774193548387,1,1000,35.9566125,126.98382
3,8,36.03350774154152,127.0226617199912,174,39,2,7679.1,0.6149425287356322,1,1000,35.9566125,126.98382
3,9,36.04255424054641,127.0226617199912,388,73,9,10174.0,0.44072164948453607,1,1000,35.9566125,126.98382
3,10,36.05160073955129,127.0226617199912,136,18,3,9615.5,0.4852941176470588,1,1000,35.9566125,126.98382
3,11,36.06064723855618,127.0226617199912,325,50,10,14064.7,0.41846153846153844,1,1000,35.9566125,126.98382
3,12,36.06969373756106,127.0226617199912,237,35,6,11268.2,0.3291139240506329,1,1000,35.9566125,126.98382
3,13,36.07874023656595,127.0226617199912,199,44,0,10861.6,0.5276381909547738,1,1000,35.9566125,126.98382
3,14,36.08778673557083,127.0226617199912,196,18,7,10611.1,0.5663265306122449,1,1000,35.9566125,126.98382
3,15,36.09683323457572,127.0226617199912,182,24,0,4406.5,0.4175824175824176,1,1000,35.9566125,126.98382
3,16,36.1058797335806,127.0226617199912,433,70,9,18535.1,0.47113163972286376,1,1000,35.9566125,126.98382
3,17,36.11492623258549,127.0226617199912,206,24,3,3910.7,0.49514563106796117,1,1000,35.9566125,126.98382
3,18,36.12397273159037,127.0226617199912,294,34,9,6697.8,0.4421768707482993,1,1000,35.9566125,126.98382
3,19,36.13301923059526,127.0226617199912,471,94,22,20669.1,0.4713375796178344,1,1000,35.9566125,126.98382
3,20,36.14206572960014,127.0226617199912,1035,185,29,90941.8,0.47729468599033814,2,1000,35.9566125,126.98382
3,21,36.15111222860503,127.0226617199912,1084,242,34,100756.4,0.5202952029520295,2,1000,35.9566125,126.98382
3,22,36.16015872760991,127.0226617199912,1307,302,111,103461.4,0.6243305279265493,2,1000,35.9566125,126.98382
4,-9,35.87971725845848,127.03375935427441,466,87,24,23660.7,0.6587982832618026,1,1000,35.9566125,126.98382
4,-8,35.88876375746336,127.03375935427441,261,60,6,7526.8,0.5440613026819924,1,1000,35.9566125,126.98382
4,-7,35.89781025646825,127.03375935427441,168,47,2,6603.6,0.5654761904761905,1,1000,35.9566125,126.98382
4,-6,35.90685675547313,127.03375935427441,173,41,3,6188.9,0.4624277456647399,1,1000,35.9566125,126.98382
4,-5,35.91590325447802,127.03375935427441,432,114,4,12773.2,0.41203703703703703,1,1000,35.9566125,126.98382
4,-4,35.9249497534829,127.03375935427441,252,55,2,8463.7,0.4365079365079365,1,1000,35.9566125,126.98382
4,-3,35.93399625248779,127.03375935427441,162,26,5,9023.3,0.5802469135802469,1,1000,35.9566125,126.98382
4,-2,35.94304275149267,127.03375935427441,289,64,12,14697.2,0.5224913494809689,1,1000,35.9566125,126.98382
4,-1,35.95208925049756,127.03375935427441,335,54,6,15762.7,0.7432835820895523,1,1000,35.9566125,126.98382
4,0,35.96113574950244,127.03375935427441,74,6,1,1061.6,0.6081081081081081,1,1000,35.9566125,126.98382
4,1,35.97018224850733,127.03375935427441,343,42,26,40402.7,0.6997084548104956,1,1000,35.9566125,126.98382
4,2,35.97922874751221,127.03375935427441,167,8,11,9407.9,0.46706586826347307,1,1000,35.9566125,126.98382
4,3,35.9882752465171,127.03375935427441,178,17,2,7560.4,0.7191011235955056,1,1000,35.9566125,126.98382
4,4,35.99732174552198,127.03375935427441,136,17,1,8028.7,0.5367647058823529,1,1000,35.9566125,126.98382
4,5,36.00636824452687,127.03375935427441,472,82,27,18075.2,0.5233050847457628,1,1000,35.9566125,126.98382
4,6,36.01541474353175,127.03375935427441,102,9,6,23729.4,0.5490196078431373,1,1000,35.9566125,126.98382
4,7,36.02446124253664,127.03375935427441,19,1,0,157.8,0.3157894736842105,1,1000,35.9566125,126.98382
4,8,36.03350774154152,127.03375935427441,65,7,2,1600.1,0.4,1,1000,35.9566125,126.98382
4,9,36.04255424054641,127.03375935427441,44,6,0,787.1,0.4090909090909091,1,1000,35.9566125,126.98382
4,10,36.05160073955129,127.03375935427441,280,39,7,7902.8,0.3392857142857143,1,1000,35.9566125,126.98382
4,11,36.06064723855618,127.03375935427441,129,5,5,8934.4,0.5581395348837209,1,1000,35.9566125,126.98382
4,12,36.06969373756106,127.03375935427441,205,17,8,57516.9,0.5317073170731708,1,1000,35.9566125,126.98382
4,13,36.07874023656595,127.03375935427441,312,30,12,52013.3,0.4967948717948718,1,1000,35.9566125,126.98382
4,14,36.08778673557083,127.03375935427441,180,19,3,7232.6,0.48333333333333334,1,1000,35.9566125,126.98382
4,15,36.09683323457572,127.03375935427441,297,55,2,9044.2,0.45454545454545453,1,1000,35.9566125,126.98382
4,16,36.1058797335806,127.03375935427441,148,32,1,6055.0,0.38513513513513514,1,1000,35.9566125,126.98382
4,17,36.11492623258549,127.03375935427441,163,12,1,52899.7,0.558282208588957,1,1000,35.9566125,126.98382
4,18,36.12397273159037,127.03375935427441,58,8,1,2174.6,0.603448275862069,1,1000,35.9566125,126.98382
4,19,36.13301923059526,127.03375935427441,41,6,0,865.1,0.4146341463414634,1,1000,35.9566125,126.98382
4,20,36.14206572960014,127.03375935427441,148,18,5,3789.9,0.36486486486486486,1,1000,35.9566125,126.98382
4,21,36.15111222860503,127.03375935427441,24,3,2,817.4,0.3333333333333333,1,1000,35.9566125,126.98382
4,22,36.16015872760991,127.03375935427441,22,5,1,1456.2,0.5454545454545454,1,1000,35.9566125,126.98382
5,-8,35.88876375746336,127.04485698855761,118,45,1,3518.7,0.5847457627118644,1,1000,35.9566125,126.98382
5,-7,35.89781025646825,127.04485698855761,337,94,8,19889.0,0.5875370919881305,1,1000,35.9566125,126.98382
5,-6,35.90685675547313,127.04485698855761,23,0,8,2491.2,1.0434782608695652,1,1000,35.9566125,126.98382
5,-5,35.91590325447802,127.04485698855761,87,20,2,2622.8,0.41379310344827586,1,1000,35.9566125,126.98382
5,-4,35.9249497534829,127.04485698855761,281,67,2,13445.8,0.5444839857651246,1,1000,35.9566125,126.98382
5,-3,35.93399625248779,127.04485698855761,66,18,0,2107.2,0.5303030303030303,1,1000,35.9566125,126.98382
5,-2,35.94304275149267,127.04485698855761,216,47,3,10372.8,0.6759259259259259,1,1000,35.9566125,126.98382
5,-1,35.95208925049756,127.04485698855761,126,25,2,7554.8,0.47619047619047616,1,1000,35.9566125,126.98382
5,0,35.96113574950244,127.04485698855761,215,59,2,6385.3,0.4744186046511628,1,1000,35.9566125,126.98382
5,1,35.97018224850733,127.04485698855761,228,54,3,8184.2,0.4956140350877193,1,1000,35.9566125,126.98382
5,2,35.97922874751221,127.04485698855761,293,57,20,12218.6,0.5631399317406144,1,1000,35.9566125,126.98382
5,3,35.9882752465171,127.04485698855761,486,88,19,26890.5,0.7283950617283951,1,1000,35.9566125,126.98382
5,4,35.99732174552198,127.04485698855761,345,63,16,8992.4,0.5710144927536231,1,1000,35.9566125,126.98382
5,5,36.00636824452687,127.04485698855761,267,47,8,28201.5,0.5880149812734082,1,1000,35.9566125,126.98382
5,6,36.01541474353175,127.04485698855761,241,62,10,7465.0,0.4979253112033195,1,1000,35.9566125,126.98382
5,7,36.02446124253664,127.04485698855761,20,4,0,780.5,0.65,1,1000,35.9566125,126.98382
5,8,36.03350774154152,127.04485698855761,34,0,0,0.0,0.11764705882352941,1,1000,35.9566125,126.98382
5,9,36.04255424054641,127.04485698855761,173,16,9,2872.0,0.3179190751445087,1,1000,35.9566125,126.98382
5,10,36.05160073955129,127.04485698855761,152,28,6,7193.6,0.47368421052631576,1,1000,35.9566125,126.98382
5,11,36.06064723855618,127.04485698855761,258,34,4,15471.6,0.49224806201550386,1,1000,35.9566125,126.98382
5,12,36.06969373756106,127.04485698855761,291,41,10,21805.1,0.47766323024054985,1,1000,35.9566125,126.98382
5,13,36.07874023656595,127.04485698855761,119,8,1,160818.2,0.6134453781512605,1,1000,35.9566125,126.98382
5,14,36.08778673557083,127.04485698855761,155,23,4,3382.3,0.41935483870967744,1,1000,35.9566125,126.98382
5,15,36.09683323457572,127.04485698855761,404,65,8,13779.6,0.45544554455445546,1,1000,35.9566125,126.98382
5,16,36.1058797335806,127.04485698855761,218,28,3,3905.9,0.42660550458715596,1,1000,35.9566125,126.98382
5,17,36.11492623258549,127.04485698855761,419,89,16,12693.5,0.43675417661097854,1,1000,35.9566125,126.98382
5,18,36.12397273159037,127.04485698855761,327,46,2,4157.1,0.327217125382263,1,1000,35.9566125,126.98382
5,19,36.13301923059526,127.04485698855761,350,39,16,8356.9,0.3628571428571429,1,1000,35.9566125,126.98382
6,-8,35.88876375746336,127.05595462284082,65,18,1,2352.7,0.5538461538461539,1,1000,35.9566125,126.98382
6,-7,35.89781025646825,127.05595462284082,61,9,0,9141.8,0.7213114754098361,1,1000,35.9566125,126.98382
6,-6,35.90685675547313,127.05595462284082,212,47,9,13610.2,0.589622641509434,1,1000,35.9566125,126.98382
6,-5,35.91590325447802,127.05595462284082,32,3,0,1817.1,0.46875,1,1000,35.9566125,126.98382
6,-4,35.9249497534829,127.05595462284082,422,82,13,76910.7,0.7322274881516587,1,1000,35.9566125,126.98382
6,-3,35.93399625248779,127.05595462284082,434,51,12,31423.8,0.5921658986175116,1,1000,35.9566125,126.98382
6,-2,35.94304275149267,127.05595462284082,199,44,1,9480.8,0.46733668341708545,1,1000,35.9566125,126.98382
6,-1,35.95208925049756,127.05595462284082,283,54,1,29413.9,0.5441696113074205,1,1000,35.9566125,126.98382
6,0,35.96113574950244,127.05595462284082,199,38,5,12851.7,0.46733668341708545,1,1000,35.9566125,126.98382
6,1,35.97018224850733,127.05595462284082,233,47,3,11136.3,0.41201716738197425,1,1000,35.9566125,126.98382
6,2,35.97922874751221,127.05595462284082,166,43,7,18153.9,0.6506024096385542,1,1000,35.9566125,126.98382
6,3,35.9882752465171,127.05595462284082,922,161,111,80208.9,0.7418655097613883,1,1000,35.9566125,126.98382
6,4,35.99732174552198,127.05595462284082,615,107,26,54228.0,0.6666666666666666,1,1000,35.9566125,126.98382
6,5,36.00636824452687,127.05595462284082,207,42,6,11816.6,0.6376811594202898,1,1000,35.9566125,126.98382
6,6,36.01541474353175,127.05595462284082,191,47,1,3970.8,0.4712041884816754,1,1000,35.9566125,126.98382
6,7,36.02446124253664,127.05595462284082,7,0,0,339.5,1.1428571428571428,1,1000,35.9566125,126.98382
6,8,36.03350774154152,127.05595462284082,124,23,1,2830.7,0.28225806451612906,1,1000,35.9566125,126.98382
6,9,36.04255424054641,127.05595462284082,40,1,1,318.3,0.45,1,1000,35.9566125,126.98382
6,10,36.05160073955129,127.05595462284082,86,12,3,13090.5,0.5697674418604651,1,1000,35.9566125,126.98382
6,11,36.06064723855618,127.05595462284082,90,7,3,10940.1,0.6,1,1000,35.9566125,126.98382
6,12,36.06969373756106,127.05595462284082,140,21,2,8197.9,0.42142857142857143,1,1000,35.9566125,126.98382
6,13,36.07874023656595,127.05595462284082,313,27,5,10303.8,0.6006389776357828,1,1000,35.9566125,126.98382
6,14,36.08778673557083,127.05595462284082,338,78,8,11387.6,0.4970414201183432,1,1000,35.9566125,126.98382
6,15,36.09683323457572,127.05595462284082,212,47,3,8380.8,0.46226415094339623,1,1000,35.9566125,126.98382
6,16,36.1058797335806,127.05595462284082,14,0,0,301.4,0.5,1,1000,35.9566125,126.98382
7,-7,35.89781025646825,127.06705225712402,189,51,6,8924.6,0.5873015873015873,1,1000,35.9566125,126.98382
7,-6,35.90685675547313,127.06705225712402,1862,519,97,250979.4,0.864124597207304,2,1000,35.9566125,126.98382
7,-5,35.91590325447802,127.06705225712402,803,268,66,211566.9,1.2839352428393525,1,1000,35.9566125,126.98382
7,-4,35.9249497534829,127.06705225712402,436,51,6,31506.3,0.46788990825688076,1,1000,35.9566125,126.98382
7,-3,35.93399625248779,127.06705225712402,843,67,3,58842.3,0.36773428232502964,1,1000,35.9566125,126.98382
7,-2,35.94304275149267,127.06705225712402,204,24,0,15825.6,0.5735294117647058,1,1000,35.9566125,126.98382
7,-1,35.95208925049756,127.06705225712402,368,77,4,15887.7,0.453804347826087,1,1000,35.9566125,126.98382
7,0,35.96113574950244,127.06705225712402,205,37,0,7003.1,0.44390243902439025,1,1000,35.9566125,126.98382
7,1,35.97018224850733,127.06705225712402,359,100,4,13867.1,0.5153203342618384,1,1000,35.9566125,126.98382
7,2,35.97922874751221,127.06705225712402,106,21,3,4647.3,0.46226415094339623,1,1000,35.9566125,126.98382
7,3,35.9882752465171,127.06705225712402,166,24,11,6695.0,0.4759036144578313,1,1000,35.9566125,126.98382
7,4,35.99732174552198,127.06705225712402,219,31,11,17091.7,1.2557077625570776,1,1000,35.9566125,126.98382
7,5,36.00636824452687,127.06705225712402,63,14,0,1898.4,0.5873015873015873,1,1000,35.9566125,126.98382
7,6,36.01541474353175,127.06705225712402,16,2,0,67.3,0.1875,1,1000,35.9566125,126.98382
7,7,36.02446124253664,127.06705225712402,60,0,0,0.0,0.11666666666666667,1,1000,35.9566125,126.98382
7,8,36.03350774154152,127.06705225712402,1,0,0,0.0,0.0,1,1000,35.9566125,126.98382
7,9,36.04255424054641,127.06705225712402,21,4,0,2762.2,0.47619047619047616,1,1000,35.9566125,126.98382
7,10,36.05160073955129,127.06705225712402,200,43,3,6260.4,0.41,1,1000,35.9566125,126.98382
7,11,36.06064723855618,127.06705225712402,117,17,1,4747.7,0.717948717948718,1,1000,35.9566125,126.98382
7,12,36.06969373756106,127.06705225712402,274,56,4,10441.2,0.48175182481751827,1,1000,35.9566125,126.98382
7,13,36.07874023656595,127.06705225712402,323,64,4,13930.9,0.4613003095975232,1,1000,35.9566125,126.98382
8,-7,35.89781025646825,127.07814989140722,51,5,8,3905.4,1.0196078431372548,1,1000,35.9566125,126.98382
8,-6,35.90685675547313,127.07814989140722,434,65,95,80933.4,1.2027649769585254,1,1000,35.9566125,126.98382
8,-5,35.91590325447802,127.07814989140722,1270,302,123,193254.8,0.9433070866141732,2,1000,35.9566125,126.98382
8,-4,35.9249497534829,127.07814989140722,492,52,14,57903.4,0.6443089430894309,1,1000,35.9566125,126.98382
8,-3,35.93399625248779,127.07814989140722,880,38,17,68203.3,0.32045454545454544,1,1000,35.9566125,126.98382
8,-2,35.94304275149267,127.07814989140722,367,45,4,22921.1,0.3542234332425068,1,1000,35.9566125,126.98382
8,-1,35.95208925049756,127.07814989140722,243,33,2,17106.1,0.4773662551440329,1,1000,35.9566125,126.98382
8,0,35.96113574950244,127.07814989140722,207,48,2,12192.2,0.5748792270531401,1,1000,35.9566125,126.98382
8,1,35.97018224850733,127.07814989140722,212,19,1,39331.8,0.9150943396226415,1,1000,35.9566125,126.98382
8,2,35.97922874751221,127.07814989140722,294,45,7,10829.0,0.5476190476190477,1,1000,35.9566125,126.98382
8,3,35.9882752465171,127.07814989140722,256,52,5,24986.2,0.53515625,1,1000,35.9566125,126.98382
8,4,35.99732174552198,127.07814989140722,320,66,5,10239.3,0.475,1,1000,35.9566125,126.98382
8,5,36.00636824452687,127.07814989140722,190,34,4,4648.5,0.37894736842105264,1,1000,35.9566125,126.98382
8,6,36.01541474353175,127.07814989140722,96,20,0,2635.9,0.4375,1,1000,35.9566125,126.98382
8,7,36.02446124253664,127.07814989140722,183,33,1,3956.3,0.3333333333333333,1,1000,35.9566125,126.98382
8,8,36.03350774154152,127.07814989140722,22,3,0,264.9,0.3181818181818182,1,1000,35.9566125,126.98382
8,9,36.04255424054641,127.07814989140722,186,38,3,3959.8,0.3817204301075269,1,1000,35.9566125,126.98382
8,10,36.05160073955129,127.07814989140722,134,27,2,7972.8,0.5223880597014925,1,1000,35.9566125,126.98382
8,11,36.06064723855618,127.07814989140722,547,95,37,27284.1,0.48811700182815354,1,1000,35.9566125,126.98382
8,12,36.06969373756106,127.07814989140722,279,46,10,21653.6,0.43727598566308246,1,1000,35.9566125,126.98382
8,13,36.07874023656595,127.07814989140722,299,29,2,13686.4,0.41471571906354515,1,1000,35.9566125,126.98382
9,-7,35.89781025646825,127.08924752569042,111,34,6,7721.1,0.6756756756756757,1,1000,35.9566125,126.98382
9,-6,35.90685675547313,127.08924752569042,151,39,10,8083.7,0.6887417218543046,4,1000,35.9566125,126.98382
9,-5,35.91590325447802,127.08924752569042,319,56,22,35198.2,0.7617554858934169,1,1000,35.9566125,126.98382
9,-4,35.9249497534829,127.08924752569042,570,47,19,34242.0,0.5052631578947369,1,1000,35.9566125,126.98382
9,-3,35.93399625248779,127.08924752569042,1376,67,8,91778.7,0.34156976744186046,2,1000,35.9566125,126.98382
9,-2,35.94304275149267,127.08924752569042,209,19,2,9431.5,0.3444976076555024,1,1000,35.9566125,126.98382
9,-1,35.95208925049756,127.08924752569042,227,28,4,17080.6,0.45374449339207046,1,1000,35.9566125,126.98382
9,0,35.96113574950244,127.08924752569042,273,60,12,13870.6,0.5567765567765568,1,1000,35.9566125,126.98382
9,1,35.97018224850733,127.08924752569042,478,86,19,23661.4,1.0564853556485356,1,1000,35.9566125,126.98382
9,2,35.97922874751221,127.08924752569042,254,59,5,14303.1,0.7244094488188977,1,1000,35.9566125,126.98382
9,3,35.9882752465171,127.08924752569042,347,26,5,126464.8,0.659942363112392,1,1000,35.9566125,126.98382
9,4,35.99732174552198,127.08924752569042,17,2,2,780.5,0.4117647058823529,1,1000,35.9566125,126.98382
9,5,36.00636824452687,127.08924752569042,58,8,2,12216.9,0.6724137931034483,1,1000,35.9566125,126.98382
9,6,36.01541474353175,127.08924752569042,41,6,0,2593.6,0.4634146341463415,1,1000,35.9566125,126.98382
9,7,36.02446124253664,127.08924752569042,155,24,6,8330.8,0.432258064516129,1,1000,35.9566125,126.98382
9,9,36.04255424054641,127.08924752569042,265,46,7,8546.7,0.4037735849056604,1,1000,35.9566125,126.98382
9,10,36.05160073955129,127.08924752569042,199,26,7,8628.4,0.33668341708542715,1,1000,35.9566125,126.98382
9,11,36.06064723855618,127.08924752569042,722,126,42,27944.8,0.42105263157894735,1,1000,35.9566125,126.98382
9,12,36.06969373756106,127.08924752569042,159,22,1,5303.8,0.32075471698113206,1,1000,35.9566125,126.98382
9,13,36.07874023656595,127.08924752569042,275,40,3,21535.5,0.45454545454545453,1,1000,35.9566125,126.98382
10,-6,35.90685675547313,127.10034515997363,92,15,12,11444.7,0.8586956521739131,1,1000,35.9566125,126.98382
10,-5,35.91590325447802,127.10034515997363,238,43,7,6015.9,0.46218487394957986,1,1000,35.9566125,126.98382
10,-4,35.9249497534829,127.10034515997363,238,46,10,8081.5,0.47478991596638653,1,1000,35.9566125,126.98382
10,-3,35.93399625248779,127.10034515997363,271,35,9,7021.5,0.4354243542435424,1,1000,35.9566125,126.98382
10,-2,35.94304275149267,127.10034515997363,180,28,4,10500.5,0.6055555555555555,1,1000,35.9566125,126.98382
10,-1,35.95208925049756,127.10034515997363,179,10,12,14501.8,0.7039106145251397,1,1000,35.9566125,126.98382
10,0,35.96113574950244,127.10034515997363,148,24,2,6902.8,0.4864864864864865,1,1000,35.9566125,126.98382
10,1,35.97018224850733,127.10034515997363,114,15,0,13986.9,0.5789473684210527,1,1000,35.9566125,126.98382
10,2,35.97922874751221,127.10034515997363,39,5,1,2408.0,0.6666666666666666,1,1000,35.9566125,126.98382
10,3,35.9882752465171,127.10034515997363,192,19,11,71931.0,0.6875,1,1000,35.9566125,126.98382
10,4,35.99732174552198,127.10034515997363,85,14,7,2600.2,0.5647058823529412,1,1000,35.9566125,126.98382
10,5,36.00636824452687,127.10034515997363,168,25,4,4927.0,0.43452380952380953,1,1000,35.9566125,126.98382
10,6,36.01541474353175,127.10034515997363,131,31,2,4066.5,0.5038167938931297,1,1000,35.9566125,126.98382
10,7,36.02446124253664,127.10034515997363,69,5,2,1065.9,0.2753623188405797,1,1000,35.9566125,126.98382
11,-4,35.9249497534829,127.11144279425683,382,88,19,19058.4,0.7879581151832461,1,1000,35.9566125,126.98382
11,-3,35.93399625248779,127.11144279425683,276,77,10,17774.3,0.6594202898550725,1,1000,35.9566125,126.98382
11,-2,35.94304275149267,127.11144279425683,183,25,9,11185.3,0.5737704918032787,1,1000,35.9566125,126.98382
11,-1,35.95208925049756,127.11144279425683,250,50,15,14967.7,0.632,1,1000,35.9566125,126.98382
11,0,35.96113574950244,127.11144279425683,389,44,7,102128.2,0.7917737789203085,1,1000,35.9566125,126.98382
11,1,35.97018224850733,127.11144279425683,339,33,2,113882.6,0.9793510324483776,1,1000,35.9566125,126.98382
11,2,35.97922874751221,127.11144279425683,310,46,5,56440.8,0.5935483870967742,1,1000,35.9566125,126.98382
11,3,35.9882752465171,127.11144279425683,210,56,12,11583.7,0.6047619047619047,1,1000,35.9566125,126.98382
11,4,35.99732174552198,127.11144279425683,190,40,4,4887.2,0.3684210526315789,1,1000,35.9566125,126.98382
11,5,36.00636824452687,127.11144279425683,27,6,0,591.6,0.37037037037037035,1,1000,35.9566125,126.98382
11,6,36.01541474353175,127.11144279425683,66,20,2,1500.4,0.5757575757575758,1,1000,35.9566125,126.98382
11,7,36.02446124253664,127.11144279425683,77,22,1,1791.1,0.44155844155844154,1,1000,35.9566125,126.98382
12,-3,35.93399625248779,127.12254042854005,324,45,18,135166.1,0.7345679012345679,1,1000,35.9566125,126.98382
12,-2,35.94304275149267,127.12254042854005,286,2,4,382125.3,1.132867132867133,1,1000,35.9566125,126.98382
12,-1,35.95208925049756,127.12254042854005,264,4,14,263283.3,1.2613636363636365,1,1000,35.9566125,126.98382
12,0,35.96113574950244,127.12254042854005,717,213,115,674065.1,2.917712691771269,1,1000,35.9566125,126.98382
12,1,35.97018224850733,127.12254042854005,303,11,7,230451.8,1.0297029702970297,1,1000,35.9566125,126.98382
12,2,35.97922874751221,127.12254042854005,257,38,13,30741.3,0.6108949416342413,1,1000,35.9566125,126.98382
12,3,35.9882752465171,127.12254042854005,183,39,9,23697.1,0.7213114754098361,1,1000,35.9566125,126.98382
12,4,35.99732174552198,127.12254042854005,159,40,11,23670.4,0.8805031446540881,1,1000,35.9566125,126.98382
12,5,36.00636824452687,127.12254042854005,43,11,0,1800.1,0.3953488372093023,1,1000,35.9566125,126.98382
12,6,36.01541474353175,127.12254042854005,66,12,0,8733.6,0.6363636363636364,1,1000,35.9566125,126.98382
12,7,36.02446124253664,127.12254042854005,99,15,2,8622.5,0.6464646464646465,1,1000,35.9566125,126.98382
